codigo_unico,region,pais,codigo_pais,nombre_subnacional,nombre_nivel,nivel_gobierno,codigo_nivel,gob_regional,gob_local,poblacion,poblacion_anio,urbano,analfabetismo,fin_secundaria_adultos,participacion_mujeres,participacion_hombres,agua_mejorada,saneamiento_mejorado,electricidad,desempleo_adulto,desempleo_adulto_mujer,desempleo_adulto_hombre,recoleccion_residuos,empleo_publico_categoria,etnia_indigena,etnia_afro,tics_computadora,tics_celular,tiene_ods,hogares
ARG020072007,América del Sur,Argentina,ARG,Comuna 1,Comuna,Local,2,Ciudad Autónoma de Buenos Aires,Comuna 1,221001,2022,1,0.00530479718296977,0.7231923601637108,0.762127665760514,0.8677540224818162,0.9910450571304176,0.9632976783045624,0.9989291724032432,0.0529178754742245,0.0684583985045588,0.03813636198700969,0.957565572999906,0.19140929693264463,0.00744183794514247,0.0250175515045876,0.6099834080559183,0.8718772431484685,1,85538
ARG020142014,América del Sur,Argentina,ARG,Comuna 2,Comuna,Local,2,Ciudad Autónoma de Buenos Aires,Comuna 2,160609,2022,0.9999999998638048,0.0023418536946479,0.9082535825854118,0.7555456813753973,0.847020830659994,0.9987318988791622,0.9951184924595708,0.999986364504077,0.04635208494899481,0.05145894593983262,0.04065143289988637,0.9896236705754022,0.23716058335347676,0.00482025265208782,0.01139274937849104,0.7971583626496496,0.8922795822084049,1,73478
ARG020212021,América del Sur,Argentina,ARG,Comuna 3,Comuna,Local,2,Ciudad Autónoma de Buenos Aires,Comuna 3,193537,2022,0.9999999999221028,0.00419105741686386,0.7727981803725807,0.7801960433798117,0.8741196142348033,0.9974024701039012,0.986252695549892,0.9997059400117624,0.04784541953575921,0.05747236171309644,0.03810333500792209,0.989465948064674,0.2171881020745547,0.00601104761703006,0.02310148872729969,0.6355126445794942,0.8608238580670456,1,81860
ARG020282028,América del Sur,Argentina,ARG,Comuna 4,Comuna,Local,2,Ciudad Autónoma de Buenos Aires,Comuna 4,227024,2022,0.9999999999923688,0.00897718996034544,0.5942109709341725,0.7120180795824478,0.873796822451583,0.995515051954994,0.965280765570201,0.9985006714384428,0.06677973288106848,0.08832420177593048,0.04786157470387206,0.9562996742671008,0.23337756984119845,0.00633001129705773,0.02257124692989878,0.5406839545768634,0.8639131171692677,1,76797
ARG020352035,América del Sur,Argentina,ARG,Comuna 5,Comuna,Local,2,Ciudad Autónoma de Buenos Aires,Comuna 5,192449,2022,0.9999999999951312,0.00419085726240912,0.8302716363978152,0.7818713267475303,0.8970363526527131,0.997924369202828,0.9922293572030876,1,0.04520038205913957,0.05185821954778993,0.0386039970685523,0.98822217033751,0.25402145674325943,0.00657262301312289,0.02237262748429501,0.6931569047155737,0.8708309009534929,1,77230
ARG020422042,América del Sur,Argentina,ARG,Comuna 6,Comuna,Local,2,Ciudad Autónoma de Buenos Aires,Comuna 6,201764,2022,0.999999999861312,0.00291689489279421,0.8756235949041858,0.7766796540910387,0.8889646655484489,0.9993113677296324,0.9907961648479712,0.9997483843627504,0.04166880853732509,0.04943105346873853,0.0337763586224056,0.983066555454052,0.26513189047658836,0.00567348579646794,0.01195282287060262,0.7544628668291132,0.8784564042801144,1,75618
ARG020492049,América del Sur,Argentina,ARG,Comuna 7,Comuna,Local,2,Ciudad Autónoma de Buenos Aires,Comuna 7,213262,2022,0.9999999999798792,0.00876782009236329,0.7330993382326058,0.7300645981150058,0.8710542208605223,0.996593262502604,0.9862750143989804,0.9990686616913592,0.05381189461618557,0.0670147954743255,0.04149826667794031,0.9698692578206368,0.2308749911866319,0.00609537631238803,0.03491689153949069,0.6280896535666581,0.8635221744298617,1,81728
ARG020562056,América del Sur,Argentina,ARG,Comuna 8,Comuna,Local,2,Ciudad Autónoma de Buenos Aires,Comuna 8,203888,2022,1,0.0125277920301009,0.477980001603537,0.6404367049209111,0.8443726905411472,0.9948564962452422,0.9557830127215992,0.9980111785481602,0.07051951698960966,0.09445718273352607,0.050878305147134,0.9251249914389426,0.26432550457688325,0.00441980113560632,0.03682989896835764,0.4443644343860371,0.843963241093166,1,58427
ARG020632063,América del Sur,Argentina,ARG,Comuna 9,Comuna,Local,2,Ciudad Autónoma de Buenos Aires,Comuna 9,167908,2022,0.999999999761252,0.00543952417439858,0.6967734676784219,0.6907670216138597,0.8668644284226863,0.9991345508495532,0.9883252675827476,0.9993994842629552,0.06040632276664162,0.07688777300828811,0.04657118252277568,0.971200028252578,0.22005547037847337,0.00494905924678033,0.02673849590560996,0.6084284149916988,0.8485640608993607,1,56703
ARG020702070,América del Sur,Argentina,ARG,Comuna 10,Comuna,Local,2,Ciudad Autónoma de Buenos Aires,Comuna 10,171896,2022,1,0.00640937434367282,0.7810571793433505,0.7212479752095218,0.8905217323691781,0.998676946195812,0.9950834667276468,0.99936297409428,0.05175394118189361,0.06930475539498096,0.0360604208504322,0.9901411899126744,0.221987926196752,0.00384828817525997,0.02688976282963785,0.6564306948482571,0.857110189147692,1,61350
ARG020772077,América del Sur,Argentina,ARG,Comuna 11,Comuna,Local,2,Ciudad Autónoma de Buenos Aires,Comuna 11,201905,2022,0.9999999999298272,0.0040403913461478,0.822312111008017,0.735359320155182,0.8806352811618143,0.9994661271741268,0.993734018938436,0.9997330635870634,0.04766284299358229,0.05759326717749026,0.0383946540573282,0.9959116580966028,0.22467744760347944,0.00358895867419644,0.01911120494009605,0.7105706819522887,0.8751299558852454,1,71256
ARG020842084,América del Sur,Argentina,ARG,Comuna 12,Comuna,Local,2,Ciudad Autónoma de Buenos Aires,Comuna 12,235364,2022,0.9999999999882478,0.00429268756725904,0.8383062540053531,0.7630222911194362,0.891212343635313,0.9997570767381798,0.9963689365075306,0.999859360216841,0.04899025638234174,0.05942549709362479,0.03926963043440167,0.9886123998312948,0.21683427114584808,0.0050445341695805,0.01530893388504273,0.7398036157209706,0.8796634873552049,1,78323
ARG020912091,América del Sur,Argentina,ARG,Comuna 13,Comuna,Local,2,Ciudad Autónoma de Buenos Aires,Comuna 13,262330,2022,1,0.00235934481648422,0.9056063793356488,0.7724789890634609,0.8869245975713076,0.9996130069361064,0.9962491441499548,1,0.04118982313439894,0.04782717282717282,0.03442017448895115,0.988500501056684,0.22794936243960107,0.00559313103043181,0.01188594331718019,0.7874217331335523,0.8966728519404229,1,100899
ARG020982098,América del Sur,Argentina,ARG,Comuna 14,Comuna,Local,2,Ciudad Autónoma de Buenos Aires,Comuna 14,247252,2022,0.9999999999277576,0.00225447085944085,0.8988769611890999,0.7726050220159467,0.8704453441295547,0.9977418287293892,0.9964862076349548,0.9999415990188636,0.046141512279532,0.05298666091617633,0.03886341303635768,0.9866884633348902,0.23836949096648055,0.00516498265788412,0.01481721011202608,0.8025365492806946,0.9037454495902196,1,102923
ARG021052105,América del Sur,Argentina,ARG,Comuna 15,Comuna,Local,2,Ciudad Autónoma de Buenos Aires,Comuna 15,195265,2022,1,0.00306306540163796,0.7951122594990787,0.7823153574704246,0.8837011306361531,0.9981711928497766,0.990979718116191,0.9996974905465796,0.04782727788538671,0.05707018519990461,0.03886469613472581,0.9834943583964376,0.235141393586415,0.00551312583832909,0.01820371739070926,0.7233001031282228,0.8667033344792024,1,72839
ARG060070007,América del Sur,Argentina,ARG,Adolfo Alsina,Municipio,Local,2,Buenos Aires,Adolfo Alsina,17344,2022,0,0.01589670870960519,0.4002798270160264,0.6505144995322731,0.8805351422649331,0.8484848484848485,0.7316017316017316,0.9963123296456632,0.0603680981595092,0.08340523439746908,0.04322704900492189,0.8845598845598845,0.7333931777378815,0.00374882849109653,0.01780693533270853,0.3997113997113997,0.8613115279781947,1,6266
ARG060140014,América del Sur,Argentina,ARG,Adolfo Gonzales Chaves,Municipio,Local,2,Buenos Aires,Adolfo Gonzales Chaves,12847,2022,0,0.01242437337942956,0.4114147611080126,0.6215633423180593,0.8550215982721382,0.8532984043819958,0.7277923315075018,0.9983329364134318,0.04330348985930934,0.06374674761491761,0.02841806125670982,0.8952131459871397,0.7538222911588743,0.00215821366315265,0.00838382999916991,0.49249821386044296,0.886401524172422,1,4208
ARG060210021,América del Sur,Argentina,ARG,Alberti,Municipio,Local,2,Buenos Aires,Alberti,12906,2022,0,0.01115910727141828,0.4996871741397289,0.6261055199756023,0.8802263439170073,0.7876175548589341,0.8388192267502613,0.9984326018808776,0.03090871625798475,0.05065757428153921,0.01642857142857142,0.8594566353187043,0.7255591857250565,0.00131406044678055,0.00835366998310493,0.4367816091954023,0.8691222570532915,1,3835
ARG060280028,América del Sur,Argentina,ARG,Almirante Brown,Municipio,Local,2,Buenos Aires,Almirante Brown,583209,2022,0.9999999999683118,0.01417542270234074,0.42484597036726257,0.6086539045211988,0.8500883537787576,0.4964154739469261,0.6611763357612185,0.9980644832679672,0.07368348152622649,0.10421955465293392,0.05117202382145936,0.9567373809402536,0.4321129116570831,0.00395324822818163,0.02114608029832014,0.45620893393775785,0.8423954566291448,1,157142
ARG060350035,América del Sur,Argentina,ARG,Avellaneda,Municipio,Local,2,Buenos Aires,Avellaneda,366117,2022,0.9999999999305644,0.00941806617195781,0.5681199155828929,0.6764782790600377,0.8719509327112123,0.993609092438016,0.830888796438087,0.9993184212156888,0.06927693156862515,0.0909664867093582,0.05111607383672632,0.9619298773473036,0.4014346221296478,0.00815632568044848,0.015634905100917,0.5419967602878564,0.8261265966204314,1,113070
ARG060420042,América del Sur,Argentina,ARG,Ayacucho,Municipio,Local,2,Buenos Aires,Ayacucho,21757,2022,0,0.01492830485169907,0.3922428330522766,0.635450421257291,0.8731221423905944,0.8482847710635855,0.8118271853021387,0.995550452131477,0.03927068723702665,0.06527281998980113,0.02019824200486254,0.838237404908856,0.7180174146014735,0.00211437281801642,0.01126026454245955,0.3591215731304722,0.8643605569111525,1,6984
ARG060490049,América del Sur,Argentina,ARG,Azul,Municipio,Local,2,Buenos Aires,Azul,75152,2022,0,0.01467790704659684,0.4961472894647118,0.6111983511630189,0.8557929334428923,0.9057073082489148,0.8393180173661361,0.9938947178002896,0.05199354373433153,0.07482938578883983,0.03492558809409506,0.9223950795947902,0.3658768631359579,0.00189686558259778,0.01612335745208119,0.46526772793053545,0.8744120839363242,1,22167
ARG060560056,América del Sur,Argentina,ARG,Bahía Blanca,Municipio,Local,2,Buenos Aires,Bahía Blanca,334505,2022,0.9642230116544206,0.00900972731621751,0.595776542199914,0.6241349223660989,0.8270021927534719,0.9895482963723088,0.902143549398552,0.9991353590635276,0.06645046464674888,0.08535481103750656,0.05142546905381177,0.9729544871612186,0.2893611848370039,0.00261726265507861,0.03294632787102766,0.5746726716454782,0.9039013359177546,1,105440
ARG060630063,América del Sur,Argentina,ARG,Balcarce,Municipio,Local,2,Buenos Aires,Balcarce,48516,2022,0,0.01602262016965127,0.4328292034090349,0.5922274199352285,0.8638483965014577,0.8932744565217392,0.8086277173913043,0.9922554347826088,0.05756685424032667,0.08773848584275125,0.03661829227134661,0.8916513823789145,0.585214281526646,0.00244164023458001,0.01316660201264176,0.42459239130434784,0.8612771739130435,1,14746
ARG060700070,América del Sur,Argentina,ARG,Baradero,Municipio,Local,2,Buenos Aires,Baradero,39223,2022,0,0.02044881697698999,0.46519604546371646,0.5865905286994191,0.857466956007102,0.9221390168970814,0.7371351766513057,0.9956797235023042,0.05869906491024503,0.08862034239677745,0.03819164845277809,0.9090821812596006,0.5009771986970684,0.0033576508653582,0.01523152528921583,0.45746927803379417,0.8583909370199693,1,10444
ARG060770077,América del Sur,Argentina,ARG,Arrecifes,Municipio,Local,2,Buenos Aires,Arrecifes,32077,2022,0,0.01410894479704123,0.370480322752531,0.6022457352623624,0.8594052637575481,0.9414414414414414,0.7843075633773307,0.99643829876388,0.04938647968904809,0.07171029042667623,0.03287816518626541,0.9276136601717996,0.4830219007434198,0.00199697011430932,0.01308359730064729,0.3990152943641316,0.8784831342970878,1,9563
ARG060840084,América del Sur,Argentina,ARG,Benito Juárez,Municipio,Local,2,Buenos Aires,Benito Juárez,21185,2022,0,0.01047154471544715,0.4086034040568897,0.6178151260504202,0.8628472222222222,0.9040671971706454,0.7785145888594164,0.9973474801061007,0.05574832292389544,0.08949945593035909,0.03078470824949698,0.89272030651341,0.5619686069326357,0.00256929690202085,0.01655220119571125,0.4048040082522842,0.8719422340111995,1,6835
ARG060910091,América del Sur,Argentina,ARG,Berazategui,Municipio,Local,2,Buenos Aires,Berazategui,358328,2022,0.99833807558137,0.01102793744151851,0.45233441910966343,0.6056749720386853,0.8563739902517167,0.93636481019196,0.8033593010243608,0.9989670310751484,0.07898629326496401,0.10857825641662268,0.05723540884879039,0.9689937492603472,0.3928977272727273,0.0040894051998716,0.02151181452309819,0.4641258500473444,0.8559115950761814,1,92986
ARG060980098,América del Sur,Argentina,ARG,Berisso,Municipio,Local,2,Buenos Aires,Berisso,100685,2022,0.9825696762927536,0.01072534442267131,0.5452076981707317,0.6180473986042977,0.8442005824277292,0.9837534605857496,0.7946597697799795,0.9945723444557774,0.0675211828808718,0.09452207937395192,0.04720037019898195,0.9677619117004226,0.3838838838838839,0.00397744607283698,0.0178420095142318,0.47683228908640535,0.823801544514061,1,27476
ARG061050105,América del Sur,Argentina,ARG,Bolívar,Municipio,Local,2,Buenos Aires,Bolívar,37194,2022,0,0.01036834924965893,0.4525071341214839,0.6032993692382339,0.8774490203918432,0.8973504415930679,0.8205299116813864,0.9961673054490918,0.03414471490496832,0.05468875663503297,0.01959444064707222,0.9031908689494292,0.29743313588224735,0.00141341003769093,0.01351418369371156,0.4053491084819197,0.8689385102482919,1,12633
ARG061120112,América del Sur,Argentina,ARG,Bragado,Municipio,Local,2,Buenos Aires,Bragado,46227,2022,0,0.01349019607843137,0.45962833288446,0.6075583665183103,0.8573736068486513,0.8822335735777762,0.7511020922258764,0.9957315793156531,0.04538783497309344,0.06438761084693484,0.03146194423511681,0.9305905401623286,0.2391666063806699,0.0021047029223921,0.02053899748403329,0.4582604436358547,0.8634805122104822,1,14316
ARG061190119,América del Sur,Argentina,ARG,Brandsen,Municipio,Local,2,Buenos Aires,Brandsen,32350,2022,0.7340408141978917,0.01464643813323534,0.46641979464736577,0.6204290589956118,0.8769627085377821,0.6310667948101875,0.7143200384430562,0.9917107160019222,0.04796143475774164,0.0756385068762279,0.02825570009791579,0.8646083613647285,0.2073965118722421,0.00235142412864565,0.01528425683619676,0.4311629024507448,0.8820278712157616,1,8336
ARG061260126,América del Sur,Argentina,ARG,Campana,Municipio,Local,2,Buenos Aires,Campana,107976,2022,0.9030904669680055,0.01391048902712977,0.4924211201172322,0.5789029535864979,0.8594960915221257,0.91800717304073,0.6671993182060296,0.9979759241504208,0.06125932334167271,0.08653061224489796,0.0443420898551856,0.9500372856077554,0.22274209128229897,7.9341570751523e-4,0.01411222071767095,0.5143993466141117,0.8839529846241255,1,28201
ARG061340134,América del Sur,Argentina,ARG,Cañuelas,Municipio,Local,2,Buenos Aires,Cañuelas,70542,2022,0.9078928397995152,0.01888019069805239,0.4251573396836197,0.5845850775671017,0.870242214532872,0.33757836990595613,0.6584378265412748,0.996342737722048,0.05398642917726887,0.08203454085930918,0.03507526270945754,0.9090374820425754,0.21786926766179876,0.00362290911893933,0.01892391890850227,0.4029519331243469,0.8888453500522466,1,15333
ARG061400140,América del Sur,Argentina,ARG,Capitán Sarmiento,Municipio,Local,2,Buenos Aires,Capitán Sarmiento,15882,2022,0,0.01401355559626305,0.3944108761329305,0.6316944688323091,0.8817108487413677,0.8889126712328768,0.882277397260274,0.9950770547945206,0.03905792861322411,0.06011118832522585,0.02374936836786255,0.909888698630137,0.19442809495781832,0.00255278046088036,0.0128328963709121,0.4766695205479452,0.8852739726027398,1,4678
ARG061470147,América del Sur,Argentina,ARG,Carlos Casares,Municipio,Local,2,Buenos Aires,Carlos Casares,22905,2022,0,0.01149561507466224,0.3954,0.6268983644859814,0.8832464631422189,0.82983922829582,0.7864951768488746,0.9969131832797428,0.03433098591549296,0.05147915210808292,0.02191873208565166,0.8935048231511254,0.2804711038071761,0.00233844493411881,0.00840940774385034,0.46919614147909966,0.8668810289389067,1,7799
ARG061540154,América del Sur,Argentina,ARG,Carlos Tejedor,Municipio,Local,2,Buenos Aires,Carlos Tejedor,14007,2022,0,0.01725508003178567,0.3895951496186192,0.6102919919051749,0.8810672722111836,0.6262575452716298,0.6609657947686117,0.9969818913480886,0.02358581016299137,0.04026527711984841,0.01224226804123711,0.8556338028169014,0.3253135398003583,0.0017286084701815,0.01132238547968885,0.4202716297786721,0.8558853118712274,1,3985
ARG061610161,América del Sur,Argentina,ARG,Carmen de Areco,Municipio,Local,2,Buenos Aires,Carmen de Areco,17345,2022,0,0.01901312811226799,0.3698851928171916,0.6279322328410079,0.8786114704614058,0.774994601597927,0.6689699848844741,0.995249406175772,0.03588860178007465,0.05430646835005189,0.02282208588957055,0.8417530224525043,0.23907103825136616,0.00156547781105363,0.00857609583446773,0.4327359101705895,0.8985100410278557,1,4641
ARG061680168,América del Sur,Argentina,ARG,Castelli,Municipio,Local,2,Buenos Aires,Castelli,9551,2022,0,0.01670146137787056,0.40968443960826983,0.6037514654161782,0.8801452784503632,0.8151414920984932,0.8129364204336642,0.9930172730613744,0.04616210413311862,0.06796116504854369,0.0307198532783127,0.8522185551888523,0.28879610299234515,0.00390006093845216,0.01413772090188909,0.4119808893789048,0.8941565600882029,1,2738
ARG061750175,América del Sur,Argentina,ARG,Colón,Municipio,Local,2,Buenos Aires,Colón,27406,2022,0,0.01652412628022384,0.4155022409702082,0.5895341416719847,0.8720292504570384,0.8688804785740447,0.7376388719326089,0.9985349774142352,0.06258298663361954,0.09439272569820308,0.04058101227912548,0.9239409107557076,0.26961169627417075,0.00144636400160707,0.01124949779027722,0.3982419728970822,0.8753509949945062,1,8213
ARG061820182,América del Sur,Argentina,ARG,Coronel de Marina Leonardo Rosales,Municipio,Local,2,Buenos Aires,Coronel de Marina Leonardo Rosales,65823,2022,0.00579557963358449,0.00481726507803969,0.6524673284296222,0.563149701200221,0.8168854318586939,0.9766217680755536,0.9292976208907466,0.9956133560406668,0.07221779245927783,0.11753165685749956,0.0386166765853336,0.984724157506322,0.6049264073643215,0.00125628140703517,0.01760404587037753,0.5766630541363472,0.8978169995355318,1,19431
ARG061890189,América del Sur,Argentina,ARG,Coronel Dorrego,Municipio,Local,2,Buenos Aires,Coronel Dorrego,15795,2022,0,0.01157370197717408,0.43311466058185966,0.6102117061021171,0.8548488008342023,0.8846897521532783,0.8764281947618211,0.99630866584637,0.05100156272197755,0.07482993197278912,0.03391070992925103,0.8887717448603057,0.27898900250819986,0.00183254344391785,0.01396524486571879,0.3956758657057479,0.8451397433643875,1,5707
ARG061960196,América del Sur,Argentina,ARG,Coronel Pringles,Municipio,Local,2,Buenos Aires,Coronel Pringles,24110,2022,0,0.01346687036722684,0.3884800314002551,0.601082281115582,0.8660907127429806,0.8619241694454737,0.8009139187353341,0.99481289366432,0.05673141973518894,0.08010156971375808,0.0399002493765586,0.901704124475179,0.2980969579108209,0.00156979025857933,0.01111934766493699,0.3887859701123873,0.8705693466716068,1,8115
ARG062030203,América del Sur,Argentina,ARG,Coronel Suárez,Municipio,Local,2,Buenos Aires,Coronel Suárez,41713,2022,0,0.00941325172964342,0.43203453619659066,0.6765041578346649,0.89386675483551,0.8095308898966619,0.7035908110921121,0.9987361534458404,0.03097530347425701,0.03988912991082188,0.02413538006288145,0.9084894439488552,0.1777264156681467,0.0017223382045929,0.01424843423799582,0.44903724630139025,0.8879637201695041,1,13469
ARG062100210,América del Sur,Argentina,ARG,Chacabuco,Municipio,Local,2,Buenos Aires,Chacabuco,52409,2022,0,0.01600406113070428,0.4259102077283896,0.6231970358607913,0.8720417168070598,0.9053103782735208,0.8523884578079535,0.995756547041707,0.03436762676401193,0.05202250769720777,0.02161913523459061,0.8855480116391853,0.18479331984855557,0.00199166375787939,0.01016364495000307,0.42173860329776913,0.86475509214355,1,16515
ARG062180218,América del Sur,Argentina,ARG,Chascomús,Municipio,Local,2,Buenos Aires,Chascomús,42191,2022,0,0.0103764631445745,0.4633441675695197,0.6471916879987953,0.862454956681745,0.7927785370064016,0.7911961447169675,0.99712292311012,0.05563114134542706,0.0781758957654723,0.03840341363676771,0.8850607782492987,0.23177922314752905,0.00454147645291766,0.01606074224755777,0.4506221678774366,0.8980076242537581,1,13956
ARG062240224,América del Sur,Argentina,ARG,Chivilcoy,Municipio,Local,2,Buenos Aires,Chivilcoy,70554,2022,0,0.01622938606205827,0.44777770097463193,0.6381066506890354,0.8894923751827867,0.8386481330062687,0.6856545834468974,0.9955482874534388,0.06185428686434992,0.0988262910798122,0.0341122592766557,0.8925683655855364,0.2262370771855867,0.00115496870659112,0.00764776575986015,0.4471245571000272,0.8407831380030889,1,22050
ARG062310231,América del Sur,Argentina,ARG,Daireaux,Municipio,Local,2,Buenos Aires,Daireaux,18328,2022,0,0.01385902031063321,0.38766345264826313,0.6234341877047601,0.8765337423312883,0.7932104398612886,0.7868224128490602,0.996897244022632,0.03535288843345715,0.04945904173106646,0.02537182852143482,0.8906734805621463,0.29295383547379383,0.00118420273550831,0.01444727337320149,0.4163168461398065,0.9060047453914948,1,5491
ARG062380238,América del Sur,Argentina,ARG,Dolores,Municipio,Local,2,Buenos Aires,Dolores,31405,2022,0,0.01616447721834253,0.48652732309242,0.6141098484848485,0.8273673521198274,0.7471123944913372,0.6219458018658374,0.9950022212350068,0.04681359986331795,0.06727062451811873,0.03053083768027002,0.9351399378054198,0.4242865137101287,0.00188595518082982,0.012055321351971,0.46557085739671256,0.8582852065748556,1,9026
ARG062450245,América del Sur,Argentina,ARG,Ensenada,Municipio,Local,2,Buenos Aires,Ensenada,63978,2022,0.9953472814990996,0.00848827809215844,0.49411940969361,0.6345027608901779,0.8400289338971734,0.9977600367583712,0.8151168801332491,0.9968985124346678,0.06958032712575077,0.09212376933895922,0.05259323044313439,0.972605099931082,0.401796467282216,0.01119929453262786,0.02199294532627866,0.4799839182126242,0.8536557348802482,1,17437
ARG062520252,América del Sur,Argentina,ARG,Escobar,Municipio,Local,2,Buenos Aires,Escobar,256071,2022,0.9800765426927742,0.01432342235006812,0.4397426877073073,0.6279089986958412,0.8749541674610973,0.25110785326358576,0.633925299037084,0.9971678939126378,0.07041528706949286,0.10216468199021508,0.04735404059875622,0.9683137307166896,0.1420641756559069,0.00409488911040289,0.02304837584998198,0.4650484789924366,0.8872488588278412,1,60065
ARG062600260,América del Sur,Argentina,ARG,Esteban Echeverría,Municipio,Local,2,Buenos Aires,Esteban Echeverría,337880,2022,1,0.01382791720735893,0.427120673263143,0.5950850623656778,0.8616476683937824,0.5070298157142524,0.6585484882991332,0.9985591782668308,0.07522260610657004,0.10653953252890053,0.05290502591732913,0.9506286165787456,0.16454353275860714,0.00392869240629919,0.01970988117615021,0.44508610071808696,0.8527340754339895,1,86088
ARG062660266,América del Sur,Argentina,ARG,Exaltación de la Cruz,Municipio,Local,2,Buenos Aires,Exaltación de la Cruz,40036,2022,0.07249945833267615,0.01720964476348242,0.4219397021431166,0.6664885659328916,0.8983209928042549,0.5696077354136908,0.7346445445555434,0.995934512690913,0.04168069490270015,0.06573673240339907,0.02426282795449268,0.8331136014062843,0.14655048250036007,0.00385841301795,0.01644019459822177,0.4346775079661576,0.8942973299637402,1,9119
ARG062700270,América del Sur,Argentina,ARG,Ezeiza,Municipio,Local,2,Buenos Aires,Ezeiza,198620,2022,0.9999999999629,0.01490521987594954,0.3669211539760827,0.5998649170204554,0.870101796171835,0.1745001123343069,0.6603010559424848,0.9960682992585936,0.07838271785140856,0.12517291298053723,0.04553256843436625,0.9591103122893732,0.2147388002805648,0.00377174244736039,0.01782117790662191,0.3918669961806336,0.8614468658728376,1,44536
ARG062740274,América del Sur,Argentina,ARG,Florencio Varela,Municipio,Local,2,Buenos Aires,Florencio Varela,488103,2022,1,0.01930853962977666,0.3116250728554019,0.5519084421545113,0.8407246551050465,0.7701477501678979,0.5619631684988159,0.9973401435085362,0.08747539436068247,0.12491616814657833,0.06252737136575295,0.9007616724984978,0.18777228807165283,0.00353841930268736,0.02013238568770399,0.3635873599377894,0.8486621186949913,1,113223
ARG062770277,América del Sur,Argentina,ARG,Florentino Ameghino,Municipio,Local,2,Buenos Aires,Florentino Ameghino,10759,2022,0,0.01934795856185252,0.35572012257405516,0.5943293347873501,0.8854128774099672,0.8000669792364368,0.7829872739450771,0.9983255190890824,0.03317768493487343,0.05932721712538226,0.01561216105176663,0.892498325519089,0.2793883402357439,0.00135302739880482,0.00766715525989401,0.4547890154052244,0.8985264567983925,1,2992
ARG062800280,América del Sur,Argentina,ARG,General Alvarado,Municipio,Local,2,Buenos Aires,General Alvarado,45307,2022,0,0.014796297547463,0.47732022820990794,0.5881210551869235,0.8458652884294765,0.896559849198869,0.7748978950675464,0.9953660069117184,0.05902957220786678,0.08847000550357732,0.03794224894057357,0.9385014137606033,0.2400335391417029,0.00482396322675152,0.02053341415365964,0.43316054037071944,0.8779453345900095,1,12798
ARG062870287,América del Sur,Argentina,ARG,General Alvear,Municipio,Local,2,Buenos Aires,General Alvear,10150,2022,0,0.02102481617647059,0.3763768455589407,0.6047843665768194,0.8559892328398385,0.8434099153567111,0.7085852478839177,0.9960701330108828,0.03802719520626872,0.05905292479108635,0.02319182389937106,0.8509673518742442,0.44434602893416,1.7969451931716e-4,0.00925426774483378,0.40114873035066506,0.8993349455864571,1,3321
ARG062940294,América del Sur,Argentina,ARG,General Arenales,Municipio,Local,2,Buenos Aires,General Arenales,16231,2022,0,0.01538201487491548,0.4587507365939894,0.5830082358040746,0.8593231585932316,0.8248545147362494,0.6478318002628121,0.9979350478693448,0.0349809885931559,0.05613382899628252,0.02033462033462033,0.905012201989863,0.2506388415672913,0.00154331342682681,0.01107159632288801,0.4266941993617421,0.8554533508541393,1,5341
ARG063010301,América del Sur,Argentina,ARG,General Belgrano,Municipio,Local,2,Buenos Aires,General Belgrano,20674,2022,0,0.01054994388327721,0.4216393442622951,0.6208388188828287,0.8819444444444444,0.7380159786950732,0.6862516644474035,0.9961717709720372,0.04356662009399213,0.07270524083611027,0.02252843394575678,0.8968042609853528,0.26559893226559894,0.00241865822055859,0.01543334293118341,0.3934753661784288,0.8761651131824234,1,6027
ARG063080308,América del Sur,Argentina,ARG,General Guido,Municipio,Local,2,Buenos Aires,General Guido,3157,2022,0,0.01660516605166051,0.4075531077891424,0.5396634615384616,0.8642384105960265,0.7154228855721393,0.48955223880597015,0.9880597014925372,0.03003246753246753,0.05790645879732739,0.0140485312899106,0.7233830845771144,0.39169139465875374,3.5511363636363e-4,0.01136363636363636,0.309452736318408,0.8587064676616916,1,1011
ARG063150315,América del Sur,Argentina,ARG,General Juan Madariaga,Municipio,Local,2,Buenos Aires,General Juan Madariaga,22566,2022,0,0.01964310416378475,0.3672066192751427,0.59359162988393,0.8684075780849975,0.4222994314592546,0.7356285533796588,0.9932090966519268,0.05012042665443285,0.07518589920132195,0.03223270440251572,0.897662665824384,0.2289063705074811,0.00384868587633564,0.01433129082898668,0.3930827542640556,0.857706885660139,1,6342
ARG063220322,América del Sur,Argentina,ARG,General La Madrid,Municipio,Local,2,Buenos Aires,General La Madrid,11535,2022,0,0.01046610685164902,0.35613964686998395,0.6141893872764586,0.881660288489844,0.620863118877416,0.5499073338628542,0.9925867090283292,0.04440078585461689,0.06778042959427208,0.02804674457429048,0.8361133174477098,0.33515625,0.00259667995919502,0.01335435407586015,0.43420704262642307,0.9070691024622716,1,3791
ARG063290329,América del Sur,Argentina,ARG,General Las Heras,Municipio,Local,2,Buenos Aires,General Las Heras,17980,2022,0.8913105053150092,0.0112885462555066,0.47625349213350976,0.6395895681915349,0.8740038768037907,0.5412626589097177,0.6537384184443009,0.9961215255332904,0.0451063829787234,0.06350267379679145,0.03154263183834401,0.8448610213316096,0.3066104078762306,0.00208207401437302,0.01309691718718517,0.4376212023270847,0.8894634776987718,1,4643
ARG063360336,América del Sur,Argentina,ARG,General Lavalle,Municipio,Local,2,Buenos Aires,General Lavalle,4846,2022,0,0.02007434944237918,0.3311298076923077,0.5462713387241689,0.8774468085106383,0.48384353741496594,0.6632653061224489,0.9846938775510204,0.05125076266015863,0.0805921052631579,0.03394762366634336,0.7227891156462585,0.3667168674698795,0.0081081081081081,0.01,0.3358843537414966,0.923469387755102,1,1183
ARG063430343,América del Sur,Argentina,ARG,General Paz,Municipio,Local,2,Buenos Aires,General Paz,14141,2022,0,0.01631535072049541,0.4111561866125761,0.6210682492581603,0.8645049218297626,0.7123215230037018,0.712585933368588,0.9920676890534108,0.04075605434140578,0.06115623506927854,0.02645679839249832,0.8212585933368588,0.3289738430583501,0.00312444206391715,0.0166934475986431,0.35986250661025915,0.8741406663141195,1,3789
ARG063510351,América del Sur,Argentina,ARG,General Pinto,Municipio,Local,2,Buenos Aires,General Pinto,12842,2022,0,0.0157564269636299,0.3820801263074798,0.6318507890961262,0.876070816676185,0.8148148148148148,0.6833847736625513,0.9953703703703703,0.04022770398481973,0.06176203451407811,0.02477183833116036,0.882201646090535,0.2993583415597236,0.00186484326436373,0.01118905958618239,0.4212962962962963,0.8991769547325102,1,3888
ARG063570357,América del Sur,Argentina,ARG,General Pueyrredón,Municipio,Local,2,Buenos Aires,General Pueyrredón,660569,2022,0.9857739721572152,0.0100694050553281,0.5617429955864269,0.6561135911470963,0.8631837082844653,0.933431406843742,0.9149539741335108,0.9986055671891396,0.06723171323886461,0.0911799536858938,0.04762345907754638,0.9730124661038874,0.21570900432357917,0.00454955224701916,0.02484369512335258,0.5242827775568195,0.8596414726360531,1,209398
ARG063640364,América del Sur,Argentina,ARG,General Rodríguez,Municipio,Local,2,Buenos Aires,General Rodríguez,142315,2022,0.9571681968080704,0.01780141024159056,0.3766270734673809,0.5554124185652766,0.8580219120516284,0.3520471588402775,0.6036411757629225,0.9949071660584672,0.06138363454344275,0.10106030483764082,0.0352020290362078,0.8529895336247343,0.21915466317474175,0.00556052372107954,0.0198917704248928,0.3810402213578218,0.9049605004611622,1,24965
ARG063710371,América del Sur,Argentina,ARG,General San Martín,Municipio,Local,2,Buenos Aires,General San Martín,444503,2022,0.9999999999767608,0.01109584600422963,0.493316323978188,0.6872072228617766,0.8880668532219113,0.982293997470571,0.7743195611665307,0.998832571261796,0.05866192170818505,0.08250539956803456,0.03912461691198687,0.9340866571877572,0.16157330214269716,0.00233313167491377,0.01767202628147498,0.5086472045320183,0.8375403174508146,1,133710
ARG063850385,América del Sur,Argentina,ARG,General Viamonte,Municipio,Local,2,Buenos Aires,General Viamonte,22530,2022,0,0.02012899567651853,0.4308821699639169,0.5973427812223207,0.8482320942883046,0.5644288895959275,0.7112631244034363,0.9941139039134584,0.04248447204968944,0.06405693950177936,0.02693458743052586,0.9051861279032772,0.31770657672849917,0.00287642438322823,0.134749419183538,0.4225262488068724,0.8720967228762329,1,6304
ARG063920392,América del Sur,Argentina,ARG,General Villegas,Municipio,Local,2,Buenos Aires,General Villegas,35055,2022,0,0.0149364870784056,0.4010520329826557,0.6073449343439735,0.8762110904968048,0.4219686714368594,0.7015084122993618,0.9950686520982402,0.03403805496828752,0.05624890138864475,0.01917421479825902,0.8723651131309225,0.25046262028127314,0.00187921202695697,0.01163167444271643,0.44749564881067494,0.8907368013923805,1,10362
ARG063990399,América del Sur,Argentina,ARG,Guaminí,Municipio,Local,2,Buenos Aires,Guaminí,11662,2022,0,0.0128317613511735,0.4202710228327455,0.6531775434596752,0.8879216539717084,0.7909564393939394,0.7400568181818181,0.9964488636363636,0.03725701943844492,0.05453752181500872,0.02512254901960784,0.8484848484848485,0.3363733905579399,0.00270590224928124,0.01598173515981735,0.4346590909090909,0.8851799242424242,1,4250
ARG064060406,América del Sur,Argentina,ARG,Hipólito Yrigoyen,Municipio,Local,2,Buenos Aires,Hipólito Yrigoyen,10581,2022,0,0.0164569215876089,0.41853798375537504,0.6175559380378658,0.8632326820603907,0.8728376327769348,0.82701062215478,0.9915022761760244,0.03385416666666666,0.05741360089186176,0.01646090534979424,0.8813353566009104,0.32512647554806073,0.00260824204486176,0.01074595722483046,0.4206373292867982,0.907132018209408,1,3305
ARG064080408,América del Sur,Argentina,ARG,Hurlingham,Municipio,Local,2,Buenos Aires,Hurlingham,185361,2022,1,0.01054142652068647,0.5044522675502174,0.6549532340930049,0.8698282456018358,0.3482602448207497,0.770239546008476,0.999199694428782,0.07133949448836432,0.09679690249912004,0.05110320569190183,0.9677208168906508,0.2031295230130906,0.0029325351241495,0.02442122470619422,0.5252187198748614,0.8524527546881536,1,55022
ARG064100410,América del Sur,Argentina,ARG,Ituzaingó,Municipio,Local,2,Buenos Aires,Ituzaingó,177983,2022,0.9999999999283726,0.00763626922430777,0.5999338632438854,0.6810547292007686,0.8710093763049007,0.13596824099480417,0.8273687897717321,0.9988518496896104,0.06700883946392928,0.09148858352056012,0.04658967095227719,0.9758893126800032,0.22185908245397495,0.00557204324143931,0.02510697131142656,0.5713701909043143,0.8685659797224979,1,51442
ARG064120412,América del Sur,Argentina,ARG,José C. Paz,Municipio,Local,2,Buenos Aires,José C. Paz,326527,2022,0.9999999999411876,0.01790110356536502,0.33238716297853327,0.5745809958128739,0.8595344406739299,0.1782236073237242,0.6682759196393789,0.9985808893093662,0.07034877976484537,0.10218415069827866,0.04862303984041669,0.8762467830562705,0.23333941522601837,0.00283554230215989,0.01310358555263029,0.3663114252323446,0.8838416161166454,1,71912
ARG064130413,América del Sur,Argentina,ARG,Junín,Municipio,Local,2,Buenos Aires,Junín,100964,2022,0.9024024870046192,0.01076394291291248,0.5522210052330534,0.6491400491400492,0.8473794858554937,0.9381708887934735,0.9126069293523136,0.9966311061201572,0.05006149171670404,0.07159078620093003,0.03273122959738846,0.9663452011361384,0.2699988966126007,0.00130843608622372,0.02896300895946066,0.5246556792284572,0.8862172606268784,1,30346
ARG064200420,América del Sur,Argentina,ARG,La Costa,Municipio,Local,2,Buenos Aires,La Costa,100400,2022,0,0.01242118417813796,0.4812180126822674,0.5936249482544501,0.8522976975255565,0.26330953275710883,0.8695143847342268,0.9974946761868972,0.06335371406270326,0.10026344335967768,0.03665508351081717,0.9794589178356712,0.3041633518960488,0.00908482492488644,0.02192888774972589,0.4051108605787298,0.8738987014071569,1,24213
ARG064270427,América del Sur,Argentina,ARG,La Matanza,Municipio,Local,2,Buenos Aires,La Matanza,1837168,2022,1,0.01497650992020976,0.4003511926570123,0.5917154830224569,0.8494547713056209,0.7469820406682389,0.7717956858023979,0.9982766297804972,0.07861405402266028,0.11119992869034644,0.05493963721748358,0.941362713471508,0.19761030367973695,0.00382455144705757,0.02262470188429394,0.42735664693174136,0.8465334696637367,1,485284
ARG064340434,América del Sur,Argentina,ARG,Lanús,Municipio,Local,2,Buenos Aires,Lanús,460081,2022,1,0.01062401252933115,0.5369380683893149,0.6691768405595587,0.8727938935527665,0.995633978511931,0.6819578018322536,0.9992958029857956,0.06776478397191242,0.09061956870017768,0.04908457466648678,0.9700243426479168,0.2160604277496908,0.00537405752248096,0.01460199476989044,0.5271484715571473,0.8237227207489973,1,149205
ARG064410441,América del Sur,Argentina,ARG,La Plata,Municipio,Local,2,Buenos Aires,La Plata,756074,2022,0.9787899591405445,0.01082359504432566,0.6652378734741851,0.6935681484036085,0.8424592342070298,0.91816399721763,0.8628869797736164,0.998211333640478,0.05593943968876352,0.0742264938531696,0.039909845843274,0.9385768805184834,0.42339055043786816,0.00403372493633776,0.0213012469544536,0.600174349801711,0.8783616538840258,1,221792
ARG064480448,América del Sur,Argentina,ARG,Laprida,Municipio,Local,2,Buenos Aires,Laprida,11496,2022,0,0.01477045908183632,0.4015374180420529,0.6298092466860653,0.8708165997322623,0.866647465437788,0.6820276497695853,0.9971198156682026,0.03648351648351648,0.05544147843942505,0.02229054573405073,0.9029377880184332,0.35434782608695653,0.00127326150832517,0.0098922624877571,0.43922811059907835,0.8914170506912442,1,3482
ARG064550455,América del Sur,Argentina,ARG,Las Flores,Municipio,Local,2,Buenos Aires,Las Flores,27136,2022,0,0.01406837886471454,0.39752019537854594,0.5929239528263521,0.8509541718902354,0.8934615852916109,0.7385851698526725,0.9918422013880434,0.03395974434799199,0.05098308184727938,0.02177115730888852,0.8844655466277088,0.299291371404752,0.00196891625822127,0.01013782413807548,0.3582125897966638,0.8661877511262632,1,8230
ARG064620462,América del Sur,Argentina,ARG,Leandro N. Alem,Municipio,Local,2,Buenos Aires,Leandro N. Alem,17153,2022,0,0.02119888844779674,0.40789290196625294,0.6161315893777249,0.8522057328725351,0.6612484869444925,0.7248832785751339,0.9937748573404808,0.04163813176277222,0.06400771952396268,0.02504770992366412,0.8803389244336849,0.2909238249594814,0.00232156675992618,0.01303649026727781,0.40255922531558014,0.8689261628912329,1,5797
ARG064660466,América del Sur,Argentina,ARG,Lezama,Municipio,Local,2,Buenos Aires,Lezama,6170,2022,0,NA,NA,NA,NA,NA,NA,NA,NA,NA,NA,NA,NA,NA,NA,NA,NA,0,NA
ARG064690469,América del Sur,Argentina,ARG,Lincoln,Municipio,Local,2,Buenos Aires,Lincoln,45191,2022,0,0.01333457955572171,0.4557358234649695,0.6073709317534816,0.85484494625319,0.8145649779735682,0.7553001101321586,0.9958012114537445,0.03778762930124551,0.05548517861667089,0.0251492672335806,0.9130644273127754,0.2563660581368017,0.001650401836969,0.01260524301569077,0.4709526431718062,0.8760324889867841,1,14548
ARG064760476,América del Sur,Argentina,ARG,Lobería,Municipio,Local,2,Buenos Aires,Lobería,18106,2022,0,0.01622869053822675,0.3542011985209741,0.5958735566912738,0.8725987676694454,0.8176889190105049,0.7736360555743815,0.9962724500169434,0.03666959688559588,0.05781448538754765,0.02284527518172378,0.8197221280921722,0.3185250219490781,0.00279632483022313,0.01449523483421788,0.37563537783802103,0.8797017960013555,1,5920
ARG064830483,América del Sur,Argentina,ARG,Lobos,Municipio,Local,2,Buenos Aires,Lobos,41418,2022,0,0.01372686122253707,0.399520059069653,0.6034467363157425,0.8790418070862556,0.6065197038045791,0.7037194654864245,0.9955740914120352,0.04460966542750929,0.0744303048239124,0.02372811107657237,0.8568388799046728,0.23078330893118593,0.00218400973128386,0.01169412805484905,0.4029279087581922,0.8791386500978807,1,11769
ARG064900490,América del Sur,Argentina,ARG,Lomas de Zamora,Municipio,Local,2,Buenos Aires,Lomas de Zamora,685644,2022,0.9999999999757718,0.02017076068635848,0.4481941875734804,0.6386671107671509,0.8562780867174195,0.983375613682945,0.5915506384421059,0.9971718947775384,0.06339617564454011,0.08875748721134452,0.04358479714347337,0.924579955414114,0.2527031831433244,0.00245519233421772,0.01390031562122207,0.434596094672676,0.8346935424930754,1,188957
ARG064970497,América del Sur,Argentina,ARG,Luján,Municipio,Local,2,Buenos Aires,Luján,110111,2022,0.8820206309484702,0.02248793738604086,0.4765636277400862,0.6341276168541649,0.8580495356037152,0.4879453481604019,0.7363600159299084,0.9982232025242778,0.05824236140757456,0.08646861612963308,0.03637019664441638,0.9479827221762706,0.2371766510338318,0.00470674445477861,0.01702319551309151,0.4775296388199614,0.8698955365622032,1,32703
ARG065050505,América del Sur,Argentina,ARG,Magdalena,Municipio,Local,2,Buenos Aires,Magdalena,22653,2022,0,0.0203158747300216,0.4463667820069204,0.6166121899634686,0.872806189847141,0.7456140350877193,0.7680104516610675,0.9966405375139978,0.04673135852911134,0.08294356096039912,0.02162162162162162,0.8058977230309817,0.4242321970975363,0.00238329620226931,0.00849696906896015,0.44456886898096304,0.868234415826801,1,5375
ARG065110511,América del Sur,Argentina,ARG,Maipú,Municipio,Local,2,Buenos Aires,Maipú,11253,2022,0,0.01659163987138263,0.4447661469933185,0.6466257668711657,0.8521916411824668,0.9083260806498404,0.6263417464461851,0.9915868871482448,0.03856152512998267,0.05360531309297912,0.0259170653907496,0.8975921090803597,0.33119533527696793,0.01904201020808794,0.01266195524146054,0.4177545691906005,0.9013635044966638,1,3454
ARG065150515,América del Sur,Argentina,ARG,Malvinas Argentinas,Municipio,Local,2,Buenos Aires,Malvinas Argentinas,349401,2022,1,0.01477199743095696,0.3801397047150341,0.6099805327382366,0.8616469632180794,0.1180370613864034,0.6501008435198289,0.9993314241779304,0.07311202290947756,0.09806333094622784,0.05511704934598327,0.9747577141584048,0.1579633291389538,0.00308037743901873,0.01715238280803001,0.4408254682816487,0.8595990773653656,1,89807
ARG065180518,América del Sur,Argentina,ARG,Mar Chiquita,Municipio,Local,2,Buenos Aires,Mar Chiquita,32973,2022,0.436874045980285,0.0115346656797434,0.4693750647735517,0.5798816568047337,0.8590971272229823,0.5539002108222066,0.7486999297259311,0.9957835558678848,0.06174794173527549,0.09706959706959709,0.03786270346779901,0.8975404075895994,0.3053361276801548,0.00202077165280323,0.02457822266083932,0.41152494729444833,0.9065354884047786,1,7146
ARG065250525,América del Sur,Argentina,ARG,Marcos Paz,Municipio,Local,2,Buenos Aires,Marcos Paz,64761,2022,0.9948850043029188,0.01689233088177967,0.3568054773150756,0.5527144934561319,0.8425133854391039,0.865379366812227,0.6123089519650655,0.9970660480349344,0.06255479572155007,0.09537382153036617,0.04068663257852447,0.866966844044208,0.2887499241090401,0.00343293774570421,0.0192687473468559,0.3702237991266375,0.8577374454148472,1,14672
ARG065320532,América del Sur,Argentina,ARG,Mercedes,Municipio,Local,2,Buenos Aires,Mercedes,71002,2022,0,0.00983265772788691,0.5407397059337129,0.6314624823979079,0.8443993126074051,0.848634500469159,0.8048298681416367,0.9939256259568374,0.06735949393486497,0.09732398853137944,0.04415664508171446,0.9301200059262186,0.31550909639159713,0.0046920913772947,0.01962147303232329,0.49977776680329894,0.8813274729616277,1,20293
ARG065390539,América del Sur,Argentina,ARG,Merlo,Municipio,Local,2,Buenos Aires,Merlo,581484,2022,1,0.0148524848996677,0.361739045031183,0.5671982303031703,0.8539183226262251,0.47310206133735544,0.6896443955267485,0.9988449988449988,0.07484210657442894,0.10483386454588964,0.05419144043078303,0.9293497459308172,0.22905835297221772,0.00410547953518007,0.01938772414211596,0.3949424537659832,0.8508689685160273,1,147263
ARG065470547,América del Sur,Argentina,ARG,Monte,Municipio,Local,2,Buenos Aires,Monte,24616,2022,0,0.01235196740099325,0.4065391084945332,0.587739822180627,0.8801907105505998,0.7578563837862455,0.7768331562167907,0.9955973887961136,0.04003793067116215,0.06581740976645435,0.02306482614013629,0.844437699195629,0.2197753473248596,0.00270989825996006,0.00946087287249215,0.412327311370882,0.8862911795961743,1,6613
ARG065530553,América del Sur,Argentina,ARG,Monte Hermoso,Municipio,Local,2,Buenos Aires,Monte Hermoso,8444,2022,0,0.00704650694584256,0.4849799732977303,0.6512330145948666,0.8783196523418638,0.8451308451308451,0.897897897897898,0.9952809952809952,0.03919049148731127,0.06646058732612056,0.01979109400769653,0.9927069927069928,0.4271407110665999,0.00138482843514386,0.02831204800738575,0.45345345345345345,0.9064779064779064,1,2351
ARG065600560,América del Sur,Argentina,ARG,Moreno,Municipio,Local,2,Buenos Aires,Moreno,575758,2022,1,0.01754287144824133,0.36864390281887555,0.5793153458844134,0.8522929652715939,0.4616351390544939,0.665793883535819,0.9973655376881184,0.07909012809251233,0.1132944427387166,0.0554476296199556,0.9226579871741162,0.21865934158339523,0.00357915341974853,0.0210507245576321,0.3731349295865425,0.8991170120202379,1,124176
ARG065680568,América del Sur,Argentina,ARG,Morón,Municipio,Local,2,Buenos Aires,Morón,329517,2022,0.9999999999017322,0.00996904693904331,0.6125210541646088,0.6789600910484682,0.8727825253805879,0.8313165198052647,0.8960071764299129,0.999280488146743,0.0635535546016124,0.08730345639675834,0.04454325696923998,0.9887438932117736,0.2247628292003956,0.00263196282973248,0.01407541442551514,0.5743666894044871,0.8523785940551502,1,107128
ARG065740574,América del Sur,Argentina,ARG,Navarro,Municipio,Local,2,Buenos Aires,Navarro,19888,2022,0,0.01923537393247665,0.3315522308308843,0.5680643308443424,0.8603902254214814,0.797970306333396,0.5794023679759444,0.9939860928396916,0.03329338127580237,0.05426356589147287,0.01959489211800968,0.8389400488629957,0.2291208791208791,0.0011141081271256,0.00809194323912278,0.3835745160684082,0.8808494643863936,1,5330
ARG065810581,América del Sur,Argentina,ARG,Necochea,Municipio,Local,2,Buenos Aires,Necochea,101483,2022,0.8590635873206988,0.01049702794991779,0.4645740551096716,0.5837699897924464,0.8498314545652252,0.9491465718769014,0.8451019950683704,0.9971499023281136,0.06787675787503386,0.09791921664626684,0.04589268958457732,0.9491785954462484,0.2648566999244743,0.00273076590967964,0.02193247560659701,0.4619720114003907,0.8782143657732091,1,31358
ARG065880588,América del Sur,Argentina,ARG,9 de Julio,Municipio,Local,2,Buenos Aires,9 de Julio,52366,2022,0,0.01263796909492273,0.4541674541674542,0.6244356273087974,0.8780088306509044,0.8549178317390238,0.7819475104243316,0.9966274221241108,0.04427459570303398,0.07142857142857142,0.02417065455430286,0.9134167279862644,0.2559594965192321,0.00167637567578894,0.0142072838523113,0.4766372332597498,0.86822418444935,1,16344
ARG065950595,América del Sur,Argentina,ARG,Olavarría,Municipio,Local,2,Buenos Aires,Olavarría,122011,2022,0.7594387365172965,0.00924967049519864,0.45730836534786895,0.6056451612903225,0.8517243461979828,0.7455887158261627,0.7574610608866137,0.9971136041825508,0.05370490737731556,0.08127258892904698,0.03315132605304212,0.9527983449477352,0.24546889616463985,0.00311834431194227,0.02172955777024901,0.4741313582398431,0.8722361398540464,1,36838
ARG066020602,América del Sur,Argentina,ARG,Patagones,Municipio,Local,2,Buenos Aires,Patagones,37499,2022,0.5934634367288704,0.02551960010523546,0.43707693427469246,0.6282212445003142,0.8302637086647132,0.9249729942060296,0.7894530099184917,0.9903761170578416,0.05828727298829948,0.07970651992662998,0.04209730274766826,0.8995384464303251,0.4095631772986259,0.01314264905485483,0.06922236567682988,0.39860551900225866,0.8944318962977511,1,10207
ARG066090609,América del Sur,Argentina,ARG,Pehuajó,Municipio,Local,2,Buenos Aires,Pehuajó,44594,2022,0,0.01511965555221788,0.4593862815884476,0.640983740501675,0.8639764606977721,0.8625860195581311,0.7119884099963781,0.9960883737776168,0.04475223485266527,0.06653919694072657,0.02812104699815121,0.9227091633466136,0.3041831357048748,0.00201126307320997,0.01802594529364441,0.43737776168055054,0.8584570807678378,1,13831
ARG066160616,América del Sur,Argentina,ARG,Pellegrini,Municipio,Local,2,Buenos Aires,Pellegrini,7112,2022,0,0.0093354078684152,0.38697743248242694,0.643993417443774,0.8850452368281001,0.790952380952381,0.8247619047619048,0.9976190476190476,0.03101868170602749,0.0545144804088586,0.01443174984966927,0.8538095238095238,0.3145712782745923,1.6986580601324e-4,0.01307966706302021,0.4076190476190476,0.910952380952381,1,2100
ARG066230623,América del Sur,Argentina,ARG,Pergamino,Municipio,Local,2,Buenos Aires,Pergamino,114988,2022,0.852957051181058,0.01144215491864861,0.4715903231794089,0.6066160425940473,0.8550558213716108,0.9222802386963508,0.833457654349323,0.9976761533165022,0.06670723518549605,0.10268585131894484,0.03872267402820264,0.9445432637135645,0.23266808496268532,0.00163152370956969,0.00926438316954489,0.48680284599495066,0.8541714482442048,1,34904
ARG066300630,América del Sur,Argentina,ARG,Pila,Municipio,Local,2,Buenos Aires,Pila,4615,2022,0,0.01172590692561377,0.3966244725738397,0.5744125326370757,0.8736027515047291,0.654320987654321,0.7135802469135804,0.9909465020576133,0.03341288782816229,0.05757575757575758,0.01771653543307086,0.6666666666666666,0.4406158357771261,2.7472527472527e-4,0.01318681318681318,0.38765432098765434,0.931687242798354,1,1223
ARG066380638,América del Sur,Argentina,ARG,Pilar,Municipio,Local,2,Buenos Aires,Pilar,393614,2022,0.9686380741111394,0.01602156209020657,0.4344984391335181,0.6206502599362737,0.8618827907376935,0.2701818578334565,0.6424270327247174,0.9982553279135418,0.05994890636661117,0.08450561513130118,0.04180341165753647,0.9377438034550432,0.14769533882926322,0.00457933437180711,0.02005594358742441,0.4713401262464107,0.9009413959799848,1,82608
ARG066440644,América del Sur,Argentina,ARG,Pinamar,Municipio,Local,2,Buenos Aires,Pinamar,39224,2022,0,0.01553512609999508,0.5200228832951945,0.6555680259383964,0.8737792063295834,0.6840950639853748,0.8143814747105425,0.9991468616697136,0.06417849898580122,0.10062773444930569,0.03706847764572722,0.9729466244211552,0.19869247532367643,0.00301326571859037,0.0274868628964098,0.5692870201096892,0.867519804996953,1,8425
ARG066480648,América del Sur,Argentina,ARG,Presidente Perón,Municipio,Local,2,Buenos Aires,Presidente Perón,101994,2022,1,0.02437636520494135,0.3373446327683616,0.5401267367260991,0.8404580463751579,0.7113921687590423,0.6173052690530638,0.9956130116208524,0.07540687687425393,0.09837499089120456,0.06012412723041117,0.9598637233397116,0.2418853732319516,0.00702524156971011,0.02288749753500296,0.33868483688803847,0.8410416763896019,1,21430
ARG066510651,América del Sur,Argentina,ARG,Puán,Municipio,Local,2,Buenos Aires,Puán,16391,2022,0,0.012901220175643109,0.45804486291885904,0.6717224184500311,0.8776529338327091,0.8731036662452591,0.7520543615676359,0.9971554993678888,0.03301570259025634,0.05196412001237241,0.01849217638691323,0.8892225031605563,0.3772256728778468,0.0023502509051642,0.01829384488344026,0.4080278128950695,0.8506637168141593,1,6354
ARG066550655,América del Sur,Argentina,ARG,Punta Indio,Municipio,Local,2,Buenos Aires,Punta Indio,12161,2022,0,0.01191579504832516,0.48177203507152744,0.6239809782608695,0.871404399323181,0.7656021095810138,0.7878699091708175,0.9958980369176678,0.05167724388032638,0.08056614044637997,0.03106796116504854,0.8702021681804863,0.44650864830237025,0.00323624595469255,0.01951860841423948,0.42777615001464986,0.8485203633167302,1,3431
ARG066580658,América del Sur,Argentina,ARG,Quilmes,Municipio,Local,2,Buenos Aires,Quilmes,631774,2022,0.999999999997073,0.01378448389277273,0.48742853206585385,0.6175444434623004,0.8560663478682857,0.990446345388329,0.724299144575252,0.9986279325823664,0.0722491369557019,0.09649905698504647,0.05390445859872611,0.9470558682239244,0.2185521469940085,0.00382352134313617,0.01994917974322396,0.4795912029586968,0.8393551847773919,1,177246
ARG066650665,América del Sur,Argentina,ARG,Ramallo,Municipio,Local,2,Buenos Aires,Ramallo,39648,2022,0.21608810030023767,0.01962949331370384,0.4070138150903294,0.5454807138744963,0.8379839721927199,0.9408881482207626,0.793059503970199,0.9948044309381432,0.05771372876636034,0.08777484608619174,0.03802281368821293,0.9346142535045584,0.2497279113485703,0.00372253495551116,0.01038072755886447,0.4377021860601902,0.8766787569846094,1,10217
ARG066720672,América del Sur,Argentina,ARG,Rauch,Municipio,Local,2,Buenos Aires,Rauch,16491,2022,0,0.01377816291161178,0.3891442977903011,0.6507321274763135,0.8739186851211073,0.8505164319248826,0.8471361502347418,0.9962441314553993,0.03015715701543253,0.04798146922567836,0.01682751794110368,0.859718309859155,0.3260028507432295,0.00171323141802846,0.01489193463363205,0.36413145539906105,0.8835680751173709,1,5336
ARG066790679,América del Sur,Argentina,ARG,Rivadavia,Municipio,Local,2,Buenos Aires,Rivadavia,19735,2022,0,0.01631645972620184,0.36719357346462816,0.5773592158370171,0.8711633890828892,0.6638701440817071,0.7813240926500091,0.9959875980302756,0.03783574380165289,0.06258322237017311,0.02215189873417721,0.8635783330293635,0.2596153846153846,0.00268331097240856,0.02029983083474304,0.4198431515593653,0.8938537297100128,1,5489
ARG066860686,América del Sur,Argentina,ARG,Rojas,Municipio,Local,2,Buenos Aires,Rojas,25619,2022,0,0.01383049347200708,0.46863468634686345,0.6129385964912281,0.8555571167626809,0.9159800249687888,0.8009987515605492,0.9967540574282148,0.05548716977558943,0.08273703041144902,0.03547380522253243,0.9076270128573212,0.26099250671567936,0.00204848071013997,0.01318709457152611,0.4420724094881398,0.8775280898876404,1,8017
ARG066930693,América del Sur,Argentina,ARG,Roque Pérez,Municipio,Local,2,Buenos Aires,Roque Pérez,13901,2022,0,0.0172760996290408,0.34587270458192193,0.5838150289017341,0.8848920863309353,0.5157159487776485,0.7534342258440047,0.9923166472642608,0.02647370278856336,0.04815481548154815,0.01248548199767712,0.8499651081646895,0.2301547678482277,0.00223767282026692,0.00863102373531527,0.41722933643771826,0.9091967403958092,1,4305
ARG067000700,América del Sur,Argentina,ARG,Saavedra,Municipio,Local,2,Buenos Aires,Saavedra,21407,2022,0,0.00826797981640221,0.5137309590216692,0.6889707059388507,0.8767056530214425,0.925768967874231,0.8838004101161996,0.9994531784005468,0.04040820533965571,0.058317843866171,0.02612562534741523,0.9440874914559124,0.34165909778988796,0.00226516940575449,0.01869969637090944,0.47751196172248805,0.8822966507177034,1,7354
ARG067070707,América del Sur,Argentina,ARG,Saladillo,Municipio,Local,2,Buenos Aires,Saladillo,35423,2022,0,0.01718101131829655,0.4260796173864116,0.6228450448633935,0.8662228232601685,0.8542904903417533,0.7104383358098068,0.9959138187221396,0.03391933815925543,0.05325348009064422,0.0195748769064489,0.8794688457609806,0.27017716535433073,0.00295922499454879,0.00819238077438245,0.4270988112927191,0.8768573551263001,1,10787
ARG067140714,América del Sur,Argentina,ARG,Salto,Municipio,Local,2,Buenos Aires,Salto,39257,2022,0,0.01735870583920785,0.4218517012335638,0.5814416567104739,0.8747125287471252,0.9078491907568528,0.6849097202731781,0.9961642810365796,0.0427063339731286,0.07208904109589041,0.02309099222679469,0.9250701590271282,0.18767726161369191,0.0012250022968793,0.01690503169693443,0.441294789035457,0.8815604827392647,1,10707
ARG067210721,América del Sur,Argentina,ARG,Salliqueló,Municipio,Local,2,Buenos Aires,Salliqueló,9344,2022,0,0.01515151515151515,0.4225741578682755,0.6559259259259259,0.9042073628850488,0.8855154965211892,0.7539531941808981,0.9981024667931688,0.033748204882719,0.05138339920948617,0.02077274615704196,0.9512966476913346,0.29226461323066155,0.00347061545580749,0.01353540027764923,0.4743833017077798,0.8953194180898165,1,3178
ARG067280728,América del Sur,Argentina,ARG,San Andrés de Giles,Municipio,Local,2,Buenos Aires,San Andrés de Giles,26399,2022,0,0.01961242120009339,0.3917345750873108,0.6056518034649248,0.8744718549816001,0.5901976935749589,0.6025535420098846,0.9869577155409116,0.03370470929688232,0.05533411488862837,0.01932668329177057,0.8263555250514756,0.21423135464231352,0.00173709124071741,0.01055282928735831,0.413783635365184,0.8735584843492586,1,7297
ARG067350735,América del Sur,Argentina,ARG,San Antonio de Areco,Municipio,Local,2,Buenos Aires,San Antonio de Areco,26695,2022,0,0.01331815594763802,0.4560470324748041,0.6551345414607359,0.8715191618417425,0.7802809066889168,0.5983868724794883,0.999721874565429,0.03623580313683072,0.05678960603520536,0.02072129073078139,0.9207342511472674,0.2148792023520389,0.00328463998616993,0.0130953409974933,0.509386733416771,0.883882631066611,1,7221
ARG067420742,América del Sur,Argentina,ARG,San Cayetano,Municipio,Local,2,Buenos Aires,San Cayetano,8918,2022,0,0.01154313487241798,0.3846547314578005,0.5916030534351145,0.8506736526946108,0.8328267477203647,0.8135764944275582,0.9976359338061466,0.04106722469264975,0.06129032258064516,0.02727672679278486,0.8679500168861871,0.29745830023828435,0.00142874151684724,0.00952494344564829,0.4515366430260047,0.8885511651469098,1,2968
ARG067490749,América del Sur,Argentina,ARG,San Fernando,Municipio,Local,2,Buenos Aires,San Fernando,171099,2022,0.9886244106916182,0.01412996355111674,0.5080812479188546,0.6738674033149171,0.8641591124340414,0.9730686738699365,0.8740844158471934,0.9986038606288696,0.05955719557195572,0.08018365171763549,0.04267597128095014,0.9634597875569044,0.16791069100391134,0.0047294648108214,0.01628357184865712,0.5385658208894825,0.8510177653676501,1,49491
ARG067560756,América del Sur,Argentina,ARG,San Isidro,Municipio,Local,2,Buenos Aires,San Isidro,295978,2022,0.9999999999953532,0.00735004092781012,0.7437294314916474,0.7253696310710775,0.8695618914399992,0.9888861573761089,0.928062196546002,0.9997131911580932,0.06190827331024584,0.07010993569798797,0.05445451232232849,0.9886524241617336,0.1707441087317884,0.00264593506732321,0.01293681765863691,0.7014217524020241,0.8787822916026469,1,97737
ARG067600760,América del Sur,Argentina,ARG,San Miguel,Municipio,Local,2,Buenos Aires,San Miguel,327650,2022,1,0.01175501502083535,0.4949570357730514,0.6315243915606712,0.8531575373472159,0.4268949261878179,0.7625604763676963,0.9982260265475748,0.06300747723588775,0.09167692518123376,0.04076407773429727,0.975945912417814,0.2537745475749183,0.00301337911351601,0.01733417360250921,0.5120456519042302,0.88036223793574,1,80667
ARG067630763,América del Sur,Argentina,ARG,San Nicolás,Municipio,Local,2,Buenos Aires,San Nicolás,166657,2022,0.9285748158501096,0.01407842925724149,0.5285553177953849,0.558296198665244,0.8144940847164819,0.9829391667036428,0.8179881971868482,0.9978257975773172,0.07174810736407433,0.09529341227609985,0.0548783762014713,0.974087631724903,0.20918147366510087,0.00232441735290689,0.0122940422234869,0.4889958734525447,0.8620712605936903,1,45139
ARG067700770,América del Sur,Argentina,ARG,San Pedro,Municipio,Local,2,Buenos Aires,San Pedro,68353,2022,0,0.02192439702071026,0.3793275313422535,0.5889016581842063,0.8602925005498131,0.9309690363863132,0.8006073423350144,0.9882327422590964,0.07312178127840048,0.11244308149800204,0.04607912059819773,0.9258174719375304,0.24988972209969124,0.00265939426790432,0.0115014567382614,0.4015508920340546,0.837156336424272,1,18479
ARG067780778,América del Sur,Argentina,ARG,San Vicente,Municipio,Local,2,Buenos Aires,San Vicente,97929,2022,0.9984816101050812,0.01616132378126733,0.4102091483599158,0.5723515591627509,0.8401501142173393,0.5181701332086935,0.7089273194671653,0.9964360831970086,0.07303370786516854,0.10719283515253288,0.04932996698388036,0.8653891096050479,0.3338520535763908,0.004472241837318,0.01725007565822657,0.3698293993923814,0.8732180415985044,1,17121
ARG067840784,América del Sur,Argentina,ARG,Suipacha,Municipio,Local,2,Buenos Aires,Suipacha,11736,2022,0,0.01391676702796734,0.4072743601257297,0.5727243278263686,0.8687680926342876,0.7784019975031211,0.6410736579275905,0.9946941323345816,0.04206757663906914,0.07239819004524888,0.02221399481673454,0.8726591760299626,0.237878294825903,0.00446384287273088,0.01706179942466025,0.43913857677902624,0.8879525593008739,1,3212
ARG067910791,América del Sur,Argentina,ARG,Tandil,Municipio,Local,2,Buenos Aires,Tandil,144678,2022,0.8944961969261005,0.00699060993850756,0.5720507672938855,0.6553736584400811,0.8650537913829842,0.932267408179817,0.837863515235778,0.9982620785540494,0.06161462427455637,0.08101275375443363,0.04617140797260356,0.9169041825976132,0.2505690152243184,0.00277775534758278,0.01853990197107581,0.5201483026300544,0.8967674661105318,1,43356
ARG067980798,América del Sur,Argentina,ARG,Tapalqué,Municipio,Local,2,Buenos Aires,Tapalqué,10695,2022,0,0.0192817191639682,0.36081713019936007,0.5857755539671193,0.8559476173153874,0.7129307619348719,0.7024976288333861,0.9914638001896932,0.0343186372745491,0.04820012202562538,0.02464938376540586,0.8217446270543616,0.4320945945945946,0.00207016779254739,0.00991501416430594,0.39614290230793553,0.8887132469174834,1,3170
ARG068050805,América del Sur,Argentina,ARG,Tigre,Municipio,Local,2,Buenos Aires,Tigre,446291,2022,0.9905636800147668,0.01140003734116277,0.4909479422552748,0.6504761904761904,0.8702101777387308,0.6567594451710353,0.6470425700443937,0.999465802125739,0.06350010348245701,0.09024244981015957,0.04257756377897721,0.9829704538756264,0.15576190958701852,0.00445570992451596,0.01833031769185192,0.5304492788328697,0.8780002578886289,1,108630
ARG068120812,América del Sur,Argentina,ARG,Tordillo,Municipio,Local,2,Buenos Aires,Tordillo,2528,2022,0,0.0219198790627362,0.33462033462033464,0.5583941605839416,0.8401420959147424,0.474910394265233,0.6326164874551972,0.9695340501792116,0.03851091142490372,0.0588235294117647,0.02536997885835095,0.7598566308243727,0.555008210180624,0.00623582766439909,0.00453514739229024,0.33691756272401435,0.910394265232975,1,563
ARG068190819,América del Sur,Argentina,ARG,Tornquist,Municipio,Local,2,Buenos Aires,Tornquist,14591,2022,0,0.0118426334805299,0.47403910991233983,0.6428210313447927,0.873067331670823,0.8532393124724548,0.8223887174966946,0.996253856324372,0.04318332230311052,0.06527723161620133,0.02713510425592687,0.8631857237276933,0.34335522991409806,0.0041656841939794,0.0285310068380099,0.4649625385632437,0.8854120758043191,1,4565
ARG068260826,América del Sur,Argentina,ARG,Trenque Lauquen,Municipio,Local,2,Buenos Aires,Trenque Lauquen,49128,2022,0,0.01243184296619411,0.4715710596931801,0.6560315335415737,0.8852335887036202,0.8734761347200221,0.9029547489496522,0.9985536193952752,0.03775416120735672,0.05940369572610815,0.02155099270320719,0.9205179420070252,0.2871666318501497,0.00195253480858185,0.0286604216545408,0.4844686273159308,0.8923479578483366,1,14538
ARG068330833,América del Sur,Argentina,ARG,Tres Arroyos,Municipio,Local,2,Buenos Aires,Tres Arroyos,61889,2022,0,0.00894017477033385,0.4926316591142759,0.6137295081967213,0.8620886003871996,0.8826639000049404,0.7803468208092486,0.9981720270737612,0.04961036957024921,0.07104433314783899,0.03434610303830911,0.9412607449856734,0.23632327980154064,0.00236921415257042,0.01322230545441875,0.5137592016204733,0.8891853169309817,1,20301
ARG068400840,América del Sur,Argentina,ARG,Tres de Febrero,Municipio,Local,2,Buenos Aires,Tres de Febrero,362319,2022,1,0.01028430251852944,0.5604067739631046,0.6684141546526867,0.8648852614808397,0.9522114490636208,0.9086022933545844,0.9993181918802851,0.05926465622945284,0.08027372022634557,0.04206659556819528,0.9866220439675246,0.20545666135080384,0.00287111679984969,0.01605241989936412,0.5486695887014654,0.8463186788860849,1,113035
ARG068470847,América del Sur,Argentina,ARG,Tres Lomas,Municipio,Local,2,Buenos Aires,Tres Lomas,9090,2022,0,0.0125,0.4136567360928025,0.6237211064797271,0.8684815950920245,0.8873531444367657,0.7052522460262612,0.9961990324809952,0.03733060598312452,0.05164034021871203,0.02693156732891832,0.92573402417962,0.3091470474720185,0.00160919540229885,0.01206896551724138,0.43020041465100206,0.8928818244644091,1,2901
ARG068540854,América del Sur,Argentina,ARG,25 de Mayo,Municipio,Local,2,Buenos Aires,25 de Mayo,35411,2022,0,0.01919077675216169,0.3801139637620846,0.5804775792927451,0.8622021286615805,0.8386759020618557,0.6203286082474226,0.9943621134020618,0.04180892868646525,0.06798555503218716,0.02359624207996504,0.8683468878331588,0.266993887756992,0.00167401372691256,0.01699123932816249,0.3899806701030928,0.8734697164948454,1,12447
ARG068610861,América del Sur,Argentina,ARG,Vicente López,Municipio,Local,2,Buenos Aires,Vicente López,280541,2022,0.9999999999483572,0.00385314301277386,0.8032341460199351,0.749421859128142,0.8739338170235357,0.9986174324610712,0.982753226831902,0.9998788991936703,0.04441918998250005,0.05291997116077866,0.03646107533848999,0.9903369947852048,0.18836905039604865,0.00391188969510271,0.01933676025757604,0.7241424549151789,0.8713606684764509,1,99213
ARG068680868,América del Sur,Argentina,ARG,Villa Gesell,Municipio,Local,2,Buenos Aires,Villa Gesell,37325,2022,0,0.01060612514375772,0.5014225714672809,0.6194797338173019,0.8542268246539878,0.9038943512627724,0.7992095623674571,0.9988432620011568,0.0607213203830741,0.09733072916666669,0.03450285581070055,0.9773493975903614,0.2339546706206312,0.00529467381027418,0.02842735581468641,0.4836128783497205,0.8461538461538461,1,10508
ARG068750875,América del Sur,Argentina,ARG,Villarino,Municipio,Local,2,Buenos Aires,Villarino,32552,2022,0.00389063278796343,0.02747840028502716,0.2970467289719626,0.5409245122985581,0.8337083248107997,0.8405460060667341,0.6517694641051567,0.9887765419615774,0.09333031537649011,0.12073696589572716,0.07617762512266929,0.8419935301253538,0.2989149874806248,0.00364351583155994,0.03166311988134391,0.3254802831142568,0.901314459049545,1,9907
ARG068820882,América del Sur,Argentina,ARG,Zárate,Municipio,Local,2,Buenos Aires,Zárate,131415,2022,0.8142339710582263,0.01381241693563698,0.4685714285714286,0.5425645342312009,0.8526137530884762,0.955177788888562,0.7289197376547748,0.9964118702391106,0.05410697516433895,0.0849149299270828,0.03470955978119302,0.924443398723567,0.24723140712748648,0.00406251368033971,0.01013001794860569,0.5183376959501191,0.8736507749772066,1,34037
ARG10,América del Sur,Argentina,ARG,Catamarca,Provincia,Regional,1,Catamarca,NA,429562,2022,NA,0.02258692970692325,0.4908600072321907,0.5530276483162211,0.777789589312923,0.9457414432817776,0.7745653895860258,0.9769979572268312,0.071087346863053,0.0998780236665769,0.05038724373576309,0.8273932345401113,0.5038370666129416,0.00253022668654572,0.01884610780398089,0.3588089381748447,0.8428732229957894,1,96343
ARG100070007,América del Sur,Argentina,ARG,El Rodeo,Municipio,Local,2,Catamarca,El Rodeo,1221,2022,0,0.02402022756005057,0.4359504132231405,0.5993377483443708,0.8923512747875354,0.971153846153846,0.5897435897435898,0.9871794871794872,0.03427419354838709,0.05524861878453038,0.02222222222222222,0.9775641025641024,0.7287735849056604,0.00191021967526265,0.00573065902578796,0.266025641025641,0.8942307692307693,1,319
ARG100070014,América del Sur,Argentina,ARG,La Puerta,Municipio,Local,2,Catamarca,La Puerta,1245,2022,0,0.01390644753476612,0.4,0.4885245901639344,0.7742857142857142,0.9407894736842104,0.7828947368421053,0.9967105263157896,0.03333333333333333,0.0738255033557047,0.01107011070110701,0.9144736842105264,0.934375,0,0.00392541707556427,0.17105263157894737,0.8125,1,307
ARG100070021,América del Sur,Argentina,ARG,Las Juntas,Municipio,Local,2,Catamarca,Las Juntas,583,2022,0,0.01785714285714285,0.30198019801980197,0.5447154471544715,0.8098591549295775,0.8357142857142857,0.6571428571428571,0.9785714285714284,0.02747252747252747,0.05970149253731343,0.00869565217391304,0.7571428571428571,0.8342857142857143,0.00485436893203883,0.00728155339805825,0.15714285714285714,0.8785714285714286,1,147
ARG100070028,América del Sur,Argentina,ARG,Los Varela,Municipio,Local,2,Catamarca,Los Varela,2038,2022,0,0.01769285208775654,0.2651048088779285,0.4236983842010772,0.7495741056218058,0.7230483271375465,0.5390334572490707,0.9776951672862452,0.07100591715976332,0.11440677966101696,0.04772727272727273,0.5985130111524164,0.6089193825042882,0,0.00604534005037783,0.13011152416356878,0.8420074349442379,1,543
ARG100140035,América del Sur,Argentina,ARG,Ancasti,Municipio,Local,2,Catamarca,Ancasti,3282,2022,0,0.02528507684680218,0.1771004942339374,0.4371508379888268,0.7225806451612903,0.4312977099236641,0.3969465648854962,0.9402035623409668,0.05989847715736041,0.08306709265175719,0.04910714285714285,0.1613722998729352,0.8485273492286116,0.00548508741858073,0.00617072334590332,0.1183206106870229,0.7900763358778626,1,795
ARG100210042,América del Sur,Argentina,ARG,Aconquija,Municipio,Local,2,Catamarca,Aconquija,3142,2022,0,0.02935222672064777,0.23792160437556972,0.4859060402684563,0.7756482525366404,0.7609618104667609,0.43422913719943423,0.9476661951909476,0.07904761904761905,0.10773480662983426,0.06395348837209303,0.6548797736916548,0.6198156682027649,9.8522167487684e-4,0.01083743842364532,0.18528995756718528,0.8345120226308345,1,726
ARG100210049,América del Sur,Argentina,ARG,Andalgalá,Municipio,Local,2,Catamarca,Andalgalá,16403,2022,0,0.02330648981525343,0.44072568032530496,0.5451761102603369,0.7637900355871886,0.9894736842105264,0.731077694235589,0.9784461152882205,0.0961862976712791,0.12439807383627607,0.075713453698311,0.9000250563768479,0.5717329545454546,0.00331411148671041,0.02459070723139126,0.29172932330827067,0.83734335839599,1,4013
ARG100280056,América del Sur,Argentina,ARG,Antofagasta de la Sierra,Municipio,Local,2,Catamarca,Antofagasta de la Sierra,1822,2022,0,0.07091469681397738,0.24735729386892177,0.56656346749226,0.7424242424242424,0.8493150684931507,0.42465753424657526,0.8027397260273972,0.03271028037383177,0.03278688524590164,0.0326530612244898,0.5260273972602739,0.8567335243553009,0.00626740947075208,0.09818941504178272,0.136986301369863,0.536986301369863,1,383
ARG100350063,América del Sur,Argentina,ARG,Belén,Municipio,Local,2,Catamarca,Belén,16537,2022,0,0.02785255746531373,0.4885234669407331,0.5961538461538461,0.7728955813379412,0.9930958298812482,0.8348522507594587,0.9867439933719966,0.05636489767603191,0.07703984819734346,0.03896518684126477,0.940121412803532,0.6722288438617401,0.00177462289263531,0.01848565513161786,0.33057166528583265,0.7818282242474455,1,3637
ARG100350070,América del Sur,Argentina,ARG,Corral Quemado,Municipio,Local,2,Catamarca,Corral Quemado,1715,2022,0,0.09766022380467956,0.2074074074074074,0.3893805309734513,0.654292343387471,0.7864321608040201,0.28391959798994976,0.7964824120603016,0.12008733624454147,0.14204545454545456,0.10638297872340426,0.5703517587939698,0.7658402203856749,0.00233372228704784,0.02100350058343057,0.0678391959798995,0.6457286432160804,1,398
ARG100350077,América del Sur,Argentina,ARG,Hualfin,Municipio,Local,2,Catamarca,Hualfin,1459,2022,0,0.01259227095093356,0.313758389261745,0.4669811320754717,0.7396313364055299,0.9376693766937668,0.5718157181571816,0.948509485094851,0.0674373795761079,0.101010101010101,0.04672897196261682,0.7154471544715447,0.66,0,0.00792221822110191,0.2140921409214092,0.8401084010840109,1,390
ARG100350084,América del Sur,Argentina,ARG,Londres,Municipio,Local,2,Catamarca,Londres,3542,2022,0,0.03014098201263976,0.4149203688181056,0.5780346820809249,0.8337182448036952,0.9776902887139108,0.5616797900262467,0.958005249343832,0.05073649754500818,0.07,0.0373961218836565,0.7755905511811023,0.7534246575342466,0.00412512891027844,0.01718803712616019,0.17716535433070865,0.7690288713910761,1,768
ARG100350091,América del Sur,Argentina,ARG,Pozo de Piedra,Municipio,Local,2,Catamarca,Pozo de Piedra,2093,2022,0,0.04311774461028192,0.1459227467811159,0.35181236673773986,0.7347670250896058,0.8110403397027601,0.3248407643312102,0.8768577494692145,0.08,0.15151515151515152,0.05121951219512195,0,0.6959459459459459,0.00539665407447382,0.01187263896384241,0.05095541401273885,0.3524416135881104,1,471
ARG100350098,América del Sur,Argentina,ARG,Puerta de Corral Quemado,Municipio,Local,2,Catamarca,Puerta de Corral Quemado,1567,2022,0,0.07540983606557378,0.2169811320754717,0.44072164948453607,0.6804878048780488,0.9104046242774566,0.5289017341040463,0.8988439306358381,0.06666666666666667,0.09941520467836255,0.04659498207885305,0.41210374639769454,0.7989949748743719,0,0.02702702702702703,0.14450867052023122,0.6705202312138728,1,347
ARG100350105,América del Sur,Argentina,ARG,Puerta de San José,Municipio,Local,2,Catamarca,Puerta de San José,1048,2022,0,0.04360056258790436,0.14397905759162305,0.397212543554007,0.7229299363057324,0.8961538461538462,0.4038461538461538,0.8807692307692307,0.13196480938416422,0.15789473684210523,0.11894273127753303,0,0.7824427480916031,0,0.01438159156279961,0.08846153846153847,0.4346153846153846,1,262
ARG100350112,América del Sur,Argentina,ARG,San Fernando,Municipio,Local,2,Catamarca,San Fernando,791,2022,0,0.03811659192825112,0.1843137254901961,0.5260416666666666,0.8315789473684211,0.9156626506024096,0.2108433734939759,0.9759036144578314,0.09652509652509653,0.12871287128712872,0.0759493670886076,0,0.8059071729957806,0.0231839258114374,0.01545595054095826,0.0963855421686747,0.6807228915662651,1,166
ARG100350119,América del Sur,Argentina,ARG,Villa Vil,Municipio,Local,2,Catamarca,Villa Vil,1601,2022,0,0.13672217353198948,0.15294117647058825,0.377319587628866,0.6576200417536534,0.6910377358490566,0.24528301886792456,0.5707547169811321,0.09437751004016064,0.13114754098360656,0.07301587301587302,0.3608490566037736,0.885,0.00155199172271081,0.1991722710812209,0.03773584905660377,0.32547169811320753,1,436
ARG100420126,América del Sur,Argentina,ARG,Capayán,Municipio,Local,2,Catamarca,Capayán,8002,2022,0,0.04021739130434782,0.3237015362106803,0.4110399211434204,0.6989402697495183,0.8919567827130852,0.6524609843937575,0.975390156062425,0.06739606126914661,0.08752997601918465,0.0558235699517574,0.6332533013205283,0.7235023041474655,4.4378698224852e-4,0.003698224852071,0.1998799519807923,0.8697478991596639,1,1668
ARG100420133,América del Sur,Argentina,ARG,Huillapima,Municipio,Local,2,Catamarca,Huillapima,11469,2022,9.5773663217263e-4,0.03075757575757575,0.32229232386961093,0.4323293938238658,0.7853309481216458,0.7784166298098186,0.7072091994692614,0.972578505086245,0.05617302493241213,0.09523809523809525,0.03599088838268793,0.6855373728438744,0.49341623994147765,0.00579088471849865,0.00750670241286863,0.19460415745245463,0.8602388323750553,1,2271
ARG100490140,América del Sur,Argentina,ARG,San Fernando del Valle de Catamarca,Municipio,Local,2,Catamarca,San Fernando del Valle de Catamarca,186466,2022,0.9858227911573528,0.01432897810850566,0.5919643460058073,0.5997725549658832,0.798713545492446,0.9877572408536586,0.902391387195122,0.994092987804878,0.07752239968835216,0.1084249778789028,0.05321634519785245,0.9377634869596284,0.46745550283300297,0.00248383313157416,0.01174802892787475,0.4745379192073171,0.8773580411585366,1,42060
ARG100560147,América del Sur,Argentina,ARG,El Alto,Municipio,Local,2,Catamarca,El Alto,2849,2022,0,0.01805251641137855,0.2995475113122172,0.45545977011494254,0.75,0.6940874035989718,0.4897172236503856,0.9318766066838048,0.04736275565123789,0.0473186119873817,0.04738562091503268,0.3817480719794344,0.6259946949602122,7.7851304009342e-4,0.01128843908135461,0.14010282776349614,0.7686375321336761,1,786
ARG100560154,América del Sur,Argentina,ARG,Tapso,Municipio,Local,2,Catamarca,Tapso,1526,2022,0,0.06436420722135008,0.16711590296495957,0.3058823529411765,0.6746575342465754,0.5871212121212122,0.2803030303030303,0.9356060606060606,0.11272727272727272,0.19230769230769232,0.08121827411167512,0,0.6199095022624435,0,0,0.10227272727272728,0.8333333333333334,1,268
ARG100630161,América del Sur,Argentina,ARG,Fray Mamerto Esquiú,Municipio,Local,2,Catamarca,Fray Mamerto Esquiú,14624,2022,0.8559657131160906,0.01017269931393423,0.5617522547395546,0.5799315248880695,0.7930485539931016,0.9927128188141768,0.8449817820470354,0.994037760847963,0.07281833943363514,0.10717529518619436,0.04750752760120441,0.8996356409407088,0.5007564296520424,0.00151311365164761,0.00613651647612642,0.3723087114938721,0.8946671083140113,1,3021
ARG100700168,América del Sur,Argentina,ARG,Icaño,Municipio,Local,2,Catamarca,Icaño,8016,2022,0,0.03582785668857324,0.22412562455389007,0.4237974683544304,0.7394198763670946,0.8871822033898306,0.5963983050847457,0.9639830508474576,0.04556856187290969,0.05973715651135006,0.03794212218649517,0.5847457627118644,0.479490022172949,0.00127786454635808,0.00752520232855317,0.1716101694915254,0.8490466101694916,1,1897
ARG100700175,América del Sur,Argentina,ARG,Recreo,Municipio,Local,2,Catamarca,Recreo,18325,2022,0,0.03529743975903614,0.32374318594791035,0.464240372407956,0.7145518526185055,0.9426872770511296,0.6492271105826397,0.9771700356718191,0.04906128232376904,0.06563354603463993,0.03852838933951332,0.72943414170233,0.42077549066539016,0.00147483167681949,0.00660468098749599,0.3051129607609988,0.8708680142687277,1,4218
ARG100770182,América del Sur,Argentina,ARG,Paclín,Municipio,Local,2,Catamarca,Paclín,4696,2022,0,0.01794019933554817,0.3631315935591338,0.4809160305343512,0.789435069699193,0.8932291666666666,0.7126736111111112,0.974826388888889,0.05721241631162507,0.07936507936507936,0.04553903345724907,0.8411458333333334,0.5275650842266463,0.0031063321385902,0.0040621266427718,0.2048611111111111,0.8072916666666666,1,1158
ARG100840185,América del Sur,Argentina,ARG,Mutquin,Municipio,Local,2,Catamarca,Mutquin,1235,2022,0,0.02444703143189755,0.378099173553719,0.5654761904761905,0.7628032345013477,0.9659442724458204,0.6439628482972135,0.9938080495356038,0.04228329809725158,0.04736842105263158,0.03886925795053003,0.8761609907120743,0.6151960784313726,0.0068259385665529,0.04436860068259386,0.2476780185758514,0.7832817337461301,1,324
ARG100840189,América del Sur,Argentina,ARG,Pomán,Municipio,Local,2,Catamarca,Pomán,4711,2022,0,0.0227765726681128,0.38866628506010303,0.5634782608695652,0.8116627265563435,0.9173553719008264,0.7134986225895317,0.9880624426078972,0.04290822407628129,0.05709876543209876,0.03398058252427184,0.8448117539026629,0.518001469507715,0.00471230158730158,0.01289682539682539,0.2571166207529844,0.869605142332415,1,1093
ARG100840196,América del Sur,Argentina,ARG,Saujil,Municipio,Local,2,Catamarca,Saujil,6273,2022,0,0.02608936996946988,0.35733695652173914,0.44503311258278144,0.7429088714544357,0.949775112443778,0.6821589205397302,0.975262368815592,0.04151339989490278,0.07589285714285714,0.02274573517465475,0.5869565217391305,0.5026385224274407,0.00233309404163675,0.01812634601579325,0.2571214392803598,0.8785607196401799,1,1336
ARG100910203,América del Sur,Argentina,ARG,San José,Municipio,Local,2,Catamarca,San José,5902,2022,0,0.05279747832939322,0.2800579430226944,0.43729903536977494,0.7120622568093385,0.8656126482213439,0.3458498023715415,0.8432147562582345,0.09955005624296964,0.13823529411764707,0.075591985428051,0.650197628458498,0.4436026936026935,0.0027183762232693,0.1832185574483509,0.14031620553359683,0.6054018445322793,1,1522
ARG100910210,América del Sur,Argentina,ARG,Santa María,Municipio,Local,2,Catamarca,Santa María,20920,2022,0,0.02538370720188902,0.4711511789181692,0.5713482092630789,0.7823802788442109,0.9451164874551972,0.7094534050179212,0.9650537634408602,0.06590547767018355,0.0955037742041352,0.04261363636363636,0.9289874551971328,0.42121460812474354,0.00270111567821491,0.09354081033470346,0.33198924731182794,0.7502240143369175,1,4486
ARG100980213,América del Sur,Argentina,ARG,Los Altos,Municipio,Local,2,Catamarca,Los Altos,8762,2022,0,0.03860430586488492,0.33776511554289335,0.4348816029143898,0.7807419758232597,0.9511450381679388,0.7053435114503817,0.976590330788804,0.05268741159830269,0.08795811518324607,0.03470368392952482,0.7536895674300255,0.3756368689207967,0.00177710078700177,0.00495049504950495,0.2040712468193384,0.8534351145038168,1,1984
ARG100980217,América del Sur,Argentina,ARG,Santa Rosa,Municipio,Local,2,Catamarca,Santa Rosa,4555,2022,0,0.03270868824531516,0.3203033838973162,0.37248028045574055,0.6659003831417625,0.9319186560565872,0.502210433244916,0.9451812555260832,0.05873261205564142,0.07058823529411765,0.05293440736478711,0.3651635720601238,0.5452562704471102,0.00192492781520692,0.00336862367661212,0.16268788682581786,0.8549955791335102,1,1139
ARG101050224,América del Sur,Argentina,ARG,Fiambalá,Municipio,Local,2,Catamarca,Fiambalá,8762,2022,0,0.05245218708577921,0.36493374108053006,0.5149150986691142,0.7342718873735152,0.8780135004821601,0.6060752169720348,0.9339440694310512,0.07631673235399498,0.09090909090909093,0.0665068903535051,0.4869816779170685,0.5852955309947141,0.00562922191643732,0.00975731798849136,0.2111861137897782,0.7999035679845709,1,2102
ARG101050231,América del Sur,Argentina,ARG,Tinogasta,Municipio,Local,2,Catamarca,Tinogasta,16492,2022,0,0.02796245600312866,0.4913226621735467,0.5544005544005544,0.7607093505297098,0.8572144288577155,0.6978957915831664,0.9772044088176352,0.06645625109591444,0.0925,0.04753254617014835,0.7277736038066617,0.5372848948374761,0.00111374077683419,0.00786579423639148,0.2895791583166333,0.8379258517034068,1,4009
ARG101120238,América del Sur,Argentina,ARG,Valle Viejo,Municipio,Local,2,Catamarca,Valle Viejo,33951,2022,0.916721087133269,0.01369648994896365,0.5258717660292463,0.5659623072529982,0.7936396585993218,0.9857599535018888,0.8179308340598663,0.9934612031386224,0.06659286383377332,0.09182643794147326,0.04817324690630524,0.8955397355804156,0.42372881355932207,0.00286322590118199,0.00785551721606343,0.4096192967160709,0.8783783783783784,1,6893
ARG14,América del Sur,Argentina,ARG,Córdoba,Provincia,Regional,1,Córdoba,NA,3840905,2022,NA,0.01490925219976504,0.5389513639956407,0.6132675905885768,0.8391416867080569,0.9275271372555856,0.8668998596774615,0.993593971069734,0.06001878709514566,0.08626332359746615,0.03995676086951479,0.9368400056546736,0.2394528653472336,0.00285187201354866,0.01546664247263049,0.49790387760853205,0.873453086853744,1,1036519
ARG140070007,América del Sur,Argentina,ARG,Embalse,Municipio,Local,2,Córdoba,Embalse,9660,2022,0,0.0128262490678598,0.5019455252918288,0.5875099443118537,0.8348585690515807,0.9751166407465008,0.8596423017107309,0.9937791601866252,0.0505166475315729,0.07379823967501693,0.03338315894369706,0.9381804043545878,0.5174591381872213,0.00933347974085868,0.02975732952673767,0.468895800933126,0.8751944012441679,1,2617
ARG140070014,América del Sur,Argentina,ARG,La Cruz,Municipio,Local,2,Córdoba,La Cruz,1822,2022,0,0.03392705682782018,0.4027777777777778,0.4885654885654886,0.7804878048780488,0.8928571428571429,0.7894736842105263,0.9887218045112782,0.03236797274275979,0.05531914893617021,0.01704545454545454,0.9043151969981238,0.4945295404814004,0,0.01353965183752417,0.3533834586466165,0.8082706766917294,1,535
ARG140070021,América del Sur,Argentina,ARG,Los Cóndores,Municipio,Local,2,Córdoba,Los Cóndores,3370,2022,0,0.02884182063992789,0.43407864302235927,0.51,0.802013422818792,0.973469387755102,0.8887755102040816,0.9969387755102042,0.03571428571428571,0.061002178649237473,0.01952580195258019,0.9489795918367347,0.43567567567567567,0.00134952766531713,0.00742240215924426,0.4153061224489796,0.8295918367346938,1,982
ARG140070028,América del Sur,Argentina,ARG,Río de los Sauces,Municipio,Local,2,Córdoba,Río de los Sauces,1243,2022,0,0.03857566765578635,0.30185185185185187,0.465564738292011,0.8398058252427184,0.778270509977827,0.7139689578713969,0.9578713968957872,0.03106796116504854,0.07692307692307693,0.00867052023121387,0.802660753880266,0.4019138755980861,0,0.01357466063348416,0.2328159645232816,0.8891352549889135,1,462
ARG140070035,América del Sur,Argentina,ARG,Santa Rosa de Calamuchita,Municipio,Local,2,Córdoba,Santa Rosa de Calamuchita,19012,2022,0,0.01386683603260294,0.49261603375527424,0.6285567803127403,0.868848167539267,0.9629353233830846,0.859950248756219,0.9880597014925372,0.04851845434066886,0.07504078303425775,0.02892437481169027,0.9659203980099502,0.3625981441827266,0.00397505845674201,0.01925175370226032,0.44228855721393034,0.9017412935323385,1,4122
ARG140070042,América del Sur,Argentina,ARG,Villa del Dique,Municipio,Local,2,Córdoba,Villa del Dique,5083,2022,0,0.01513341298287534,0.489419795221843,0.5747011952191236,0.8455200823892894,0.9744075829383886,0.8805687203791469,0.9943127962085307,0.04506437768240343,0.06932409012131716,0.02801461632155907,0.9402843601895736,0.4130434782608695,0.00242204056917953,0.02724795640326975,0.43886255924170614,0.8635071090047394,1,1077
ARG140070049,América del Sur,Argentina,ARG,Villa General Belgrano,Municipio,Local,2,Córdoba,Villa General Belgrano,11656,2022,0,0.01059623596394116,0.5991655076495133,0.7256817256817257,0.8800515907136716,0.9581464872944694,0.8778026905829597,0.9932735426008968,0.04934725848563968,0.06954570947840717,0.03175378602833415,0.9626307922272048,0.49717804002052335,0.00205885914981228,0.02179968511565944,0.5355007473841554,0.8972346786248132,1,2763
ARG140070056,América del Sur,Argentina,ARG,San Agustín,Municipio,Local,2,Córdoba,San Agustín,3876,2022,0,0.02713030187237294,0.3645320197044335,0.49245785270629994,0.818100358422939,0.9021043000914912,0.8307410795974383,0.9835315645013724,0.05517711171662125,0.0990990990990991,0.0284775465498357,0.9341262580054894,0.28,0,0.01580921757770632,0.3613906678865508,0.8426349496797805,1,1099
ARG140070063,América del Sur,Argentina,ARG,Villa Rumipal,Municipio,Local,2,Córdoba,Villa Rumipal,4028,2022,0,0.0128395061728395,0.5033726812816189,0.5587144622991347,0.8436692506459949,0.99438202247191,0.8112359550561798,0.9820224719101124,0.0416289592760181,0.07300884955752213,0.01990811638591117,1,0.4418901660280971,0.00225309800976342,0.02553511077731881,0.4314606741573034,0.9067415730337078,1,922
ARG140070070,América del Sur,Argentina,ARG,Villa Yacanto,Municipio,Local,2,Córdoba,Villa Yacanto,3344,2022,0,0.01805054151624548,0.3198757763975155,0.5604938271604938,0.9072164948453608,0.22380952380952385,0.6452380952380952,0.938095238095238,0.047976011994003,0.07929515418502203,0.03181818181818181,0.719047619047619,0.296127562642369,0,0.01162790697674418,0.3119047619047619,0.8785714285714286,1,456
ARG140072007,América del Sur,Argentina,ARG,Amboy,Comuna,Local,2,Córdoba,Amboy,355,2022,0,0.0180722891566265,0.38461538461538464,0.676923076923077,0.9036144578313252,0.8481012658227848,0.810126582278481,0.9873417721518988,0.06722689075630252,0.13636363636363635,0.02666666666666667,0.759493670886076,0.5138888888888888,0.0043859649122807,0,0.26582278481012656,0.7848101265822784,1,79
ARG140072014,América del Sur,Argentina,ARG,Parque Calmayo,Comuna,Local,2,Córdoba,Parque Calmayo,150,2022,0,0.03225806451612903,0.4594594594594595,0.5714285714285714,0.8846153846153846,0.7222222222222222,0.7777777777777777,0.9166666666666666,0.02857142857142857,0.08333333333333333,0,0.3333333333333333,0.4705882352941176,0,0.02702702702702703,0.2777777777777778,0.75,1,36
ARG140072021,América del Sur,Argentina,ARG,Cañada de Río Pinto,Comuna,Local,2,Córdoba,Cañada de Río Pinto,295,2022,0,0.01282051282051282,0.25333333333333335,0.25,0.5238095238095238,0.9041095890410958,0.5890410958904109,0.9589041095890412,0.0425531914893617,0,0.06060606060606061,0.4246575342465753,0.3235294117647059,0,0,0.1095890410958904,0.7397260273972602,1,73
ARG140072028,América del Sur,Argentina,ARG,Las Bajadas,Comuna,Local,2,Córdoba,Las Bajadas,220,2022,0,0.06666666666666667,0.3692307692307693,0.5,0.8333333333333334,0.3846153846153846,0.6923076923076923,0.9807692307692308,0.1016949152542373,0.20833333333333337,0.02857142857142857,0,0.56,0,0.01418439716312056,0.2115384615384615,0.8269230769230769,1,52
ARG140072035,América del Sur,Argentina,ARG,Las Caleras,Comuna,Local,2,Córdoba,Las Caleras,288,2022,0,0.04477611940298507,0.2578125,0.4666666666666667,0.9,0.4945054945054945,0.3076923076923077,0.956043956043956,0.024,0.08571428571428572,0,0.7252747252747253,0.3300970873786408,0,0.02238805970149253,0.2967032967032967,0.8681318681318682,1,91
ARG140072042,América del Sur,Argentina,ARG,Los Molinos,Comuna,Local,2,Córdoba,Los Molinos,455,2022,0,0.05511811023622047,0.20134228187919465,0.5648148148148148,0.8316831683168316,0.7,0.87,1,0.02068965517241379,0.01639344262295082,0.0238095238095238,0.71,0.23703703703703705,0,0.02662721893491124,0.3,0.86,1,101
ARG140072049,América del Sur,Argentina,ARG,Los Reartes,Comuna,Local,2,Córdoba,Los Reartes,3049,2022,0,0.02509652509652509,0.4668769716088328,0.6502463054187192,0.8943965517241379,0.7738095238095237,0.7523809523809524,0.9785714285714284,0.07511045655375552,0.11363636363636365,0.05060240963855422,0.9142857142857144,0.32589285714285715,0.00210378681626928,0.01332398316970547,0.35,0.9357142857142856,1,446
ARG140072056,América del Sur,Argentina,ARG,Lutti,Comuna,Local,2,Córdoba,Lutti,91,2022,0,0.04861111111111111,0.14666666666666667,0.4047619047619048,0.859375,0,0.4482758620689655,0.9137931034482758,0.02777777777777777,0,0.03636363636363636,0,0.3529411764705882,0,0.00546448087431694,0.05172413793103448,0.913793103448276,1,59
ARG140072063,América del Sur,Argentina,ARG,San Ignacio,Comuna,Local,2,Córdoba,San Ignacio,110,2022,0,0.01081081081081081,0.4158415841584158,0.5223880597014925,0.8,0.5769230769230769,0.8589743589743589,0.935897435897436,0.04040404040404041,0.05714285714285714,0.03125,0.5769230769230769,0.323943661971831,0,0.01619433198380566,0.2692307692307692,0.9102564102564102,1,79
ARG140072070,América del Sur,Argentina,ARG,Segunda Usina,Comuna,Local,2,Córdoba,Segunda Usina,191,2022,0,0.03125,0.3157894736842105,0.5111111111111111,0.8275862068965517,0.6964285714285715,0.7857142857142857,1,0.05633802816901408,0.13043478260869565,0.02083333333333333,0.5357142857142857,0.37735849056603776,0,0.01176470588235294,0.08928571428571429,0.875,1,56
ARG140072077,América del Sur,Argentina,ARG,Villa Amancay,Comuna,Local,2,Córdoba,Villa Amancay,852,2022,0,0.0208955223880597,0.29949238578680204,0.49264705882352944,0.7847222222222222,0.9241379310344828,0.793103448275862,0.9655172413793104,0.04444444444444444,0.04477611940298507,0.04424778761061947,0.9517241379310344,0.48739495798319327,0.00222222222222222,0.05111111111111111,0.30344827586206896,0.8344827586206897,1,147
ARG140072084,América del Sur,Argentina,ARG,Villa Ciudad Parque Los Reartes,Comuna,Local,2,Córdoba,Villa Ciudad Parque Los Reartes,2747,2022,0,0.016,0.5057692307692307,0.6527331189710611,0.912087912087912,0.7348703170028819,0.7694524495677234,0.92507204610951,0.03925233644859813,0.04926108374384237,0.03313253012048193,0.8011527377521613,0.309375,0.00515021459227467,0.02746781115879828,0.31988472622478387,0.9423631123919308,1,367
ARG140072091,América del Sur,Argentina,ARG,Villa Quillinzo,Comuna,Local,2,Córdoba,Villa Quillinzo,484,2022,0,0,0.34375,0.6111111111111112,0.8,0.7333333333333333,0.5333333333333333,0.9333333333333332,0,0,0,0.8,0.40909090909090906,0,0,0.13333333333333333,0.8333333333333334,1,30
ARG140073015,América del Sur,Argentina,ARG,La Cumbrecita,Comuna,Local,2,Córdoba,La Cumbrecita,747,2022,0,0.04599659284497445,0.3597733711048159,0.788546255506608,0.925311203319502,0.8016528925619835,0.7768595041322315,0.9173553719008264,0.01492537313432835,0.0111731843575419,0.0179372197309417,0.8512396694214877,0.3598726114649682,0.00644329896907216,0.02963917525773195,0.34297520661157027,0.9173553719008264,1,260
ARG140140077,América del Sur,Argentina,ARG,Córdoba,Municipio,Local,2,Córdoba,Córdoba,1498060,2022,1,0.00976566920517647,0.6247316194757686,0.650964964403339,0.8352808410947946,0.9947170247671084,0.9086789671096848,0.998133011488604,0.0722096487110731,0.09594535441246832,0.05227198878114685,0.9780202841515314,0.2364815206817571,0.002992356799195,0.01758282644782468,0.5667598956413648,0.8799104809121504,1,415655
ARG140210084,América del Sur,Argentina,ARG,Agua de Oro,Municipio,Local,2,Córdoba,Agua de Oro,3206,2022,0,0.00615763546798029,0.6401960784313725,0.6846846846846847,0.8753799392097265,0.9308437067773168,0.8824343015214384,0.987551867219917,0.03585271317829457,0.04166666666666666,0.03125,0.9530386740331492,0.47417840375586856,0.00900047370914258,0.03458076740881099,0.4702627939142462,0.8948824343015215,1,729
ARG140210091,América del Sur,Argentina,ARG,Colonia Caroya,Municipio,Local,2,Córdoba,Colonia Caroya,24988,2022,0,0.01103537812398572,0.5204133319825752,0.5975537872089596,0.8683323114653587,0.9901134521880064,0.8901134521880065,0.9974068071312804,0.05483539094650205,0.08902589395807645,0.03036187113857016,0.8910858995137764,0.24539877300613497,0.00230536477594736,0.01234330723788482,0.5098865478119935,0.8623987034035656,1,6179
ARG140210098,América del Sur,Argentina,ARG,Colonia Tirolesa,Municipio,Local,2,Córdoba,Colonia Tirolesa,8177,2022,0.2510552837607926,0.03512014787430684,0.3056842105263158,0.4937163375224417,0.8986810551558753,0.9092150170648464,0.7303754266211604,0.9863481228668942,0.05550774526678141,0.09818181818181818,0.03202134756504336,0.7078498293515358,0.2366863905325444,0.00149756645451141,0.01048296518157993,0.32627986348122867,0.9030716723549488,1,1465
ARG140210102,América del Sur,Argentina,ARG,Estación General Paz,Municipio,Local,2,Córdoba,Estación General Paz,2743,2022,0,0.03140096618357488,0.31750741839762614,0.5218579234972678,0.8536585365853658,0.9039301310043668,0.8253275109170306,0.9796215429403202,0.06550665301944729,0.11518324607329844,0.03361344537815126,0.86608442503639,0.3491686460807601,0,0.0066577896138482,0.2852983988355167,0.883551673944687,1,687
ARG140210105,América del Sur,Argentina,ARG,Estación Juárez Celman,Municipio,Local,2,Córdoba,Estación Juárez Celman,13509,2022,0.9871073703651144,0.03072449108610444,0.2565918929555293,0.46395911780527166,0.825,0.8592516306213526,0.7851012701682114,0.9924476484723652,0.07238214434710054,0.13507246376811594,0.03714565004887586,0.9546858908341916,0.18672566371681415,0.00791491466732624,0.01640695852914502,0.29145211122554066,0.8736697562650189,1,2913
ARG140210112,América del Sur,Argentina,ARG,Jesús María,Municipio,Local,2,Córdoba,Jesús María,36461,2022,0,0.01544385384840748,0.5501921391491944,0.5893510494896976,0.8536485518370689,0.9920832881466218,0.926797527383147,0.9970719010953258,0.06624256672659383,0.10210749877471,0.03992327059105623,0.9916494957162998,0.3039570012047076,0.00232237007280944,0.0103878985689179,0.510790586704262,0.8714889925170806,1,9241
ARG140210119,América del Sur,Argentina,ARG,La Calera,Municipio,Local,2,Córdoba,La Calera,45600,2022,0.9916386731550688,0.01199261992619926,0.47561057659960976,0.590363758518092,0.8451824599781247,0.9545662623025865,0.833829251544976,0.9956511787594416,0.06832298136645963,0.1022597951552593,0.04376470588235294,0.9564073226544624,0.25666636939266924,0.00341328699537654,0.02020045303627393,0.4511329823758297,0.893797207598993,1,8748
ARG140210126,América del Sur,Argentina,ARG,La Granja,Municipio,Local,2,Córdoba,La Granja,4805,2022,0,0.01975308641975308,0.5469653179190751,0.6426299045599152,0.8524251805985552,0.9223205506391348,0.8407079646017699,0.9891838741396264,0.04259776536312849,0.0594059405940594,0.03026634382566586,0.8664047151277013,0.504424778761062,0.00216450216450216,0.02844774273345702,0.4031465093411996,0.887905604719764,1,1043
ARG140210133,América del Sur,Argentina,ARG,Malvinas Argentinas,Municipio,Local,2,Córdoba,Malvinas Argentinas,16115,2022,0.999752298358992,0.02174957942802211,0.24845880814496543,0.49609375,0.8353498158863756,0.947385409941898,0.7898644286636539,0.9941897998708844,0.10057075378862428,0.15905511811023623,0.0654911838790932,0.9134925758553906,0.18660149511213345,0.00143072887687783,0.01677132183451236,0.2785668173014848,0.8602324080051647,1,3105
ARG140210140,América del Sur,Argentina,ARG,Mendiolaza,Municipio,Local,2,Córdoba,Mendiolaza,14688,2022,0.9999999999337076,0.00417506478548805,0.7821572774466449,0.7161309702613398,0.8661769402746726,0.8921363952679193,0.8441196938065414,0.9996520528879612,0.03120094191522763,0.04697986577181208,0.01733038348082596,0.988865692414753,0.2522183382629739,0.00513715227294756,0.0241349229427159,0.743910925539318,0.965553235908142,1,2878
ARG140210143,América del Sur,Argentina,ARG,Mi Granja,Municipio,Local,2,Córdoba,Mi Granja,2794,2022,0.9794012135332936,0.02729693741677763,0.375,0.4652567975830816,0.7853107344632768,0.7665903890160183,0.7345537757437072,0.9862700228832952,0.0474537037037037,0.08441558441558442,0.02697841726618705,0.8604118993135011,0.136986301369863,0.00232666356444858,0.00418799441600744,0.34324942791762014,0.9038901601830664,1,437
ARG140210147,América del Sur,Argentina,ARG,Río Ceballos,Municipio,Local,2,Córdoba,Río Ceballos,26775,2022,0.9876112852802494,0.01013224554246989,0.6233640849603089,0.6693349753694581,0.8520290333223358,0.8857323232323232,0.8940972222222223,0.9947916666666669,0.06159991590455167,0.08992640294388224,0.0377541142303969,0.9408330703692016,0.23066646875463856,0.00642229028752099,0.03265487600039522,0.5052083333333334,0.8936237373737373,1,6385
ARG140210154,América del Sur,Argentina,ARG,Saldán,Municipio,Local,2,Córdoba,Saldán,12843,2022,1,0.01052493093014077,0.5280898876404494,0.6432102355335854,0.8583032490974729,0.993143640726774,0.862187178608159,0.9972574562907096,0.05508390918065153,0.08001808318264014,0.03575184016824395,0.9657182036338704,0.21110451306413305,0.00471431265321516,0.02432585329059023,0.47617415152553993,0.9098388755570792,1,2922
ARG140210161,América del Sur,Argentina,ARG,Salsipuedes,Municipio,Local,2,Córdoba,Salsipuedes,15882,2022,0.9429183197981889,0.01557285873192436,0.5785901926444834,0.6225207933461292,0.8527027027027027,0.9150197628458496,0.8560606060606061,0.9878129117259552,0.06957494407158837,0.09815005138746144,0.04754358161648178,0.9012508229098092,0.2600254614894972,0.00518187360292623,0.02499491973176183,0.43642951251646905,0.911725955204216,1,3057
ARG140210168,América del Sur,Argentina,ARG,Unquillo,Municipio,Local,2,Córdoba,Unquillo,25276,2022,0.9646412152612788,0.01367230803340477,0.5625149129086137,0.6537353887853634,0.8535111111111111,0.9139944392956442,0.871177015755329,0.9949953660797034,0.06189376443418014,0.08421870951023581,0.0439491772547386,0.9690454124189064,0.21713895527483784,0.0056808959584483,0.02537466861440242,0.46265060240963857,0.8891566265060241,1,5418
ARG140210175,América del Sur,Argentina,ARG,Villa Allende,Municipio,Local,2,Córdoba,Villa Allende,36722,2022,0.9993862628776726,0.01224766423004308,0.6768209923088524,0.6794064268175509,0.8523754345307069,0.9680771156735104,0.8989734601902856,0.9973710565848772,0.05670553935860058,0.0784098051539912,0.03792822185970636,0.9891100262861434,0.2133233532934132,0.00274899555931486,0.01896102065271022,0.6099148723084626,0.9063595393089634,1,8019
ARG140212098,América del Sur,Argentina,ARG,Colonia Vicente Agüero,Comuna,Local,2,Córdoba,Colonia Vicente Agüero,382,2022,0,0.0353356890459364,0.2929936305732484,0.5,0.9051724137931034,0.9532710280373832,0.8785046728971962,0.9813084112149532,0.00649350649350649,0.02040816326530612,0,0,0.2258064516129032,0,0.00284090909090909,0.308411214953271,0.7757009345794392,1,107
ARG140212105,América del Sur,Argentina,ARG,El Manzano,Comuna,Local,2,Córdoba,El Manzano,1832,2022,0.01225223356460034,0.02714440825190011,0.31327433628318585,0.5717592592592593,0.8844086021505376,0.7460732984293194,0.7774869109947644,0.9659685863874344,0.078125,0.10931174089068826,0.0547112462006079,0.9581151832460733,0.4043478260869565,7.7041602465331e-4,0.00847457627118644,0.2774869109947644,0.8115183246073299,1,382
ARG140212126,América del Sur,Argentina,ARG,Villa Cerro Azul,Comuna,Local,2,Córdoba,Villa Cerro Azul,509,2022,0,0.0099502487562189,0.6783216783216783,0.6914893617021277,0.8395061728395061,0.875,0.8020833333333333,0.9791666666666666,0.03759398496240601,0.03076923076923077,0.04411764705882353,0.9166666666666666,0.5517241379310345,0.03214285714285714,0.075,0.3958333333333333,0.90625,1,96
ARG140212728,América del Sur,Argentina,ARG,Tinoco,Comuna,Local,2,Córdoba,Tinoco,444,2022,0,0.04582210242587601,0.14883720930232558,0.28378378378378377,0.821656050955414,0.4397163120567376,0.5390070921985816,0.9787234042553192,0.03508771929824561,0.09523809523809525,0.01550387596899224,0.3333333333333333,0.3684210526315789,0,0,0.09219858156028368,0.8581560283687943,1,141
ARG140280182,América del Sur,Argentina,ARG,Cruz del Eje,Municipio,Local,2,Córdoba,Cruz del Eje,34616,2022,0,0.02852621862775262,0.5092836082556379,0.495478443743428,0.7322569404111976,0.99234573716439,0.8444418276024495,0.9897550635892606,0.07616194625998547,0.10526315789473684,0.05440989847715736,0.9312293923692888,0.4136075570967356,0.00259369731552327,0.0152703929451433,0.371172868582195,0.8168864813942535,1,8507
ARG140280185,América del Sur,Argentina,ARG,El Brete,Municipio,Local,2,Córdoba,El Brete,2407,2022,0,0.0675759454432734,0.17616580310880828,0.2702702702702703,0.6018518518518519,0.7267552182163188,0.5711574952561669,0.8994307400379506,0.11297709923664122,0.22,0.06593406593406594,0,0.44256756756756754,0,0.00429737859905457,0.06451612903225806,0.6925996204933587,1,527
ARG140280189,América del Sur,Argentina,ARG,San Marcos Sierra,Municipio,Local,2,Córdoba,San Marcos Sierra,3355,2022,0,0.01516070345664038,0.5367114788004137,0.6194690265486725,0.799079754601227,0.8388017118402282,0.783166904422254,0.9700427960057062,0.05207226354941551,0.08095238095238096,0.02879078694817658,0.7189728958630528,0.276173285198556,0.01318781264211005,0.165075034106412,0.33238231098430815,0.8773181169757489,1,730
ARG140280196,América del Sur,Argentina,ARG,Serrezuela,Municipio,Local,2,Córdoba,Serrezuela,2980,2022,0,0.07492029755579172,0.27734375,0.29620253164556964,0.6614457831325301,0.9266862170087976,0.6510263929618768,0.9237536656891496,0.08045977011494253,0.10683760683760685,0.0692167577413479,0.8944281524926686,0.3701657458563537,0,0.00672143390589992,0.16129032258064516,0.7228739002932552,1,686
ARG140280203,América del Sur,Argentina,ARG,Villa de Soto,Municipio,Local,2,Córdoba,Villa de Soto,10544,2022,0,0.02272727272727272,0.410093896713615,0.48674242424242425,0.7594762232942798,0.9749532710280374,0.8456074766355139,0.9805607476635514,0.0597971169247197,0.07652399481193256,0.04809437386569873,0.936822429906542,0.3437950937950938,0.00181323662737987,0.01390148080991236,0.30467289719626167,0.8063551401869159,1,2684
ARG140282133,América del Sur,Argentina,ARG,Alto de los Quebrachos,Comuna,Local,2,Córdoba,Alto de los Quebrachos,154,2022,0,0.04975124378109453,0.06779661016949153,0.0875,0.5520833333333334,0.65,0.325,0.875,0.11666666666666668,0.2857142857142857,0.09433962264150944,0,0.3529411764705882,0,0.01492537313432835,0,0.5875,1,80
ARG140282140,América del Sur,Argentina,ARG,Bañado de Soto,Comuna,Local,2,Córdoba,Bañado de Soto,717,2022,0,0.0593607305936073,0.19743589743589743,0.1553784860557769,0.5714285714285714,0.8097345132743363,0.4690265486725663,0.7610619469026549,0.0182648401826484,0,0.02222222222222222,0,0.2582781456953642,0,0,0.084070796460177,0.6504424778761062,1,226
ARG140282147,América del Sur,Argentina,ARG,Cruz de Caña,Comuna,Local,2,Córdoba,Cruz de Caña,313,2022,0,0.01886792452830188,0.11428571428571428,0.34444444444444444,0.6052631578947368,0.2871287128712871,0.49504950495049505,0.7524752475247525,0.05,0.06451612903225806,0.04347826086956521,0,0.41463414634146345,0,0.02272727272727272,0.06930693069306931,0.7425742574257426,1,103
ARG140282161,América del Sur,Argentina,ARG,Guanaco Muerto,Comuna,Local,2,Córdoba,Guanaco Muerto,404,2022,0,0.12682926829268293,0.16595744680851063,0.43670886075949367,0.6310160427807486,0.6047904191616766,0.3053892215568862,0.7724550898203593,0.053475935828877,0.05797101449275362,0.05084745762711865,0.11976047904191615,0.5,0,0.00361010830324909,0.10179640718562874,0.39520958083832336,1,167
ARG140282168,América del Sur,Argentina,ARG,La Batea,Comuna,Local,2,Córdoba,La Batea,167,2022,0,0.03125,0.12162162162162164,0.5306122448979592,0.7796610169491526,0.24489795918367344,0.2857142857142857,0.7346938775510203,0.01388888888888888,0.03846153846153846,0,0,0.4666666666666667,0,0,0.02040816326530612,0.7142857142857143,1,49
ARG140282175,América del Sur,Argentina,ARG,La Higuera,Comuna,Local,2,Córdoba,La Higuera,629,2022,0,0.03571428571428571,0.24691358024691357,0.2890625,0.6548672566371682,0.9658119658119658,0.8205128205128205,0.9829059829059827,0.08108108108108109,0.10810810810810811,0.06756756756756757,1,0.5555555555555556,0.0024330900243309,0.07785888077858881,0.19658119658119655,0.6239316239316239,1,119
ARG140282182,América del Sur,Argentina,ARG,Las Cañadas,Comuna,Local,2,Córdoba,Las Cañadas,285,2022,0,0.08333333333333333,0.19101123595505615,0.4,0.6805555555555556,0.16176470588235295,0.5,0.8235294117647058,0,0,0,0,0.2222222222222222,0,0.00735294117647058,0.08823529411764706,0.8088235294117647,1,70
ARG140282189,América del Sur,Argentina,ARG,Las Playas,Comuna,Local,2,Córdoba,Las Playas,1158,2022,0,0.06716417910447761,0.24940047961630696,0.3885135135135135,0.7128712871287128,0.9514925373134328,0.6828358208955224,0.9664179104477612,0.11782477341389729,0.16521739130434782,0.0925925925925926,0.3955223880597014,0.3672566371681416,0.00415800415800415,0.00103950103950103,0.1455223880597015,0.7723880597014925,1,268
ARG140282196,América del Sur,Argentina,ARG,Los Chañaritos,Comuna,Local,2,Córdoba,Los Chañaritos,597,2022,0,0.05896805896805897,0.1037344398340249,0.16470588235294115,0.6185567010309279,0.9183673469387756,0.39455782312925175,0.9455782312925172,0.23648648648648649,0.5,0.175,0,0.45901639344262296,0,0.00531914893617021,0.09523809523809525,0.7346938775510204,1,147
ARG140282203,América del Sur,Argentina,ARG,Media Naranja,Comuna,Local,2,Córdoba,Media Naranja,1198,2022,0,0.05417956656346749,0.14402173913043478,0.26881720430107525,0.717687074829932,0.9471544715447154,0.5813008130081302,0.9715447154471544,0.06293706293706294,0.10666666666666667,0.04739336492890995,0,0.4537037037037037,0,0.0032051282051282,0.08943089430894309,0.7113821138211383,1,246
ARG140282210,América del Sur,Argentina,ARG,Paso Viejo,Comuna,Local,2,Córdoba,Paso Viejo,1135,2022,0,0.06131386861313868,0.1925925925925926,0.35986159169550175,0.711038961038961,0.9701492537313432,0.6902985074626865,0.921641791044776,0.02476780185758514,0.04807692307692308,0.0136986301369863,0.5634328358208955,0.3055555555555556,9.6805421103581e-4,0.03581800580832527,0.22014925373134328,0.7761194029850746,1,268
ARG140282217,América del Sur,Argentina,ARG,Tuclame,Comuna,Local,2,Córdoba,Tuclame,964,2022,0,0.10474631751227496,0.2276657060518732,0.30337078651685395,0.5948905109489051,0.9910313901345292,0.6367713004484304,0.946188340807175,0.04098360655737704,0.03703703703703703,0.04294478527607362,0,0.3783783783783784,0,0.01433296582138919,0.17488789237668162,0.6816143497757847,1,223
ARG140350210,América del Sur,Argentina,ARG,Buchardo,Municipio,Local,2,Córdoba,Buchardo,1933,2022,0,0.01688693098384728,0.35049019607843135,0.5951492537313433,0.8717948717948718,0.01700154559505409,0.7078825347758887,0.9938176197836168,0.02893081761006289,0.0438871473354232,0.01890756302521008,0.9350850077279752,0.2015503875968992,0,0.01504178272980501,0.3415765069551777,0.8809891808346213,1,649
ARG140350217,América del Sur,Argentina,ARG,Del Campillo,Municipio,Local,2,Córdoba,Del Campillo,3707,2022,0,0.03574115876598947,0.32883435582822085,0.5371681415929204,0.8657894736842106,0.0111587982832618,0.6678111587982832,0.9939914163090128,0.03450439146800502,0.07413509060955518,0.01013171225937183,0.9390557939914164,0.18091603053435112,5.7012542759407e-4,0.03734321550741163,0.4454935622317597,0.8806866952789699,1,1168
ARG140350224,América del Sur,Argentina,ARG,Huinca Renancó,Municipio,Local,2,Córdoba,Huinca Renancó,9615,2022,0,0.01766685361749859,0.443211334120425,0.5944500167168171,0.8493622888659083,0.1514351699109205,0.8300890795117122,0.9976905311778292,0.04101838755304102,0.06186726659167604,0.02597402597402597,0.9686572088419664,0.2034001214329083,0.00200274059238958,0.02392747970907557,0.441768393269548,0.8512042230287034,1,3041
ARG140350231,América del Sur,Argentina,ARG,Italó,Municipio,Local,2,Córdoba,Italó,1122,2022,0,0.01504629629629629,0.4250513347022587,0.6426512968299711,0.887240356083086,0.09186351706036744,0.8871391076115485,0.9973753280839897,0.01340996168582375,0.01345291479820627,0.01337792642140468,0.973753280839895,0.2410901467505241,0,0.01875,0.43832020997375326,0.8713910761154856,1,382
ARG140350238,América del Sur,Argentina,ARG,Jovita,Municipio,Local,2,Córdoba,Jovita,5040,2022,0,0.01762472885032538,0.4558960074280409,0.6010673782521682,0.8588628762541806,0.9646074646074646,0.9105534105534108,0.9987129987129988,0.02151029748283752,0.03218645948945616,0.01401869158878504,0.9453024453024452,0.18619582664526485,0.00145137880986937,0.0136844287787684,0.5148005148005148,0.9066924066924068,1,1559
ARG140350245,América del Sur,Argentina,ARG,Mattaldi,Municipio,Local,2,Córdoba,Mattaldi,1820,2022,0,0.02147458840372226,0.35990338164251207,0.5440414507772021,0.86561954624781845,0.00488599348534202,0.8697068403908794,0.998371335504886,0.02466091245376079,0.04761904761904761,0.01008064516129032,0.996742671009772,0.19858156028368795,0.001628664495114,0.002171552660152,0.4250814332247557,0.9022801302931596,1,615
ARG140350252,América del Sur,Argentina,ARG,Villa Huidobro,Municipio,Local,2,Córdoba,Villa Huidobro,6334,2022,0,0.0250656481260444,0.4174641148325358,0.5433202906651761,0.8345908299477656,0.8204986149584488,0.6731301939058172,0.9933518005540166,0.03651452282157676,0.06172839506172839,0.01947148817802503,0.9645429362880886,0.2307299642674834,0.00176740897843761,0.02297631671968893,0.3811634349030471,0.874792243767313,1,1809
ARG140350259,América del Sur,Argentina,ARG,Villa Valeria,Municipio,Local,2,Córdoba,Villa Valeria,3464,2022,0,0.03648269410664172,0.2842339008142117,0.5377155172413793,0.8774193548387097,0.20982142857142855,0.7154017857142856,0.9955357142857144,0.04410646387832699,0.06012024048096192,0.03431372549019608,0.9542410714285714,0.42248062015503873,0.00233177881412391,0.02198534310459693,0.3392857142857143,0.8772321428571429,1,899
ARG140352224,América del Sur,Argentina,ARG,Nicolás Bruzzone,Comuna,Local,2,Córdoba,Nicolás Bruzzone,368,2022,0,0.08108108108108109,0.19791666666666663,0.35,0.8571428571428571,0.01538461538461538,0.5076923076923077,1,0,0,0,1,0.2763157894736842,0,0.01401869158878504,0.27692307692307694,0.9230769230769232,1,65
ARG140352231,América del Sur,Argentina,ARG,Onagoity,Comuna,Local,2,Córdoba,Onagoity,46,2022,0,0.01923076923076923,0.2,0.47368421052631576,0.7777777777777778,0.04347826086956521,0.5217391304347826,1,0,0,0,0,0.25925925925925924,0,0,0.21739130434782608,0.8695652173913043,1,23
ARG140352238,América del Sur,Argentina,ARG,Pincén,Comuna,Local,2,Córdoba,Pincén,218,2022,0,0.0053475935828877,0.36885245901639346,0.5303030303030303,0.84375,0.02298850574712643,0.7011494252873564,1,0.01724137931034482,0.02857142857142857,0.01234567901234567,1,0.27450980392156865,0,0.01181102362204724,0.3793103448275862,0.9195402298850576,1,87
ARG140352245,América del Sur,Argentina,ARG,Ranqueles,Comuna,Local,2,Córdoba,Ranqueles,47,2022,0,0.0196078431372549,0.28,0.21052631578947367,0.7777777777777778,0,0.29411764705882354,1,0,0,0,1,0.19230769230769232,0,0,0.4705882352941176,0.8823529411764706,1,17
ARG140352252,América del Sur,Argentina,ARG,Villa Sarmiento,Comuna,Local,2,Córdoba,Villa Sarmiento,421,2022,0,0.05327868852459016,0.1411764705882353,0.4854368932038835,0.85,0.19166666666666668,0.25833333333333336,0.9833333333333332,0.07236842105263158,0.1,0.0588235294117647,0.49166666666666664,0.5306122448979592,0,0.02144772117962466,0.18333333333333332,0.9416666666666668,1,120
ARG140420266,América del Sur,Argentina,ARG,Arroyo Algodón,Municipio,Local,2,Córdoba,Arroyo Algodón,953,2022,0,0.03018867924528302,0.3475409836065574,0.5205479452054794,0.8959276018099548,0.960698689956332,0.777292576419214,0.9956331877729258,0.04166666666666666,0.06140350877192982,0.0303030303030303,0.9956331877729258,0.26605504587155965,0,0.0245664739884393,0.34497816593886466,0.851528384279476,1,229
ARG140420273,América del Sur,Argentina,ARG,Arroyo Cabral,Municipio,Local,2,Córdoba,Arroyo Cabral,3193,2022,0,0.01507760532150776,0.47216035634743875,0.6114101184068891,0.8563656147986942,0.9938650306748468,0.8507157464212679,1,0.03542435424354243,0.06161971830985915,0.01651842439644218,1,0.2047713717693837,7.1607590404582e-4,0.01288936627282492,0.49897750511247446,0.8558282208588958,1,978
ARG140420280,América del Sur,Argentina,ARG,Ausonia,Municipio,Local,2,Córdoba,Ausonia,1044,2022,0,0.0161892901618929,0.3304904051172708,0.4911242603550296,0.8256880733944955,0.9294117647058824,0.8323529411764706,0.9941176470588236,0.04587155963302752,0.07228915662650602,0.02962962962962963,0.9352941176470588,0.27181208053691275,0,0.01500441306266549,0.3911764705882353,0.85,1,340
ARG140420287,América del Sur,Argentina,ARG,Chazón,Municipio,Local,2,Córdoba,Chazón,1206,2022,0,0.01338199513381995,0.4661190965092402,0.598159509202454,0.851063829787234,0.84593837535014,0.8235294117647058,0.9915966386554622,0.03157894736842105,0.06153846153846154,0.01071428571428571,0.9299719887955182,0.25705329153605017,0,0.00185185185185185,0.4173669467787115,0.8711484593837535,1,358
ARG140420294,América del Sur,Argentina,ARG,Etruria,Municipio,Local,2,Córdoba,Etruria,4592,2022,0,0.01889168765743073,0.429020429544264,0.6004691164972635,0.8691660290742158,0.978060863411182,0.8082094833687191,0.9978768577494692,0.02626050420168067,0.05208333333333333,0.00880281690140845,0.9992922859164898,0.18109610802223988,9.685230024213e-4,0.01113801452784503,0.4833687190375088,0.8931351733899504,1,1418
ARG140420301,América del Sur,Argentina,ARG,La Laguna,Municipio,Local,2,Córdoba,La Laguna,1609,2022,0,0.01598579040852575,0.3664233576642336,0.5851063829787234,0.8660714285714286,0.974609375,0.802734375,0.99609375,0.03469079939668175,0.04363636363636364,0.02835051546391752,0.982421875,0.2415966386554622,0.01115485564304462,0.01771653543307086,0.443359375,0.859375,1,513
ARG140420308,América del Sur,Argentina,ARG,La Palestina,Municipio,Local,2,Córdoba,La Palestina,627,2022,0,0.01538461538461538,0.352112676056338,0.4931506849315068,0.7865853658536586,1,0.8457142857142858,1,0.03980099502487562,0.08333333333333333,0.01550387596899224,1,0.28125,0,0.02191235059760956,0.3942857142857143,0.8571428571428571,1,175
ARG140420315,América del Sur,Argentina,ARG,La Playosa,Municipio,Local,2,Córdoba,La Playosa,3083,2022,0,0.01492537313432835,0.4340390879478827,0.6375598086124402,0.8656542056074766,0.9788888888888888,0.8522222222222222,0.9977777777777778,0.03296703296703297,0.04878048780487805,0.02159244264507422,1,0.1539162112932605,3.6271309394269e-4,0.00725426187885382,0.46111111111111114,0.8588888888888889,1,902
ARG140420322,América del Sur,Argentina,ARG,Luca,Municipio,Local,2,Córdoba,Luca,649,2022,0,0.03201970443349754,0.2637795275590551,0.5444444444444444,0.8571428571428571,0.8806818181818182,0.6022727272727273,0.9943181818181818,0.0423728813559322,0.08163265306122448,0.0144927536231884,1,0.1901840490797546,0.00888099467140319,0.00532859680284191,0.35795454545454547,0.8465909090909091,1,176
ARG140420329,América del Sur,Argentina,ARG,Pasco,Municipio,Local,2,Córdoba,Pasco,1594,2022,0,0.01785714285714285,0.408273381294964,0.6118598382749326,0.8711340206185567,0.9948717948717948,0.7846153846153847,1,0.02654867256637168,0.05286343612334802,0.00887573964497041,0.9846153846153848,0.25888324873096447,0,0.00333055786844296,0.4307692307692308,0.8846153846153846,1,391
ARG140420336,América del Sur,Argentina,ARG,Silvio Pellico,Municipio,Local,2,Córdoba,Silvio Pellico,510,2022,0,0.01886792452830188,0.45294117647058824,0.5867768595041323,0.8396946564885496,0.978102189781022,0.7956204379562044,1,0.01104972375690607,0.02816901408450704,0,0.9708029197080292,0.2928571428571428,0,0.00246913580246913,0.49635036496350365,0.8613138686131386,1,137
ARG140420343,América del Sur,Argentina,ARG,Ticino,Municipio,Local,2,Córdoba,Ticino,2603,2022,0,0.01539408866995074,0.3902195608782435,0.6428571428571429,0.8818565400843882,0.997179125528914,0.8180535966149507,1,0.02832861189801699,0.0625,0.00478468899521531,0.9929478138222848,0.18758256274768825,0.00135931128228364,0.00407793384685092,0.46262341325811,0.91114245416079,1,710
ARG140420350,América del Sur,Argentina,ARG,Tío Pujio,Municipio,Local,2,Córdoba,Tío Pujio,3651,2022,0,0.0228287841191067,0.4011532125205931,0.5245901639344263,0.8605769230769231,0.976027397260274,0.8333333333333334,0.9908675799086758,0.03951890034364261,0.07142857142857142,0.01955307262569832,0.9920091324200914,0.14725274725274726,0.00411061285500747,0.00672645739910313,0.4417808219178082,0.8538812785388128,1,876
ARG140420357,América del Sur,Argentina,ARG,Villa María,Municipio,Local,2,Córdoba,Villa María,96061,2022,0.980614858000311,0.01237334372564302,0.6080356668966616,0.6601506047006922,0.8499572701745819,0.8206888872392547,0.90383045059758,0.9976245267611908,0.04173203639786633,0.06268003226178132,0.02432251268792492,0.9638536331923104,0.21442295375944667,0.00434907942396631,0.01592991339441262,0.5417563655259446,0.8670848489347487,1,26995
ARG140420364,América del Sur,Argentina,ARG,Villa Nueva,Municipio,Local,2,Córdoba,Villa Nueva,26260,2022,0.9671623695462466,0.01890009947420776,0.4482873665480427,0.6190016103059581,0.8660832232496698,0.9100120212948652,0.8584921861583376,0.9981109393783272,0.0470898888766641,0.0764828303850156,0.02554814108674928,0.9546625450798556,0.19466936572199728,0.00175601694039871,0.01564920979237682,0.4581830671475184,0.8694830843207968,1,5831
ARG140490371,América del Sur,Argentina,ARG,Deán Funes,Municipio,Local,2,Córdoba,Deán Funes,25318,2022,0,0.01392275118696266,0.5005427702996093,0.5441685912240185,0.7665375927718618,0.9845025829028496,0.87452091318113645,0.9941676387268789,0.06290341509212534,0.08620689655172414,0.04441170279941065,0.9746751082972342,0.4256768558951965,0.00274189051027047,0.00822567153081141,0.40326612231294784,0.8560239960006666,1,6017
ARG140490378,América del Sur,Argentina,ARG,Quilino,Municipio,Local,2,Córdoba,Quilino,6498,2022,0,0.04866385372714486,0.3386613386613387,0.4115755627009646,0.7418232428670842,0.9848594087959626,0.7627974044700793,0.9790915645277578,0.05451348182883939,0.0890625,0.03377110694183865,0.9228550829127612,0.45118191161356624,7.6016723679209e-4,0.00760167236792094,0.21629416005767843,0.8269646719538573,1,1391
ARG140492259,América del Sur,Argentina,ARG,Avellaneda,Comuna,Local,2,Córdoba,Avellaneda,466,2022,0,0.02586206896551724,0.2196969696969697,0.47368421052631576,0.7692307692307693,0.9797979797979798,0.7171717171717171,0.9898989898989898,0.08695652173913043,0.17777777777777778,0.02857142857142857,0.5151515151515151,0.3614457831325301,0,0.04953560371517028,0.1919191919191919,0.8888888888888888,1,99
ARG140492266,América del Sur,Argentina,ARG,Cañada de Machado,Comuna,Local,2,Córdoba,Cañada de Machado,155,2022,0,0.03896103896103896,0.2,0.29508196721311475,0.7230769230769231,0.9310344827586208,0.7241379310344828,1,0.03076923076923077,0,0.0425531914893617,0.9827586206896552,0.2391304347826087,0,0,0.25862068965517243,0.8793103448275862,1,58
ARG140492273,América del Sur,Argentina,ARG,Chuña,Comuna,Local,2,Córdoba,Chuña,687,2022,0,0.07368421052631578,0.1134020618556701,0.28,0.631578947368421,0.9668874172185432,0.5099337748344371,0.913907284768212,0.05797101449275362,0.11904761904761904,0.03125,0.8278145695364238,0.5327102803738317,0,0.00355239786856127,0.11920529801324505,0.5364238410596026,1,152
ARG140492280,América del Sur,Argentina,ARG,Copacabana,Comuna,Local,2,Córdoba,Copacabana,178,2022,0,0,0.08333333333333333,0.34615384615384615,0.4666666666666667,0,0.3333333333333333,0.8888888888888888,0.0625,0.1111111111111111,0,0,0.5454545454545454,0,0,0.05555555555555555,0.2222222222222222,1,18
ARG140492287,América del Sur,Argentina,ARG,Los Pozos,Comuna,Local,2,Córdoba,Los Pozos,16,2022,0,0.24675324675324675,0.10714285714285714,0.5,0.7894736842105263,0.07142857142857142,0.7142857142857143,1,0,0,0,0,0.2777777777777778,0,0,0.35714285714285715,1,1,15
ARG140492294,América del Sur,Argentina,ARG,Olivares de San Nicolás,Comuna,Local,2,Córdoba,Olivares de San Nicolás,533,2022,0,0.06419753086419754,0.10655737704918032,0.23214285714285715,0.640625,0.5167785234899329,0.4630872483221477,0.9597315436241612,0.11728395061728394,0.1794871794871795,0.0975609756097561,0.7651006711409396,0.25471698113207547,0,0,0.12751677852348994,0.7046979865771812,1,149
ARG140492301,América del Sur,Argentina,ARG,Villa Gutiérrez,Comuna,Local,2,Córdoba,Villa Gutiérrez,350,2022,0,0.04032258064516129,0.2642857142857143,0.4,0.7876106194690266,0.8651685393258427,0.8426966292134831,0.898876404494382,0.16535433070866143,0.15789473684210523,0.16853932584269662,0,0.38461538461538464,0,0.01173020527859237,0.20224719101123595,0.9101123595505618,1,90
ARG140560385,América del Sur,Argentina,ARG,Alejandro Roca,Municipio,Local,2,Córdoba,Alejandro Roca,6067,2022,0,0.01712158808933002,0.4239218877135883,0.576581904198699,0.8832116788321168,0.9643882825962092,0.6875358989086732,0.9965537047673751,0.02843016069221261,0.0523076923076923,0.01239669421487603,0.96496266513498,0.1974009900990099,3.707823507601e-4,0.01575824990730441,0.488799540493969,0.8914417001723147,1,1748
ARG140560392,América del Sur,Argentina,ARG,Bengolea,Municipio,Local,2,Córdoba,Bengolea,1004,2022,0,0.00286123032904148,0.3493975903614458,0.5211267605633803,0.8671328671328671,1,0.8651315789473685,0.9901315789473684,0.0303030303030303,0.05405405405405406,0.01612903225806451,0.9572368421052632,0.2727272727272727,0,0.00872410032715376,0.4309210526315789,0.8388157894736842,1,304
ARG140560399,América del Sur,Argentina,ARG,Carnerillo,Municipio,Local,2,Córdoba,Carnerillo,2677,2022,0,0.01862940785096473,0.3772972972972973,0.5511182108626198,0.8689320388349514,0.971291866028708,0.8628389154704945,0.9984051036682616,0.02834467120181406,0.04347826086956521,0.0186219739292365,1,0.1528013582342954,0,0.01556016597510373,0.46411483253588515,0.9170653907496013,1,628
ARG140560406,América del Sur,Argentina,ARG,Charras,Municipio,Local,2,Córdoba,Charras,1270,2022,0,0.01180637544273907,0.32037037037037036,0.49171270718232046,0.8463611859838275,0.9697802197802198,0.8324175824175823,1,0.04674796747967479,0.10674157303370786,0.01273885350318471,0.9697802197802198,0.1954397394136808,0,0.00447627573858549,0.5027472527472527,0.9175824175824177,1,364
ARG140560413,América del Sur,Argentina,ARG,General Cabrera,Municipio,Local,2,Córdoba,General Cabrera,14415,2022,0,0.02168353163571667,0.3759343664539654,0.6090127637405575,0.8692513368983957,0.9913157894736844,0.8776315789473684,0.998157894736842,0.04294149221685454,0.07014542343883662,0.02337742233159028,0.9792105263157894,0.18543956043956045,0.00337923460336233,0.01005322294500295,0.5089473684210526,0.8871052631578947,1,3805
ARG140560420,América del Sur,Argentina,ARG,General Deheza,Municipio,Local,2,Córdoba,General Deheza,12594,2022,0,0.01554466100681573,0.4550018594272964,0.6286196232780433,0.871939736346516,0.9968345323741008,0.957410071942446,0.9997122302158272,0.04053313857951433,0.06976744186046512,0.02036408515890157,0.9755395683453236,0.11355887752425912,0.00351890282414508,0.01615086168005053,0.5683453237410072,0.8998561151079136,1,3484
ARG140560427,América del Sur,Argentina,ARG,Huanchilla,Municipio,Local,2,Córdoba,Huanchilla,1136,2022,0,0.02008928571428571,0.39173228346456695,0.6035502958579881,0.850415512465374,0.7128953771289538,0.8394160583941606,0.9975669099756692,0.02348336594911937,0.04901960784313725,0.00651465798045602,0.9878345498783456,0.28700906344410876,0,0.01307759372275501,0.3771289537712895,0.8880778588807786,1,413
ARG140560434,América del Sur,Argentina,ARG,La Carlota,Municipio,Local,2,Córdoba,La Carlota,14480,2022,0,0.01643690349946977,0.4858292512246326,0.6141811758768609,0.8467827004219409,0.9410757946210268,0.8293398533007335,0.9963325183374084,0.03985828166519043,0.06162695152013147,0.0233572095920274,0.9748227817159618,0.2335231895850285,0.00110045590315988,0.01312686684483571,0.4660146699266504,0.8909535452322739,1,4107
ARG140560441,América del Sur,Argentina,ARG,Los Cisnes,Municipio,Local,2,Córdoba,Los Cisnes,711,2022,0,0.03201970443349754,0.3469387755102041,0.49390243902439024,0.8414634146341463,0.9578947368421052,0.7789473684210526,1,0.0365296803652968,0.07407407407407407,0.0144927536231884,0.9947368421052633,0.34177215189873417,0,0.01953818827708703,0.32105263157894737,0.8157894736842105,1,191
ARG140560448,América del Sur,Argentina,ARG,Olaeta,Municipio,Local,2,Córdoba,Olaeta,672,2022,0,0.01646090534979424,0.35714285714285715,0.49246231155778897,0.8925233644859814,0.9634703196347032,0.8310502283105022,1,0.01730103806228374,0.02040816326530612,0.01570680628272251,0.9680365296803652,0.28421052631578947,0.0046583850931677,0.0139751552795031,0.4840182648401826,0.8721461187214612,1,219
ARG140560455,América del Sur,Argentina,ARG,Reducción,Municipio,Local,2,Córdoba,Reducción,1900,2022,0,0.04847537138389367,0.21818181818181817,0.4677103718199608,0.8637992831541219,0.9813432835820896,0.6921641791044776,0.9888059701492538,0.05825242718446602,0.14644351464435146,0.01452282157676348,0.9646182495344506,0.15930902111324374,0,0.00688863375430539,0.2891791044776119,0.8544776119402985,1,540
ARG140560462,América del Sur,Argentina,ARG,Santa Eufemia,Municipio,Local,2,Córdoba,Santa Eufemia,2668,2022,0,0.01639344262295082,0.4429657794676806,0.5853333333333334,0.8184210526315789,0.980340760157274,0.8322411533420707,0.99737876802097,0.03581526861451461,0.05694760820045558,0.02090032154340836,0.9397116644823068,0.23109843081312412,0,0.00455109640049648,0.40498034076015726,0.8440366972477065,1,765
ARG140560469,América del Sur,Argentina,ARG,Ucacha,Municipio,Local,2,Córdoba,Ucacha,5808,2022,0,0.0182741116751269,0.4340277777777778,0.6160714285714286,0.8631984585741811,0.983661971830986,0.8912676056338029,0.9966197183098592,0.03073593073593073,0.04554865424430641,0.02008928571428571,0.9735211267605632,0.2,9.6767950454809e-4,0.01586994387458873,0.447887323943662,0.8433802816901409,1,1779
ARG140562308,América del Sur,Argentina,ARG,Assunta,Comuna,Local,2,Córdoba,Assunta,55,2022,0,0,0.15151515151515152,0,0.7619047619047619,0,0.04,1,0,NA,0,0,0.125,0,0,0.16,0.92,1,25
ARG140562315,América del Sur,Argentina,ARG,El Rastreador,Comuna,Local,2,Córdoba,El Rastreador,128,2022,0,0.07407407407407407,0.2258064516129032,0.23809523809523808,0.88,1,0.4444444444444444,0.9629629629629628,0,0,0,0,0.25,0,0,0.07407407407407407,0.925925925925926,1,27
ARG140562322,América del Sur,Argentina,ARG,Pacheco de Melo,Comuna,Local,2,Córdoba,Pacheco de Melo,136,2022,0,0.07692307692307693,0.2962962962962963,0.26666666666666666,0.8095238095238095,0,0.625,1,0,0,0,1,0.375,0,0,0.3125,1,1,16
ARG140562329,América del Sur,Argentina,ARG,Paso del Durazno,Comuna,Local,2,Córdoba,Paso del Durazno,26,2022,0,0,0.4332375478927203,0.5619047619047619,0.9747126436781608,0.46763460375075616,0.5271627344222625,0.9667271627344224,0,0,0,0.5009074410163339,0.3243933588761175,0,0,0.5236539624924379,1,1,29
ARG140630476,América del Sur,Argentina,ARG,Alejo Ledesma,Municipio,Local,2,Córdoba,Alejo Ledesma,3571,2022,0,0.02375478927203065,0.47697594501718216,0.5061147695202258,0.8427860696517413,0.4392439243924392,0.6831683168316831,0.9936993699369938,0.03610108303249097,0.06133828996282528,0.02007083825265643,0.9702970297029704,0.27547592385218367,0.00147710487444608,0.0121122599704579,0.43924392439243926,0.8541854185418541,1,1114
ARG140630483,América del Sur,Argentina,ARG,Arias,Municipio,Local,2,Córdoba,Arias,7635,2022,0,0.01525363604114934,0.45222533457827574,0.5634114007954043,0.8527166591827571,0.3475061324611611,0.7387571545380213,0.9983646770237122,0.03528670447385003,0.05803921568627451,0.02001053185887309,0.9693376941946036,0.1753861484803189,0.0024831011173955,0.00924265415919437,0.46852003270645953,0.8511856091578087,1,2452
ARG140630497,América del Sur,Argentina,ARG,Capitán General Bernardo O'Higgins,Municipio,Local,2,Córdoba,Capitán General Bernardo O'Higgins,558,2022,0,0.02816901408450704,0.2636363636363636,0.3884892086330935,0.8895705521472392,0.32413793103448274,0.6344827586206897,0.9793103448275862,0.02010050251256281,0.05555555555555555,0.00689655172413793,0.8068965517241379,0.16778523489932887,0.00201207243460764,0.00201207243460764,0.19310344827586207,0.8827586206896552,1,145
ARG140630504,América del Sur,Argentina,ARG,Cavanagh,Municipio,Local,2,Córdoba,Cavanagh,1286,2022,0,0.02564102564102564,0.391713747645951,0.5292479108635098,0.798941798941799,0.431980906921241,0.7613365155131265,0.9976133651551312,0.02439024390243902,0.04736842105263158,0.00993377483443708,0.9403341288782816,0.28615384615384615,8.0645161290322e-4,0.01129032258064516,0.4081145584725537,0.8591885441527446,1,420
ARG140630511,América del Sur,Argentina,ARG,Colonia Italiana,Municipio,Local,2,Córdoba,Colonia Italiana,730,2022,0,0.02268760907504363,0.486284289276808,0.6527196652719666,0.8850574712643678,0.6395348837209303,0.8023255813953488,1,0.01291989664082687,0.02564102564102564,0.00432900432900432,0.9418604651162792,0.2391304347826087,0.00132802124833997,0.01195219123505976,0.5,0.8682170542635659,1,258
ARG140630518,América del Sur,Argentina,ARG,Corral de Bustos,Municipio,Local,2,Córdoba,Corral de Bustos Ifflinger,11062,2022,0,0.01207267511355486,0.5272432651407738,0.6445172824791419,0.8469075321494183,0.6977682172627051,0.803979564399032,0.9978488841086314,0.03205518360722256,0.03975959315765141,0.02603036876355748,0.9862866361925248,0.22597235615557695,0.00182236715902551,0.01879915595626318,0.5280989513310029,0.8389351976337726,1,3731
ARG140630525,América del Sur,Argentina,ARG,Cruz Alta,Municipio,Local,2,Córdoba,Cruz Alta,7337,2022,0,0.01123201123201123,0.5224801645606818,0.6021881838074398,0.8877505567928731,0.987063896511172,0.573500588004704,0.9988239905919248,0.0344315820718314,0.06322674418604651,0.01455092824887104,1,0.20662382600098864,0.00361111111111111,0.01111111111111111,0.4947079576636613,0.8404547236377891,1,2556
ARG140630532,América del Sur,Argentina,ARG,General Baldissera,Municipio,Local,2,Córdoba,General Baldissera,2300,2022,0,0.0183585313174946,0.4368568755846586,0.5687074829931973,0.8741542625169147,0.9987654320987654,0.8679012345679012,0.9975308641975308,0.03007518796992481,0.04066985645933014,0.02321981424148607,0.9975308641975308,0.1828908554572271,0,0.00458906967042136,0.4679012345679012,0.837037037037037,1,812
ARG140630539,América del Sur,Argentina,ARG,General Roca,Municipio,Local,2,Córdoba,General Roca,2850,2022,0,0.01730418943533697,0.456828885400314,0.6254295532646048,0.8628370457209847,0.9968487394957984,0.7794117647058824,0.9968487394957984,0.03042121684867394,0.04578754578754578,0.01902173913043478,0.9789915966386554,0.23623853211009177,0.00107719928186714,0.01256732495511669,0.453781512605042,0.8277310924369747,1,955
ARG140630546,América del Sur,Argentina,ARG,Guatimozín,Municipio,Local,2,Córdoba,Guatimozín,2483,2022,0,0.01965725806451613,0.45503116651825465,0.5409035409035409,0.8151595744680851,0.9531963470319634,0.8481735159817352,0.997716894977169,0.01893939393939394,0.02708803611738149,0.0130505709624796,0.978310502283105,0.22767857142857145,0.00282828282828282,0.01818181818181818,0.4634703196347032,0.8116438356164384,1,877
ARG140630553,América del Sur,Argentina,ARG,Inriville,Municipio,Local,2,Córdoba,Inriville,3743,2022,0,0.0119277885235332,0.5136363636363637,0.559610705596107,0.8493617021276596,0.996268656716418,0.7141791044776119,1,0.02725118483412322,0.04057971014492753,0.01803607214428857,0.996268656716418,0.20706575073601569,8.0601826974744e-4,0.00886620096722192,0.4955223880597015,0.8119402985074626,1,1341
ARG140630560,América del Sur,Argentina,ARG,Isla Verde,Municipio,Local,2,Córdoba,Isla Verde,4374,2022,0,0.02040212891780012,0.4305,0.5585521646557843,0.8467261904761905,0.8595096090125911,0.8031809145129225,0.9953611663353216,0.03532467532467533,0.05717916137229987,0.02021089630931458,0.9715043074884028,0.243265306122449,0.00113895216400911,0.00911161731207289,0.4393638170974155,0.8654738237243207,1,1515
ARG140630567,América del Sur,Argentina,ARG,Leones,Municipio,Local,2,Córdoba,Leones,11429,2022,0,0.01304662962068132,0.4740679025203083,0.6051593323216995,0.8646220570012392,0.9907795473595976,0.7985470801899972,0.9994411846884604,0.03699059561128527,0.05817452357071213,0.02185596560372626,0.9932942162615256,0.2165083524402227,0.0039889828093836,0.01006743280463481,0.5160659402067617,0.8463257893266275,1,3593
ARG140630574,América del Sur,Argentina,ARG,Los Surgentes,Municipio,Local,2,Córdoba,Los Surgentes,2895,2022,0,0.01149933657673595,0.5372907153729072,0.5715896279594137,0.8547297297297297,0.9858442871587464,0.8988877654196158,1,0.02448657187993681,0.04339250493096647,0.01185770750988142,0.9646107178968656,0.2628930817610063,0.00214669051878354,0.0035778175313059,0.5419615773508595,0.8321536905965622,1,991
ARG140630581,América del Sur,Argentina,ARG,Marcos Juárez,Municipio,Local,2,Córdoba,Marcos Juárez,28485,2022,0,0.009956231061517,0.5296689569019363,0.65243480267712906,0.8784478728377747,0.9962821090581344,0.9026588553402431,0.9986480396575034,0.03470007593014426,0.05712769720551822,0.01782863225119744,0.9763406940063092,0.2166970802919708,0.00147759595138709,0.0055409848177016,0.532785038305543,0.877196935556557,1,8896
ARG140630588,América del Sur,Argentina,ARG,Monte Buey,Municipio,Local,2,Córdoba,Monte Buey,7103,2022,0,0.0142150803461063,0.5027192386131883,0.6439471007121058,0.8701754385964913,0.9990295972828724,0.9170305676855895,0.9990295972828724,0.0346435709526982,0.05371248025276461,0.02073732718894009,0.9781659388646288,0.1437246963562753,0.00159108989657915,0.00938743038981702,0.5565259582726831,0.8481319747695294,1,2067
ARG140630595,América del Sur,Argentina,ARG,Saira,Municipio,Local,2,Córdoba,Saira,899,2022,0,0.00895522388059701,0.5,0.4777327935222672,0.8114035087719298,0.9683098591549296,0.5598591549295775,1,0.0264026402640264,0.0423728813559322,0.01621621621621621,1,0.3349514563106796,0,0,0.4471830985915493,0.8098591549295775,1,291
ARG140632336,América del Sur,Argentina,ARG,Colonia Barge,Comuna,Local,2,Córdoba,Colonia Barge,412,2022,0,0.13846153846153847,0.12345679012345678,0.5102040816326531,0.912280701754386,0.04615384615384615,0.4,1,0.05194805194805195,0.04,0.05769230769230769,0,0.23255813953488372,0,0,0.13846153846153847,0.8769230769230769,1,65
ARG140632343,América del Sur,Argentina,ARG,Saladillo,Comuna,Local,2,Córdoba,Saladillo,231,2022,0,0.02097902097902098,0.14102564102564102,0.44642857142857145,0.7833333333333333,0.9692307692307692,0.4153846153846154,1,0.05555555555555555,0.04,0.06382978723404255,0.9384615384615383,0.24561403508771928,0,0.04838709677419355,0.18461538461538465,0.8615384615384616,1,65
ARG140632350,América del Sur,Argentina,ARG,Villa Elisa,Comuna,Local,2,Córdoba,Villa Elisa,33,2022,0,0.125,0.2,0.4,1,0.125,0.5,1,0,0,0,1,0.2222222222222222,0,0,0,0.875,1,8
ARG140700602,América del Sur,Argentina,ARG,San Carlos Minas,Municipio,Local,2,Córdoba,San Carlos Minas,2167,2022,0,0.01275917065390749,0.4693042291950887,0.5147058823529411,0.6845124282982792,0.9009345794392524,0.8635514018691589,0.9794392523364486,0.06583072100313479,0.075,0.05865921787709497,0.8990654205607477,0.6761487964989059,0,0.02393461762988908,0.30654205607476637,0.8448598130841122,1,535
ARG140702357,América del Sur,Argentina,ARG,Ciénaga del Coro,Comuna,Local,2,Córdoba,Ciénaga del Coro,548,2022,0,0.04150943396226415,0.24100719424460432,0.32432432432432434,0.4796380090497738,0.5020746887966805,0.5518672199170125,0.8589211618257262,0.03012048192771084,0.01666666666666666,0.03773584905660377,0.17842323651452285,0.6310679611650486,0,0.00835654596100278,0.12033195020746888,0.6763485477178424,1,247
ARG140702364,América del Sur,Argentina,ARG,El Chacho,Comuna,Local,2,Córdoba,El Chacho,160,2022,0,0.05363984674329502,0.11188811188811187,0.19801980198019803,0.46846846846846846,0.6320754716981132,0.29245283018867924,0.7924528301886792,0.04166666666666666,0,0.05769230769230769,0,0.4545454545454546,0,0.02493765586034913,0.00943396226415094,0.5283018867924528,1,106
ARG140702371,América del Sur,Argentina,ARG,Estancia de Guadalupe,Comuna,Local,2,Córdoba,Estancia de Guadalupe,536,2022,0,0.03517587939698492,0.1222707423580786,0.3443708609271523,0.5348837209302325,0.3053892215568862,0.467065868263473,0.8263473053892215,0.0763888888888889,0.09615384615384616,0.06521739130434782,0,0.3978494623655914,0,0.00191570881226053,0.04790419161676647,0.6526946107784432,1,167
ARG140702378,América del Sur,Argentina,ARG,Guasapampa,Comuna,Local,2,Córdoba,Guasapampa,199,2022,0,0.04324324324324324,0.18181818181818185,0.3194444444444444,0.4358974358974359,0.4567901234567901,0.4567901234567901,0.8271604938271604,0.0175438596491228,0,0.02941176470588235,0.18518518518518515,0.48780487804878053,0,0.07883817427385892,0.06172839506172839,0.345679012345679,1,81
ARG140702385,América del Sur,Argentina,ARG,La Playa,Comuna,Local,2,Córdoba,La Playa,378,2022,0,0.01935483870967742,0.25274725274725274,0.3968253968253968,0.6756756756756757,0.8923076923076924,0.6,0.9538461538461538,0.08,0.16,0.04,0.9230769230769232,0.42105263157894735,0,0.3,0.07692307692307693,0.13846153846153847,1,65
ARG140702392,América del Sur,Argentina,ARG,Talaini,Comuna,Local,2,Córdoba,Talaini,110,2022,0,0,0.3137254901960784,0.25925925925925924,0.5217391304347826,0.8536585365853658,0.41463414634146334,0.8536585365853658,0.16129032258064516,0,0.20833333333333337,0,0.5,0,0,0.02439024390243902,0.6341463414634146,1,41
ARG140702399,América del Sur,Argentina,ARG,Tosno,Comuna,Local,2,Córdoba,Tosno,98,2022,0,0.02222222222222222,0.10126582278481013,0.25925925925925924,0.6538461538461539,0.4821428571428571,0.35714285714285715,0.8035714285714286,0.125,0.14285714285714285,0.1176470588235294,0,0.7,0,0.01075268817204301,0.07142857142857142,0.6964285714285714,1,56
ARG140770609,América del Sur,Argentina,ARG,Salsacate,Municipio,Local,2,Córdoba,Salsacate,2063,2022,0,0.02321981424148607,0.4392523364485981,0.5785582255083179,0.7387755102040816,0.8831858407079646,0.8442477876106195,0.9433628318584072,0.0725925925925926,0.0926517571884984,0.05524861878453038,0.863716814159292,0.4811320754716981,0.00231481481481481,0.00405092592592592,0.31504424778761064,0.8761061946902655,1,567
ARG140772406,América del Sur,Argentina,ARG,Chancani,Comuna,Local,2,Córdoba,Chancani,572,2022,0,0.05329153605015674,0.2328042328042328,0.31851851851851853,0.6214285714285714,0.9850746268656716,0.47761194029850745,0.8507462686567163,0.09230769230769233,0.13953488372093023,0.06896551724137931,0,0.7195121951219513,0,0.00431965442764578,0.11940298507462686,0.05970149253731343,1,135
ARG140772413,América del Sur,Argentina,ARG,Las Palmas,Comuna,Local,2,Córdoba,Las Palmas,307,2022,0,0.0396039603960396,0.2833333333333333,0.28205128205128205,0.5116279069767442,0.6923076923076923,0.7179487179487178,0.9230769230769232,0.0303030303030303,0,0.04545454545454545,0,0.7777777777777777,0,0,0.20512820512820512,0.5384615384615384,1,39
ARG140772420,América del Sur,Argentina,ARG,Los Talares,Comuna,Local,2,Córdoba,Los Talares,104,2022,0,0.01626016260162601,0.13333333333333333,0.4130434782608696,0.5254237288135594,0.07142857142857142,0.3392857142857143,0.5714285714285714,0.04,0,0.06451612903225806,0,0.5172413793103449,0,0.00636942675159235,0.05357142857142857,0.7857142857142857,1,56
ARG140772427,América del Sur,Argentina,ARG,San Gerónimo,Comuna,Local,2,Córdoba,San Gerónimo,183,2022,0,0.02422907488986784,0.33568904593639576,0.32978723404255317,0.6600985221674877,0.04761904761904761,0.19841269841269843,0.6984126984126984,0.10714285714285714,0.1774193548387097,0.07462686567164178,0,0.3928571428571429,0,0.02159468438538206,0.0238095238095238,0.42857142857142855,1,126
ARG140772434,América del Sur,Argentina,ARG,Tala Cañada,Comuna,Local,2,Córdoba,Tala Cañada,357,2022,0,0.0111731843575419,0.1914893617021277,0.5507246376811594,0.7183098591549296,0.2839506172839506,0.691358024691358,0.8641975308641976,0.05617977528089887,0.07894736842105263,0.0392156862745098,0.6419753086419753,0.6621621621621622,0,0.00787401574803149,0.16049382716049382,0.7037037037037037,1,81
ARG140772441,América del Sur,Argentina,ARG,Villa de Pocho,Comuna,Local,2,Córdoba,Villa de Pocho,298,2022,0,0.0189873417721519,0.25,0.43636363636363634,0.8307692307692308,0.8,0.8,0.8428571428571429,0.19230769230769232,0.20833333333333337,0.18518518518518515,0.8285714285714286,0.55,0,0.01990049751243781,0.11428571428571428,0.7428571428571429,1,72
ARG140840616,América del Sur,Argentina,ARG,General Levalle,Municipio,Local,2,Córdoba,General Levalle,5769,2022,0,0.02133580705009276,0.41589147286821704,0.6157328805885682,0.8722689075630252,0.9109697933227344,0.7827239003709592,0.9994700582935876,0.04725897920604915,0.07628676470588236,0.02697495183044316,0.9772125066242712,0.25560266505148393,1.7488632388947e-4,0.01206715634837355,0.5124536301006889,0.895601483836778,1,1895
ARG140840623,América del Sur,Argentina,ARG,La Cesira,Municipio,Local,2,Córdoba,La Cesira,1324,2022,0,0.00815494393476045,0.39593908629441626,0.6055979643765903,0.8594847775175644,0.7414187643020596,0.7459954233409611,0.9931350114416476,0.02314049586776859,0.0546218487394958,0.00272479564032697,0.9610983981693364,0.26,0,0.01138088012139605,0.42105263157894735,0.8443935926773455,1,439
ARG140840630,América del Sur,Argentina,ARG,Laboulaye,Municipio,Local,2,Córdoba,Laboulaye,22523,2022,0,0.01910170366546205,0.49232287782408424,0.6014357053682896,0.8457066932403255,0.0767458603311735,0.8822174226061914,0.9982721382289416,0.04694835680751173,0.06253243383497664,0.03515318146111548,0.9713462922966164,0.26786342837029214,0.00280762900571207,0.0142801820118114,0.4889848812095032,0.8658027357811375,1,6967
ARG140840637,América del Sur,Argentina,ARG,Melo,Municipio,Local,2,Córdoba,Melo,1162,2022,0,0.0155440414507772,0.37521514629948366,0.5210526315789473,0.8540145985401459,0.45714285714285713,0.8476190476190476,0.9976190476190476,0.04007285974499089,0.06060606060606061,0.02849002849002849,0.961904761904762,0.27218934911242604,0,0.00956937799043062,0.4738095238095238,0.8357142857142857,1,420
ARG140840644,América del Sur,Argentina,ARG,Rosales,Municipio,Local,2,Córdoba,Rosales,486,2022,0,0.03970223325062035,0.3,0.4827586206896552,0.7888888888888889,0.01104972375690607,0.5359116022099447,0.994475138121547,0.04716981132075472,0.1,0.02112676056338028,0.9171270718232044,0.3684210526315789,0,0.00560747663551401,0.292817679558011,0.8342541436464088,1,182
ARG140840651,América del Sur,Argentina,ARG,Serrano,Municipio,Local,2,Córdoba,Serrano,3420,2022,0,0.0174512987012987,0.4313593539703903,0.5769230769230769,0.8629592850049652,0.8609271523178808,0.7445600756859035,1,0.03094910591471801,0.04615384615384615,0.02071346375143843,0.9725638599810784,0.241953385127636,0.00373948270489249,0.00716734185104393,0.4692526017029328,0.8807947019867549,1,1062
ARG140840658,América del Sur,Argentina,ARG,Villa Rossi,Municipio,Local,2,Córdoba,Villa Rossi,513,2022,0,0.02185792349726776,0.2971698113207547,0.4076433121019109,0.7718120805369127,0.9559748427672956,0.8113207547169811,0.9748427672955976,0.06145251396648044,0.109375,0.03478260869565217,0.9119496855345912,0.35772357723577236,0.0058252427184466,0,0.4339622641509434,0.8238993710691824,1,160
ARG140842448,América del Sur,Argentina,ARG,Leguizamón,Comuna,Local,2,Córdoba,Leguizamón,29,2022,0,0.03333333333333333,0.1,0.26666666666666666,0.7272727272727273,0,0.5,0.9375,0,0,0,0,0.125,0,0,0.125,0.9375,1,16
ARG140842455,América del Sur,Argentina,ARG,Río Bamba,Comuna,Local,2,Córdoba,Río Bamba,103,2022,0,0.02531645569620253,0.20833333333333337,0.3928571428571429,0.9210526315789472,0.5945945945945946,0.6486486486486487,1,0,0,0,0.972972972972973,0.2,0,0.00952380952380952,0.32432432432432434,0.918918918918919,1,37
ARG140842462,América del Sur,Argentina,ARG,San Joaquín,Comuna,Local,2,Córdoba,San Joaquín,176,2022,0,0.04901960784313725,0.24193548387096775,0.38461538461538464,0.813953488372093,0.10869565217391304,0.4130434782608696,0.9782608695652174,0.04,0.06666666666666667,0.02857142857142857,0.7608695652173914,0.2647058823529412,0,0.04285714285714286,0.17391304347826086,0.7608695652173914,1,47
ARG140910665,América del Sur,Argentina,ARG,Bialet Massé,Municipio,Local,2,Córdoba,Bialet Massé,9886,2022,0.8882006560392767,0.00800388066941547,0.5628019323671497,0.5995370370370371,0.8201650943396226,0.9667036625971144,0.8329633740288569,0.992785793562708,0.06798516687268233,0.11196911196911195,0.03522645578720345,0.956159822419534,0.32115249472944485,0.00256927876674619,0.03450174343916315,0.4428412874583796,0.8879023307436182,1,1802
ARG140910672,América del Sur,Argentina,ARG,Capilla del Monte,Municipio,Local,2,Córdoba,Capilla del Monte,12834,2022,0,0.0134051329055912,0.5772227772227773,0.6318634423897582,0.8402045381911154,0.980277185501066,0.9032515991471216,0.9938699360341152,0.05216494845360825,0.0630346690679874,0.04298212248003043,0.9653518123667376,0.2958742632612966,0.0047868096799929,0.04467689034660048,0.4413646055437101,0.8813965884861408,1,3846
ARG140910679,América del Sur,Argentina,ARG,Cosquín,Municipio,Local,2,Córdoba,Cosquín,25119,2022,0,0.0121805904938435,0.5546401190067514,0.6142924751538098,0.8095238095238095,0.9681458003169572,0.8741679873217116,0.9963549920760696,0.06616874781188004,0.09219311761684644,0.04449197860962567,0.964828897338403,0.326026892613741,0.0048448145344436,0.03391370174110522,0.4483359746434231,0.8589540412044374,1,6347
ARG140910686,América del Sur,Argentina,ARG,Huerta Grande,Municipio,Local,2,Córdoba,Huerta Grande,7884,2022,0,0.01441881100266193,0.4249413604378421,0.613697164258962,0.8301997649823737,0.9083842309827872,0.8195446973903386,0.991671293725708,0.074609375,0.1037489102005231,0.05095541401273885,0.9877845641310384,0.24889729048519216,0.00404517107702679,0.02528231923141749,0.3792337590227651,0.8484175458078845,1,1821
ARG140910693,América del Sur,Argentina,ARG,La Cumbre,Municipio,Local,2,Córdoba,La Cumbre,7200,2022,0,0.01153715643026807,0.5007591861524445,0.6353430353430354,0.8347826086956521,0.9714400643604184,0.8407079646017699,0.991150442477876,0.04952267303102625,0.0693717277486911,0.03289473684210526,0.9573612228479486,0.19990103908955964,0.00579822187862388,0.02667182064166988,0.4312148028962188,0.8467417538213998,1,2533
ARG140910700,América del Sur,Argentina,ARG,La Falda,Municipio,Local,2,Córdoba,La Falda,16732,2022,0,0.01142947853004206,0.5196078431372549,0.6116563188463849,0.8220705346985211,0.888975457732762,0.8718348266458902,0.9947409427347098,0.06299685015749212,0.08578912901113293,0.04373097149183504,0.9797428905336968,0.25953827460510326,0.00225899017034006,0.01843824409304597,0.423841059602649,0.8439813011297234,1,5209
ARG140910707,América del Sur,Argentina,ARG,Los Cocos,Municipio,Local,2,Córdoba,Los Cocos,1409,2022,0,0.01052631578947368,0.4575892857142857,0.6366459627329193,0.8414239482200647,0.8636363636363636,0.7272727272727273,0.9971590909090908,0.06666666666666667,0.1073170731707317,0.03461538461538462,0.9545454545454546,0.3515358361774744,0.00562248995983935,0.02570281124497992,0.3920454545454546,0.8693181818181818,1,372
ARG140910710,América del Sur,Argentina,ARG,San Antonio de Arredondo,Municipio,Local,2,Córdoba,San Antonio de Arredondo,6041,2022,0.9443600195186544,0.00666000666000666,0.6030534351145038,0.6467065868263473,0.8443067389620449,0.9853181076672104,0.8629690048939641,0.9991843393148452,0.05885363357215967,0.10416666666666669,0.02293577981651376,0.9110929853181076,0.2879377431906615,0.00687022900763358,0.02519083969465648,0.531810766721044,0.933115823817292,1,1239
ARG140910714,América del Sur,Argentina,ARG,San Esteban,Municipio,Local,2,Córdoba,San Esteban,1213,2022,0,0.02153846153846153,0.4725848563968668,0.5185185185185185,0.7752808988764045,0.8880597014925373,0.832089552238806,0.9850746268656716,0.05187319884726225,0.1,0.01932367149758454,0.9104477611940298,0.4394618834080718,0.00466744457409568,0.0396732788798133,0.35074626865671643,0.9067164179104478,1,277
ARG140910721,América del Sur,Argentina,ARG,Santa María de Punilla,Municipio,Local,2,Córdoba,Santa María de Punilla,11904,2022,0.01992063011604743,0.02886483485983902,0.48285220824080927,0.5856996236743072,0.8318352059925094,0.9534963830520152,0.861178091629349,0.9951774026868756,0.07322654462242563,0.102803738317757,0.05042773525438991,0.9586634516017912,0.3267518389469609,0.00402435249200288,0.02528118873181302,0.3861522562866001,0.851877368239752,1,2914
ARG140910728,América del Sur,Argentina,ARG,Tanti,Municipio,Local,2,Córdoba,Tanti,11020,2022,0.28425745691127624,0.01231671554252199,0.5056970509383378,0.6076254826254827,0.8542713567839196,0.9338559529642332,0.829985301322881,0.984811366976972,0.06387293004393377,0.10643367752184273,0.03235294117647059,0.8809407153356198,0.23814962878355225,0.00570092091799444,0.0422452857769332,0.4037236648701617,0.9186673199412052,1,2069
ARG140910735,América del Sur,Argentina,ARG,Valle Hermoso,Municipio,Local,2,Córdoba,Valle Hermoso,7255,2022,0,0.01245777027027027,0.43846749226006193,0.5779082177161152,0.8187001140250855,0.8918050348152116,0.7862881628280665,0.9914301017675414,0.08376339817387853,0.13111726685133887,0.04805013927576602,0.953401178361007,0.2561124694376528,0.00175943698016634,0.00927703134996801,0.3695768612747723,0.8355650776647028,1,1900
ARG140910742,América del Sur,Argentina,ARG,Villa Carlos Paz,Municipio,Local,2,Córdoba,Villa Carlos Paz,71274,2022,0.9984814502589684,0.00681148748159057,0.6439126360556476,0.6399390243902439,0.8683132129803965,0.996718066263805,0.8884663471556574,0.9944259220670972,0.06843743368465728,0.09472764808639036,0.04732142857142857,0.9988539279016462,0.2102356406480118,0.00511937227883833,0.01495941183037494,0.5671494061262763,0.8985205251093978,1,19530
ARG140910749,América del Sur,Argentina,ARG,Villa Giardino,Municipio,Local,2,Córdoba,Villa Giardino,7391,2022,0,0.0117412935323383,0.4946958981612447,0.624248496993988,0.8493150684931506,0.9600985221674876,0.835960591133005,0.9916256157635468,0.07137858642407278,0.10593900481540933,0.04466501240694789,0.9576354679802956,0.24310041103934235,0.00352422907488986,0.02070484581497797,0.4019704433497537,0.8738916256157635,1,2090
ARG140910752,América del Sur,Argentina,ARG,Villa Río Icho Cruz,Municipio,Local,2,Córdoba,Villa Río Icho Cruz,2856,2022,0.5168174630556602,0.01031636863823934,0.5490867579908676,0.6310517529215359,0.8344481605351171,0.9566724436741768,0.8734835355285961,0.9878682842287694,0.05587229190421892,0.082010582010582,0.03607214428857715,0.9913344887348352,0.26879699248120303,0.00468505986465382,0.01197293076522644,0.43327556325823224,0.902946273830156,1,590
ARG140910754,América del Sur,Argentina,ARG,Villa Santa Cruz del Lago,Municipio,Local,2,Córdoba,Villa Santa Cruz del Lago,3671,2022,0.999999999852952,0.00825991189427312,0.5093220338983051,0.6478696741854637,0.8915816326530612,0.972,0.8400000000000001,0.996,0.07236842105263158,0.11605415860735008,0.04005722460658083,0.9693333333333334,0.23842917251051893,0.0052588996763754,0.0412621359223301,0.4493333333333333,0.892,1,759
ARG140912469,América del Sur,Argentina,ARG,Cabalango,Comuna,Local,2,Córdoba,Cabalango,616,2022,0.09676726274116455,0.01381215469613259,0.5336134453781513,0.6521739130434783,0.8846153846153846,0.7125748502994013,0.7544910179640718,0.940119760479042,0.07017543859649122,0.1,0.05072463768115942,0.8802395209580839,0.3643410852713178,0.00631578947368421,0.05263157894736842,0.2395209580838323,0.8922155688622755,1,168
ARG140912476,América del Sur,Argentina,ARG,Casa Grande,Comuna,Local,2,Córdoba,Casa Grande,1404,2022,0,0.01303538175046555,0.551829268292683,0.7064676616915423,0.8078602620087336,0.923076923076923,0.7647058823529411,0.9819004524886876,0.11009174311926606,0.1619718309859155,0.07027027027027027,0.995475113122172,0.32608695652173914,0.0028530670470756,0.05135520684736091,0.36199095022624433,0.8778280542986425,1,227
ARG140912483,América del Sur,Argentina,ARG,Charbonier,Comuna,Local,2,Córdoba,Charbonier,788,2022,0,0.05827505827505827,0.43209876543209874,0.5294117647058824,0.8373493975903614,0.5965909090909091,0.6363636363636364,0.9715909090909092,0.05,0.08641975308641975,0.02877697841726619,0.6420454545454546,0.3097345132743363,0.01265822784810126,0.0705244122965642,0.24431818181818185,0.8238636363636364,1,189
ARG140912490,América del Sur,Argentina,ARG,Cuesta Blanca,Comuna,Local,2,Córdoba,Cuesta Blanca,634,2022,0,0.0072992700729927,0.708171206225681,0.6441717791411042,0.875,0.9707602339181286,0.7368421052631579,0.9883040935672514,0.02702702702702703,0.04761904761904761,0.01298701298701298,0.8947368421052632,0.4649681528662421,0.00392156862745098,0.02156862745098039,0.4619883040935672,0.9473684210526316,1,181
ARG140912497,América del Sur,Argentina,ARG,Estancia Vieja,Comuna,Local,2,Córdoba,Estancia Vieja,2347,2022,1,0.02507836990595611,0.5095238095238095,0.6301369863013698,0.8853046594982079,0.9612676056338028,0.7887323943661972,0.9507042253521126,0.05336426914153132,0.09782608695652174,0.02024291497975708,0.7992957746478874,0.2591240875912409,0.0099009900990099,0.0209020902090209,0.31338028169014087,0.9049295774647887,1,285
ARG140912504,América del Sur,Argentina,ARG,Mayu Sumaj,Comuna,Local,2,Córdoba,Mayu Sumaj,2884,2022,0.9966541116241424,0.01321138211382113,0.4616541353383459,0.5913461538461539,0.8738738738738738,0.9976303317535544,0.8649289099526066,0.9928909952606636,0.04574132492113565,0.08536585365853659,0.02061855670103092,0.981042654028436,0.24528301886792453,0,0.01663051337671728,0.4644549763033176,0.9075829383886256,1,424
ARG140912518,América del Sur,Argentina,ARG,San Roque,Comuna,Local,2,Córdoba,San Roque,2473,2022,0.990345191581156,0.013189448441247,0.5278884462151394,0.49854227405247814,0.7928176795580111,0.8226744186046512,0.8255813953488372,1,0.06331877729257641,0.12280701754385964,0.02787456445993031,1,0.39446366782006914,8.8652482269503e-4,0.01861702127659574,0.4215116279069768,0.8982558139534884,1,348
ARG140912525,América del Sur,Argentina,ARG,Tala Huasi,Comuna,Local,2,Córdoba,Tala Huasi,200,2022,0.12317641802460388,0.00833333333333333,0.7924528301886793,0.6551724137931034,0.9210526315789472,0.951219512195122,0.926829268292683,1,0.01851851851851851,0,0.02857142857142857,1,0.27586206896551724,0,0.02040816326530612,0.4878048780487805,0.8780487804878049,1,47
ARG140912532,América del Sur,Argentina,ARG,Villa Parque Síquiman,Comuna,Local,2,Córdoba,Villa Parque Síquiman,3555,2022,0.9999999998413192,0.00857755539671193,0.5972696245733788,0.6311188811188811,0.8500851788756388,0.909710391822828,0.7427597955706984,0.9948892674616696,0.04534883720930233,0.0886426592797784,0.01402805611222444,0.9045996592844976,0.2653927813163482,0.00370762711864406,0.03389830508474576,0.43100511073253833,0.9454855195911414,1,605
ARG140980756,América del Sur,Argentina,ARG,Achiras,Municipio,Local,2,Córdoba,Achiras,2870,2022,0,0.02379664683612763,0.3866279069767442,0.533068783068783,0.8275862068965517,0.9869203329369798,0.6801426872770511,0.9916765755053508,0.06435137895812053,0.09925558312655088,0.03993055555555555,0.990487514863258,0.2521891418563923,0,0.0104253544620517,0.3388822829964328,0.8133174791914387,1,846
ARG140980763,América del Sur,Argentina,ARG,Adelia María,Municipio,Local,2,Córdoba,Adelia María,7960,2022,0,0.01859504132231405,0.3926345609065156,0.5738448844884488,0.877370417193426,0.9894900739587388,0.869209809264305,1,0.03771955082061618,0.05607476635514018,0.02545629202689721,0.9910471000389256,0.19065420560747665,0.00167980359219537,0.00930352758754361,0.44297391981315687,0.8540288049824835,1,2576
ARG140980770,América del Sur,Argentina,ARG,Alcira,Municipio,Local,2,Córdoba,Alcira,6574,2022,0,0.02665520206362854,0.48847040737893926,0.530031612223393,0.8227194492254734,0.9935770750988142,0.8843873517786562,0.9970355731225296,0.03688524590163934,0.05765407554671968,0.02231520223152022,0.9995059288537548,0.2558746736292428,0.00236326806212018,0.00438892640108035,0.4565217391304347,0.8720355731225297,1,2033
ARG140980777,América del Sur,Argentina,ARG,Alpa Corral,Municipio,Local,2,Córdoba,Alpa Corral,1274,2022,0,0.03748326639892905,0.39097744360902253,0.61003861003861,0.8982456140350877,0.929530201342282,0.5973154362416107,0.9664429530201342,0.01690821256038647,0.0379746835443038,0.00390625,0.9865771812080536,0.3173431734317343,0.0041407867494824,0.0217391304347826,0.3053691275167785,0.8959731543624161,1,318
ARG140980784,América del Sur,Argentina,ARG,Berrotarán,Municipio,Local,2,Córdoba,Berrotarán,7380,2022,0,0.01972093023255814,0.46721571111815013,0.5794392523364486,0.8646833013435701,0.9978595890410958,0.8587328767123288,0.997431506849315,0.04123711340206185,0.07142857142857142,0.01942286348501664,0.9721746575342466,0.23918707660239708,0.00348533255881498,0.0065349985477781,0.4105308219178082,0.8476027397260274,1,2342
ARG140980791,América del Sur,Argentina,ARG,Bulnes,Municipio,Local,2,Córdoba,Bulnes,1069,2022,0,0.01670951156812339,0.2680652680652681,0.5263157894736842,0.8087248322147651,1,0.668693009118541,0.9969604863221884,0.04239401496259352,0.08125,0.01659751037344398,1,0.3716475095785441,9.5147478591817e-4,0.00856327307326355,0.42249240121580545,0.8267477203647416,1,330
ARG140980798,América del Sur,Argentina,ARG,Chaján,Municipio,Local,2,Córdoba,Chaján,613,2022,0,0.04212454212454213,0.28012048192771083,0.4956140350877193,0.864406779661017,0.9957081545064378,0.6351931330472103,0.9957081545064378,0.05678233438485804,0.08849557522123894,0.0392156862745098,1,0.2653061224489796,0.00912646675358539,0.01434159061277705,0.31759656652360513,0.8798283261802575,1,234
ARG140980805,América del Sur,Argentina,ARG,Coronel Baigorria,Municipio,Local,2,Córdoba,Coronel Baigorria,1834,2022,0,0.04475043029259897,0.338855421686747,0.4927234927234927,0.8041666666666667,0.976293103448276,0.7478448275862069,0.9978448275862069,0.0449438202247191,0.05907172995780591,0.03626943005181347,0.9525862068965516,0.3370535714285714,0,0.00783289817232375,0.3879310344827586,0.8405172413793104,1,465
ARG140980812,América del Sur,Argentina,ARG,Coronel Moldes,Municipio,Local,2,Córdoba,Coronel Moldes,9502,2022,0,0.022024504084014,0.4026137220407138,0.5827389443651926,0.8670562454346238,0.9877175025588536,0.677584442169908,0.9965881951552372,0.04590818363273453,0.0740514075887393,0.02653748946925021,0.9911323328785812,0.2620768352985926,0.00144284128745837,0.0076581576026637,0.4302285909245991,0.8607983623336745,1,2941
ARG140980819,América del Sur,Argentina,ARG,Elena,Municipio,Local,2,Córdoba,Elena,3387,2022,0,0.02769492969748615,0.49063670411985016,0.6060606060606061,0.863431151241535,0.9921875,0.9248046875,0.998046875,0.041635687732342,0.0603448275862069,0.02745098039215686,0.998046875,0.2180365296803653,9.9767209843698e-4,0.01030927835051546,0.44921875,0.8857421875,1,1028
ARG140980826,América del Sur,Argentina,ARG,La Cautiva,Municipio,Local,2,Córdoba,La Cautiva,898,2022,0,0.02585034013605442,0.2430703624733475,0.3872053872053872,0.8151260504201681,0.8338983050847457,0.42711864406779665,0.9932203389830508,0.04679802955665024,0.09565217391304348,0.0274914089347079,0.8542372881355932,0.2695035460992908,0.0059171597633136,0.01282051282051282,0.3220338983050847,0.91864406779661,1,296
ARG140980833,América del Sur,Argentina,ARG,Las Acequias,Municipio,Local,2,Córdoba,Las Acequias,2522,2022,0,0.01592356687898089,0.34265103697024346,0.5195154777927322,0.8283208020050126,0.904228855721393,0.7786069651741294,0.9950248756218906,0.05635148042024833,0.09844559585492228,0.03177004538577912,0.8768656716417911,0.2253731343283582,4.0933278755628e-4,0.00982398690135079,0.3855721393034826,0.8582089552238806,1,807
ARG140980840,América del Sur,Argentina,ARG,Las Higueras,Municipio,Local,2,Córdoba,Las Higueras,9867,2022,0.9562319653707252,0.01291248206599713,0.5833333333333334,0.5465779467680608,0.7714825306893296,0.9249278152069296,0.793070259865255,1,0.05603448275862069,0.06782608695652174,0.04773561811505508,0.9985563041385948,0.3978819969742814,0.00177362141244759,0.00854563044179297,0.582771896053898,0.9186717998075072,1,2087
ARG140980847,América del Sur,Argentina,ARG,Las Vertientes,Municipio,Local,2,Córdoba,Las Vertientes,985,2022,0,0.02791461412151067,0.29829545454545453,0.38645418326693226,0.7738095238095238,0.9673469387755104,0.7795918367346939,1,0.07534246575342465,0.13402061855670103,0.04615384615384615,1,0.3192771084337349,0.00391644908616187,0.00261096605744125,0.4693877551020408,0.8489795918367347,1,245
ARG140980854,América del Sur,Argentina,ARG,Monte de los Gauchos,Municipio,Local,2,Córdoba,Monte de los Gauchos,864,2022,0,0.02862985685071574,0.2870662460567823,0.4880382775119617,0.918552036199095,0.9403669724770642,0.9128440366972476,0.9954128440366972,0.04590163934426229,0.13725490196078433,0,0.981651376146789,0.2222222222222222,0.00432276657060518,0.01729106628242075,0.3394495412844037,0.8761467889908257,1,218
ARG140980861,América del Sur,Argentina,ARG,Río Cuarto,Municipio,Local,2,Córdoba,Río Cuarto,180756,2022,0.979527949835602,0.01479804442694491,0.5590833645660438,0.6247141768292683,0.8350559598801297,0.9799401486629984,0.9049136016990058,0.9983009943044696,0.06290425373235521,0.0912002440140308,0.04025682339729505,0.963379792286012,0.2551782535064484,0.00177198367243616,0.01594785305192545,0.5435852881552273,0.8784631721208611,1,51893
ARG140980868,América del Sur,Argentina,ARG,Sampacho,Municipio,Local,2,Córdoba,Sampacho,8478,2022,0,0.02315484804630969,0.45992636646842255,0.5240939864595778,0.8393316195372751,0.9857716161984678,0.817219992703393,0.9985406785844584,0.03145038167938931,0.05167173252279635,0.01786625829504849,0.9668004377964248,0.2862190812720848,0.0024216161101198,0.00802956920723935,0.4571324334184605,0.839474644290405,1,2754
ARG140980875,América del Sur,Argentina,ARG,San Basilio,Municipio,Local,2,Córdoba,San Basilio,3938,2022,0,0.01647909967845659,0.3888888888888889,0.597621407333994,0.8569937369519833,0.9782214156079856,0.970961887477314,0.999092558983666,0.01615168539325842,0.02985074626865671,0.00609013398294762,0.9872958257713248,0.19463087248322147,0.00992248062015504,0.01550387596899224,0.45099818511796735,0.8566243194192378,1,1106
ARG140980882,América del Sur,Argentina,ARG,Santa Catalina Holmberg,Municipio,Local,2,Córdoba,Santa Catalina Holmberg,5041,2022,0.9983939826425752,0.0145631067961165,0.34950895436164064,0.5064412238325282,0.8210616438356164,0.9932773109243698,0.9226890756302522,0.9983193277310924,0.05856423173803526,0.10651828298887124,0.02711157455683003,0.9605042016806724,0.26761819803746656,0.00333504361210877,0.01744484350949204,0.43445378151260505,0.880672268907563,1,1196
ARG140980889,América del Sur,Argentina,ARG,Tosquita,Municipio,Local,2,Córdoba,Tosquita,598,2022,0,0.04713804713804714,0.18848167539267016,0.42105263157894735,0.8175182481751825,1,0.5681818181818181,1,0.03571428571428571,0.03571428571428571,0.03571428571428571,1,0.23893805309734512,0,0.01207729468599033,0.25757575757575757,0.9015151515151516,1,133
ARG140980896,América del Sur,Argentina,ARG,Vicuña Mackenna,Municipio,Local,2,Córdoba,Vicuña Mackenna,11703,2022,0,0.02426666666666666,0.4132664193759546,0.5584019518145776,0.860345932094811,0.884603224786595,0.6734113183686374,0.9965222889661716,0.04516271861855214,0.0726379027853632,0.02643335815338794,0.9352085967130216,0.20324105334233625,2.9498525073746e-4,0.0135693215339233,0.4729687006006956,0.9045210243439772,1,3173
ARG140982553,América del Sur,Argentina,ARG,Chucul,Comuna,Local,2,Córdoba,Chucul,576,2022,0,0.02262443438914027,0.2887323943661972,0.4509803921568627,0.8681318681318682,1,0.5784313725490196,0.9803921568627452,0.08,0.13043478260869565,0.05063291139240506,1,0.3043478260869565,0,0,0.4803921568627451,0.9509803921568628,1,102
ARG140982560,América del Sur,Argentina,ARG,La Carolina El Potosí,Comuna,Local,2,Córdoba,La Carolina El Potosí,164,2022,0,0.03278688524590164,0.2631578947368421,0.3584905660377358,0.7636363636363637,1,0.6851851851851852,1,0.03278688524590164,0.10526315789473684,0,1,0.23076923076923075,0,0,0.4074074074074074,0.8703703703703703,1,54
ARG140982567,América del Sur,Argentina,ARG,Las Albahacas,Comuna,Local,2,Córdoba,Las Albahacas,382,2022,0,0.07553956834532374,0.23225806451612904,0.4423076923076923,0.8,0.9243697478991596,0.5126050420168067,0.9915966386554622,0.01538461538461538,0.0217391304347826,0.0119047619047619,0.9411764705882352,0.35106382978723405,0.00292397660818713,0.01461988304093567,0.19327731092436976,0.8823529411764706,1,121
ARG140982574,América del Sur,Argentina,ARG,Las Peñas Sud,Comuna,Local,2,Córdoba,Las Peñas Sud,160,2022,0,0.009009009009009,0.3880597014925373,0.425,0.8148148148148148,0.9803921568627452,0.9215686274509804,1,0.01639344262295082,0,0.02272727272727272,0.9803921568627452,0.24390243902439024,0.00675675675675675,0.00675675675675675,0.37254901960784315,0.9215686274509804,1,51
ARG140982581,América del Sur,Argentina,ARG,Malena,Comuna,Local,2,Córdoba,Malena,369,2022,0,0.04330708661417323,0.19548872180451127,0.42,0.8660714285714286,1,0.19587628865979384,0.9896907216494846,0.03597122302158273,0.11904761904761904,0,1,0.3333333333333333,0,0,0.2371134020618557,0.9072164948453608,1,99
ARG140982588,América del Sur,Argentina,ARG,Suco,Comuna,Local,2,Córdoba,Suco,374,2022,0,0.04166666666666666,0.31690140845070425,0.4,0.8367346938775511,0.9369369369369368,0.6666666666666666,0.990990990990991,0.03333333333333333,0.07894736842105263,0.01219512195121951,0.954954954954955,0.3152173913043478,0,0,0.36036036036036034,0.8738738738738738,1,111
ARG140982595,América del Sur,Argentina,ARG,Villa El Chacay,Comuna,Local,2,Córdoba,Villa El Chacay,83,2022,0,0.04545454545454545,0.48484848484848486,0.5909090909090909,0.8571428571428571,0.03125,0.5,1,0.05405405405405406,0.15384615384615383,0,1,0.6153846153846154,0,0,0.15625,0.75,1,34
ARG140982602,América del Sur,Argentina,ARG,Washington,Comuna,Local,2,Córdoba,Washington,550,2022,0,0.03414634146341464,0.17073170731707318,0.4294478527607362,0.8290155440414507,0.01212121212121212,0.32727272727272727,0.993939393939394,0.0391304347826087,0.02857142857142857,0.04375,0.5212121212121212,0.1853932584269663,0,0.03289473684210526,0.30303030303030304,0.9454545454545454,1,165
ARG141050903,América del Sur,Argentina,ARG,La Para,Municipio,Local,2,Córdoba,La Para,4335,2022,0,0.02700675168792198,0.3784655061250806,0.5683836589698046,0.823583180987203,0.9641873278236914,0.91643709825528,0.98989898989899,0.027255029201817,0.04375,0.01553829078801332,0.9742883379247016,0.21804511278195488,0,0.00745199197477787,0.37006427915518825,0.8732782369146006,1,1095
ARG141050910,América del Sur,Argentina,ARG,La Puerta,Municipio,Local,2,Córdoba,La Puerta,2781,2022,0,0.03506574827802129,0.4080578512396694,0.5578330893118595,0.8216833095577746,1,0.8398203592814372,0.9835329341317364,0.03448275862068965,0.06036745406824147,0.01736111111111111,1,0.3198707592891761,0.00183066361556064,0.00503432494279176,0.3413173652694611,0.9026946107784432,1,668
ARG141050917,América del Sur,Argentina,ARG,Montecristo,Municipio,Local,2,Córdoba,Montecristo,14804,2022,0.8859367717900266,0.02213559793957956,0.4111587982832618,0.5315694527961515,0.8760304375396322,0.9374570446735396,0.8498281786941582,0.9896907216494846,0.05782387993820349,0.10407239819004524,0.02823018458197611,0.8780068728522337,0.17222963951935916,0.0016453735965931,0.00764614789005032,0.4481099656357389,0.9013745704467354,1,2912
ARG141050924,América del Sur,Argentina,ARG,Obispo Trejo,Municipio,Local,2,Córdoba,Obispo Trejo,2875,2022,0,0.03636363636363636,0.35264227642276424,0.5027322404371585,0.763046544428773,0.9810495626822158,0.8250728862973761,0.9912536443148688,0.06050605060506051,0.08967391304347826,0.04066543438077634,0.9868804664723032,0.3808724832214765,8.0096115338406e-4,8.0096115338406e-4,0.31341107871720114,0.8688046647230321,1,690
ARG141050931,América del Sur,Argentina,ARG,Piquillín,Municipio,Local,2,Córdoba,Piquillín,1608,2022,0,0.01076320939334637,0.3803486529318542,0.4808988764044944,0.8644444444444445,0.9872122762148338,0.867007672634271,0.9974424552429668,0.04975124378109453,0.08411214953271028,0.03084832904884318,0.9846547314578004,0.2739018087855297,0,0.00293255131964809,0.48081841432225064,0.9104859335038364,1,391
ARG141050938,América del Sur,Argentina,ARG,Río Primero,Municipio,Local,2,Córdoba,Río Primero,11697,2022,0,0.01323392357875116,0.4462785114045618,0.5476391231028668,0.8262395787626152,0.9766666666666668,0.9223809523809524,0.9966666666666668,0.06253928346951602,0.09699769053117784,0.03876792352628783,0.9528571428571428,0.23934588701684836,0.00203004466098254,0.01082690485857355,0.4476190476190477,0.8852380952380953,1,2103
ARG141050945,América del Sur,Argentina,ARG,Villa Santa Rosa,Municipio,Local,2,Córdoba,Villa Santa Rosa,9265,2022,0,0.01466992665036674,0.4091041727458418,0.5605875152998776,0.8191259195153613,0.9515852613538988,0.8993144815766922,0.99528706083976,0.0505050505050505,0.07059679767103348,0.03592181722134179,0.9922879177377892,0.228342513770656,0.00217809096732863,0.00461242793081358,0.39288774635818335,0.8624678663239075,1,2341
ARG141050952,América del Sur,Argentina,ARG,Villa Fontana,Municipio,Local,2,Córdoba,Villa Fontana,1093,2022,0,0.01306240928882438,0.3744186046511628,0.6756756756756757,0.9154929577464788,0.9839743589743588,0.9679487179487178,0.9967948717948718,0.036956521739130437,0.055,0.02307692307692307,0.9967948717948718,0.2857142857142857,0,0.00319488817891373,0.3108974358974359,0.8269230769230769,1,312
ARG141052609,América del Sur,Argentina,ARG,Atahona,Comuna,Local,2,Córdoba,Atahona,150,2022,0,0.0958904109589041,0.17073170731707318,0.4827586206896552,0.5806451612903226,0.8333333333333334,0.5,0.8888888888888888,0,0,0,0,0.4166666666666667,0,0.00909090909090909,0.1388888888888889,0.75,1,36
ARG141052616,América del Sur,Argentina,ARG,Cañada de Luque,Municipio,Local,2,Córdoba,Cañada de Luque,1372,2022,0,0.05128205128205128,0.25201612903225806,0.4152542372881356,0.7506112469437652,0.9525222551928784,0.7685459940652819,0.9554896142433236,0.04845814977973568,0.09523809523809525,0.0260586319218241,0.9376854599406528,0.29325513196480935,0,0.00328677074774034,0.28486646884273,0.8071216617210683,1,338
ARG141052623,América del Sur,Argentina,ARG,Capilla de los Remedios,Comuna,Local,2,Córdoba,Capilla de los Remedios,1197,2022,0,0.02702702702702703,0.24390243902439024,0.404,0.743801652892562,0.956,0.828,1,0.099644128113879,0.15841584158415842,0.06666666666666667,0.888,0.339080459770115,0,0.00247218788627935,0.224,0.776,1,250
ARG141052630,América del Sur,Argentina,ARG,Chalacea,Comuna,Local,2,Córdoba,Chalacea,169,2022,0,0.048,0.1388888888888889,0.5094339622641509,0.8461538461538461,0.981132075471698,0.8301886792452831,0.9622641509433962,0.05633802816901408,0.03703703703703703,0.06818181818181818,0,0.3392857142857143,0,0,0.16981132075471697,0.8113207547169812,1,53
ARG141052637,América del Sur,Argentina,ARG,Colonia Las Cuatro Esquinas,Comuna,Local,2,Córdoba,Colonia Las Cuatro Esquinas,90,2022,0,0.04166666666666666,0.23404255319148937,0.5666666666666667,1,0.8,0.7333333333333333,0.9666666666666668,0,0,0,0.7,0.3142857142857143,0,0,0.23333333333333336,0.8666666666666667,1,30
ARG141052644,América del Sur,Argentina,ARG,Comechingones,Comuna,Local,2,Córdoba,Comechingones,316,2022,0,0.01923076923076923,0.192,0.4482758620689655,0.9183673469387756,0.976470588235294,0.6941176470588235,0.9529411764705882,0.06201550387596899,0.1282051282051282,0.03333333333333333,0.8235294117647058,0.2,0,0.02090592334494773,0.24705882352941175,0.7058823529411765,1,85
ARG141052651,América del Sur,Argentina,ARG,Diego de Rojas,Comuna,Local,2,Córdoba,Diego de Rojas,542,2022,0,0.05830903790087463,0.2932692307692308,0.474025974025974,0.7605633802816901,0.952054794520548,0.7397260273972602,0.9863013698630136,0.04972375690607734,0.0958904109589041,0.01851851851851851,1,0.3333333333333333,0,0,0.22602739726027396,0.7945205479452054,1,146
ARG141052658,América del Sur,Argentina,ARG,El Crispín,Comuna,Local,2,Córdoba,El Crispín,230,2022,0,0.01226993865030674,0.17475728155339806,0.6527777777777778,0.8378378378378378,0.95,0.6666666666666666,0.95,0.14678899082568808,0.14893617021276595,0.14516129032258066,0.95,0.2258064516129032,0,0.00454545454545454,0.16666666666666666,0.8166666666666667,1,60
ARG141052665,América del Sur,Argentina,ARG,Esquina,Comuna,Local,2,Córdoba,Esquina,285,2022,0,0.05494505494505494,0.2115384615384615,0.6190476190476191,0.8717948717948718,0.8202247191011236,0.6404494382022472,0.9325842696629214,0.00934579439252336,0.02564102564102564,0,0.6404494382022472,0.31818181818181823,0,0.01465201465201465,0.1797752808988764,0.6292134831460674,1,89
ARG141052672,América del Sur,Argentina,ARG,Kilómetro 658,Comuna,Local,2,Córdoba,Kilómetro 658,475,2022,0,0.00746268656716417,0.25,0.4205607476635514,0.8396946564885496,1,0.7676767676767677,1,0.07096774193548387,0.17777777777777778,0.02727272727272727,0.797979797979798,0.1568627450980392,0.00821917808219178,0,0.29292929292929293,0.8888888888888888,1,99
ARG141052679,América del Sur,Argentina,ARG,La Posta,Comuna,Local,2,Córdoba,La Posta,322,2022,0,0.05421686746987952,0.1686746987951807,0.3333333333333333,0.6363636363636364,0.9878048780487804,0.8170731707317073,0.926829268292683,0.04761904761904761,0,0.07142857142857142,0.9878048780487804,0.4893617021276595,0,0.00414937759336099,0.1097560975609756,0.5121951219512195,1,82
ARG141052686,América del Sur,Argentina,ARG,La Quinta,Comuna,Local,2,Córdoba,La Quinta,177,2022,0,0.02836879432624113,0.16470588235294115,0.4603174603174603,0.828125,0.7413793103448276,0.7758620689655172,0.9655172413793104,0.01219512195121951,0,0.01886792452830188,0.7413793103448276,0.3571428571428571,0,0,0.13793103448275862,0.896551724137931,1,58
ARG141052693,América del Sur,Argentina,ARG,Las Gramillas,Comuna,Local,2,Córdoba,Las Gramillas,106,2022,0,0,0.29411764705882354,0.6,0.8285714285714286,1,0.9411764705882352,1,0.02127659574468085,0,0.03448275862068965,1,0.5217391304347826,0,0,0.35294117647058826,0.9411764705882352,1,34
ARG141052700,América del Sur,Argentina,ARG,Las Saladas,Comuna,Local,2,Córdoba,Las Saladas,175,2022,0,0.03773584905660377,0.13559322033898305,0.6363636363636364,0.8936170212765957,1,0.7551020408163266,0.979591836734694,0.01587301587301587,0,0.0238095238095238,0.6326530612244898,0.23076923076923075,0.00746268656716417,0.02238805970149253,0.1020408163265306,0.8367346938775511,1,49
ARG141052707,América del Sur,Argentina,ARG,Maquinista Gallini,Comuna,Local,2,Córdoba,Maquinista Gallini,96,2022,0,0.01851851851851851,0.15,0.6666666666666666,0.96,0.8333333333333334,0.7083333333333333,0.875,0.10526315789473684,0.2857142857142857,0,0,0.4166666666666667,0,0,0.04166666666666666,0.8333333333333334,1,24
ARG141052714,América del Sur,Argentina,ARG,Plaza de Mercedes,Comuna,Local,2,Córdoba,Plaza de Mercedes,50,2022,0,0.0196078431372549,0.2352941176470588,0.4782608695652174,0.8181818181818182,0.6956521739130435,0.6521739130434783,1,0.03448275862068965,0.09090909090909093,0,0,0.45,0,0.01492537313432835,0.08695652173913043,0.9565217391304348,1,23
ARG141052721,América del Sur,Argentina,ARG,Sagrada Familia,Comuna,Local,2,Córdoba,Sagrada Familia,72,2022,0,0.03389830508474576,0.3114754098360656,0.4,0.918918918918919,0.8958333333333334,0.9166666666666666,1,0.01785714285714285,0,0.02941176470588235,0,0.25,0,0,0.375,0.8125,1,48
ARG141072623,América del Sur,Argentina,ARG,Cañada del Sauce,Comuna,Local,2,Córdoba,Cañada del Sauce,146,2022,0,0,0.45,0.6470588235294118,0.7368421052631579,0.0303030303030303,0.7878787878787878,0.9393939393939394,0,0,0,0.8484848484848485,0.4838709677419355,0,0,0.12121212121212122,0.4545454545454546,1,33
ARG141120959,América del Sur,Argentina,ARG,Sebastián Elcano,Municipio,Local,2,Córdoba,Sebastián Elcano,3173,2022,0,0.04705882352941176,0.30973451327433627,0.4863102998696219,0.7305061559507524,0.9970760233918128,0.763157894736842,0.9692982456140352,0.06615214994487321,0.096514745308311,0.0449438202247191,0.8830409356725146,0.30288461538461536,0.00241837968561064,0.00201531640467553,0.2850877192982456,0.902046783625731,1,689
ARG141120966,América del Sur,Argentina,ARG,Villa de María,Municipio,Local,2,Córdoba,Villa de María,6173,2022,0,0.02059701492537313,0.4039290848107331,0.566990291262136,0.7860627177700349,0.979015918958032,0.9001447178002894,0.988422575976845,0.0404191616766467,0.0639269406392694,0.02216312056737588,0.9573082489146164,0.40340488527017027,0.00183262064752596,0.00753410710649562,0.3639652677279306,0.9167872648335744,1,1384
ARG141122735,América del Sur,Argentina,ARG,Cerro Colorado,Comuna,Local,2,Córdoba,Cerro Colorado,301,2022,0,0.01333333333333333,0.366412213740458,0.5402298850574713,0.7666666666666667,0.5494505494505495,0.8461538461538461,0.9450549450549453,0.02586206896551724,0.0425531914893617,0.0144927536231884,0.7802197802197802,0.39655172413793105,0.00350877192982456,0.02105263157894736,0.1868131868131868,0.8571428571428571,1,94
ARG141122742,América del Sur,Argentina,ARG,Chañar Viejo,Comuna,Local,2,Córdoba,Chañar Viejo,179,2022,0,0.03100775193798449,0.2222222222222222,0.38181818181818183,0.7592592592592593,0.8431372549019608,0.8235294117647058,0.9803921568627452,0.04838709677419355,0.09523809523809525,0.02439024390243902,0.5098039215686274,0.46511627906976744,0,0,0.17647058823529413,0.9411764705882352,1,51
ARG141122749,América del Sur,Argentina,ARG,Eufrasio Loza,Comuna,Local,2,Córdoba,Eufrasio Loza,163,2022,0,0.04132231404958678,0.06172839506172839,0.3333333333333333,0.8076923076923077,0.9830508474576272,0.6949152542372882,0.8983050847457628,0.06779661016949153,0.17647058823529413,0.0238095238095238,0.4406779661016949,0.2978723404255319,0,0,0.1016949152542373,0.864406779661017,1,59
ARG141122756,América del Sur,Argentina,ARG,Gutemberg,Comuna,Local,2,Córdoba,Gutemberg,819,2022,0,0.037122969837587,0.12449799196787148,0.2712765957446808,0.7371134020618557,0.9661016949152542,0.7062146892655368,0.9096045197740114,0.06701030927835051,0.0196078431372549,0.08391608391608392,0.7966101694915254,0.3877551020408163,0,0,0.11299435028248588,0.807909604519774,1,177
ARG141122763,América del Sur,Argentina,ARG,La Rinconada,Comuna,Local,2,Córdoba,La Rinconada,273,2022,0,0.13286713286713286,0.09523809523809525,0.2777777777777778,0.3684210526315789,0.5573770491803278,0.2459016393442623,0.9180327868852458,0.04651162790697674,0.06666666666666667,0.03571428571428571,0,0.6538461538461539,0,0,0.06557377049180328,0.8688524590163934,1,61
ARG141122770,América del Sur,Argentina,ARG,Los Hoyos,Comuna,Local,2,Córdoba,Los Hoyos,426,2022,0,0.04830917874396135,0.12389380530973453,0.25316455696202533,0.5813953488372093,0.7065217391304347,0.5869565217391304,0.8913043478260869,0.04285714285714286,0.05,0.04,0.3804347826086957,0.4130434782608696,0,0,0.04347826086956521,0.6956521739130435,1,92
ARG141122777,América del Sur,Argentina,ARG,Puesto de Castro,Comuna,Local,2,Córdoba,Puesto de Castro,282,2022,0,0.04,0.08333333333333333,0.3333333333333333,0.7872340425531915,0.9361702127659576,0.4893617021276595,0.9148936170212766,0.0392156862745098,0.07142857142857142,0.02702702702702703,0,0.4473684210526315,0,0,0.10638297872340426,0.8085106382978723,1,47
ARG141122784,América del Sur,Argentina,ARG,Rayo Cortado,Comuna,Local,2,Córdoba,Rayo Cortado,839,2022,0,0.0231578947368421,0.23389830508474577,0.5073891625615764,0.8325581395348837,0.9764150943396228,0.8443396226415094,0.9764150943396226,0.05673758865248227,0.05825242718446602,0.05586592178770949,0.981132075471698,0.2934782608695652,0,0.01157742402315484,0.1792452830188679,0.8820754716981132,1,213
ARG141122791,América del Sur,Argentina,ARG,Santa Elena,Comuna,Local,2,Córdoba,Santa Elena,365,2022,0,0.02293577981651376,0.2463768115942029,0.6144578313253012,0.8673469387755102,0.7701149425287356,0.7931034482758621,0.9770114942528736,0.13970588235294118,0.19607843137254904,0.10588235294117648,0.20689655172413793,0.4512195121951219,0,0.02027027027027027,0.21839080459770116,0.9195402298850576,1,87
ARG141122798,América del Sur,Argentina,ARG,Villa Candelaria Norte,Comuna,Local,2,Córdoba,Villa Candelaria Norte,417,2022,0,0.06282722513089005,0.21774193548387097,0.44155844155844154,0.6129032258064516,0.8735632183908045,0.5862068965517242,0.8850574712643677,0.0989010989010989,0.17647058823529413,0.05263157894736842,0.8620689655172413,0.5352112676056338,0,0.0144927536231884,0.1839080459770115,0.8735632183908046,1,87
ARG141190973,América del Sur,Argentina,ARG,Calchín,Municipio,Local,2,Córdoba,Calchín,2918,2022,0,0.0138004246284501,0.4679715302491103,0.6338383838383839,0.8926174496644296,0.9973992197659298,0.9284785435630688,0.9986996098829648,0.01713796058269066,0.0298804780876494,0.0075187969924812,0.9973992197659298,0.21923076923076923,0,0.00735594605639558,0.4889466840052016,0.88296488946684,1,772
ARG141190980,América del Sur,Argentina,ARG,Calchín Oeste,Municipio,Local,2,Córdoba,Calchín Oeste,842,2022,0,0.01883561643835616,0.3753581661891118,0.628,0.8674698795180723,0.9916666666666668,0.9833333333333332,1,0.05361930294906166,0.10191082802547773,0.01851851851851851,0.9916666666666668,0.3393665158371041,0,0.00130718954248366,0.44166666666666665,0.9375,1,240
ARG141190987,América del Sur,Argentina,ARG,Capilla del Carmen,Municipio,Local,2,Córdoba,Capilla del Carmen,493,2022,0,0.00881057268722467,0.21768707482993196,0.5,0.9387755102040816,0.9411764705882352,0.8921568627450981,0.9901960784313726,0.01408450704225352,0.02,0.0108695652173913,0.9411764705882352,0.24509803921568624,0,0,0.2647058823529412,0.9411764705882352,1,102
ARG141190994,América del Sur,Argentina,ARG,Carrilobo,Municipio,Local,2,Córdoba,Carrilobo,1544,2022,0,0.01753104455807158,0.4372623574144487,0.5881188118811881,0.8245614035087719,1,0.8855721393034827,0.9983416252072967,0.04041720990873533,0.06060606060606061,0.0276595744680851,0.9983416252072967,0.22755741127348644,5.6433408577878e-4,0.00902934537246049,0.3781094527363184,0.8855721393034826,1,606
ARG141191001,América del Sur,Argentina,ARG,Colazo,Municipio,Local,2,Córdoba,Colazo,1548,2022,0,0.0136,0.3296398891966759,0.594488188976378,0.8714555765595463,0.9774436090225564,0.8853383458646615,0.9962406015037594,0.02883355176933158,0.05298013245033112,0.01301518438177874,0.9774436090225564,0.18714555765595464,0.003671970624235,0.00795593635250918,0.35902255639097747,0.8796992481203008,1,532
ARG141191008,América del Sur,Argentina,ARG,Costa Sacate,Municipio,Local,2,Córdoba,Costa Sacate,1487,2022,0,0.03074141048824593,0.336283185840708,0.4555084745762712,0.7803347280334728,0.9956140350877192,0.8947368421052632,0.9956140350877192,0.07142857142857142,0.12558139534883722,0.04021447721179624,0.9978070175438596,0.22524752475247528,0.00673400673400673,0.02087542087542087,0.4057017543859649,0.8223684210526315,1,456
ARG141191015,América del Sur,Argentina,ARG,Laguna Larga,Municipio,Local,2,Córdoba,Laguna Larga,7903,2022,0,0.01678944663354463,0.4190289082234072,0.5740666399036531,0.8623775031955688,0.9953781512605042,0.8974789915966387,0.9991596638655462,0.04313839027214823,0.06993006993006994,0.0242094861660079,0.9760504201680672,0.218994928538497,0.00146921330305863,0.00801389074395619,0.511344537815126,0.8584033613445378,1,2390
ARG141191022,América del Sur,Argentina,ARG,Las Junturas,Municipio,Local,2,Córdoba,Las Junturas,1938,2022,0,0.02706766917293233,0.3788265306122449,0.5511265164644714,0.8787878787878788,0.9981617647058824,0.8897058823529411,0.9981617647058824,0.02429667519181585,0.0440251572327044,0.01077586206896551,1,0.2769556025369979,0.0011441647597254,0.0028604118993135,0.4632352941176471,0.8988970588235294,1,545
ARG141191029,América del Sur,Argentina,ARG,Luque,Municipio,Local,2,Córdoba,Luque,7037,2022,0,0.00970054829185997,0.4036885245901639,0.6137381781981085,0.8757396449704142,0.9974279835390948,0.9588477366255144,1,0.02824858757062147,0.0494728304947283,0.01351351351351351,0.962448559670782,0.12814428096820124,0.00127368253462824,0.00636841267314121,0.5313786008230452,0.8888888888888888,1,1947
ARG141191036,América del Sur,Argentina,ARG,Manfredi,Municipio,Local,2,Córdoba,Manfredi,1139,2022,0,0.01229508196721311,0.33264033264033266,0.5817610062893082,0.8473053892215568,0.9968553459119496,0.9119496855345912,1,0.05982905982905983,0.08108108108108109,0.04593639575971731,0.9968553459119496,0.4213649851632047,0,0.02282157676348547,0.3836477987421384,0.889937106918239,1,318
ARG141191043,América del Sur,Argentina,ARG,Matorrales,Municipio,Local,2,Córdoba,Matorrales,1012,2022,0,0.01536491677336747,0.3946784922394678,0.5659163987138264,0.8291925465838509,0.99375,0.8812499999999999,0.996875,0.01805869074492099,0.01136363636363636,0.02247191011235955,0.990625,0.23443223443223443,0,0,0.396875,0.859375,1,320
ARG141191050,América del Sur,Argentina,ARG,Oncativo,Municipio,Local,2,Córdoba,Oncativo,14535,2022,0,0.01289654523204367,0.5250116153012235,0.6089086859688196,0.8699380657455932,0.9961694456962596,0.9326273095989184,0.9995493465525012,0.03241465706232383,0.05413313825896123,0.01615553121577218,0.9713835060838216,0.2044783464566929,0.00180518992102294,0.00752162467092892,0.5297431275349257,0.8535376295628662,1,4446
ARG141191057,América del Sur,Argentina,ARG,Pilar,Municipio,Local,2,Córdoba,Pilar,18529,2022,0,0.01606796564779758,0.4486859491998238,0.5568016614745587,0.8377417203823072,0.969655487109286,0.8863791923340177,0.9965776865160848,0.05674418604651163,0.0865348750466244,0.03555319713451844,0.9824321241159024,0.23153066151617577,0.00249848065365656,0.01593625498007968,0.4430755190508784,0.8875199634953228,1,4393
ARG141191064,América del Sur,Argentina,ARG,Pozo del Molle,Municipio,Local,2,Córdoba,Pozo del Molle,5203,2022,0,0.01250284155489884,0.4562737642585551,0.6048565121412803,0.8567462520821766,0.9947257383966244,0.9050632911392404,0.996308016877637,0.03561955286093217,0.05748175182481752,0.02009073233959818,0.9609704641350212,0.17380808690404348,0,0.00786988457502623,0.49050632911392406,0.8633966244725738,1,1901
ARG141191071,América del Sur,Argentina,ARG,Río Segundo,Municipio,Local,2,Córdoba,Río Segundo,22145,2022,0,0.01858859456947487,0.43244997295835585,0.5270290618882698,0.8270460358056266,0.9877803816538332,0.8953799799129561,0.9958151991965184,0.07020982245792022,0.116,0.03923463471202165,0.9785738198861734,0.2040851955307263,0.005580848876487,0.01184706515885837,0.4129561432875795,0.8468362905925678,1,5982
ARG141191078,América del Sur,Argentina,ARG,Santiago Temple,Municipio,Local,2,Córdoba,Santiago Temple,3301,2022,0,0.01472031403336604,0.367008681925809,0.562358276643991,0.8791866028708134,0.9953650057937428,0.899188876013905,0.9942062572421784,0.05361494719740049,0.09879032258064516,0.02312925170068027,0.977983777520278,0.1767741935483871,0.00322927879440258,0.00645855758880516,0.39165701042873696,0.8702201622247973,1,863
ARG141191085,América del Sur,Argentina,ARG,Villa del Rosario,Municipio,Local,2,Córdoba,Villa del Rosario,17537,2022,0,0.01822558459422283,0.4299078871617732,0.5945891378962245,0.8543266237808674,0.9453207150368034,0.8969505783385909,0.9974763406940064,0.04474653072783913,0.0733446519524618,0.0242895312120476,0.9890641430073608,0.21511879049676025,0.00493698843705339,0.00850980901649993,0.48706624605678234,0.868559411146162,1,4768
ARG141192805,América del Sur,Argentina,ARG,Colonia Videla,Comuna,Local,2,Córdoba,Colonia Videla,94,2022,0,0.09090909090909093,0.2916666666666667,0.5833333333333334,0.8888888888888888,0.9473684210526316,0.9473684210526316,1,0.16666666666666666,0.35714285714285715,0,1,0.4117647058823529,0.08974358974358974,0,0.21052631578947367,0.9473684210526316,1,19
ARG141192812,América del Sur,Argentina,ARG,Impira,Comuna,Local,2,Córdoba,Impira,170,2022,0,0.03846153846153846,0.0684931506849315,0.36538461538461536,0.8269230769230769,0.9824561403508772,0.4210526315789474,0.9649122807017544,0.1935483870967742,0.2631578947368421,0.16279069767441862,0,0.2,0,0,0.19298245614035087,0.8421052631578947,1,57
ARG141192819,América del Sur,Argentina,ARG,Los Chañaritos,Comuna,Local,2,Córdoba,Los Chañaritos,232,2022,0,0.01162790697674418,0.34285714285714286,0.4657534246575342,0.9625,0.9545454545454546,0.8787878787878788,1,0.06306306306306306,0.14705882352941177,0.02597402597402597,1,0.26865671641791045,0,0,0.4545454545454546,0.9696969696969696,1,66
ARG141192826,América del Sur,Argentina,ARG,Rincón,Comuna,Local,2,Córdoba,Rincón,623,2022,0,0.05835543766578249,0.18181818181818185,0.4064516129032258,0.8388888888888889,0.9483870967741936,0.7290322580645162,0.9612903225806452,0.04672897196261682,0.09523809523809525,0.02649006622516556,0.9548387096774194,0.1375,0,0.01481481481481481,0.2709677419354839,0.9225806451612903,1,155
ARG141261092,América del Sur,Argentina,ARG,Mina Clavero,Municipio,Local,2,Córdoba,Mina Clavero,11819,2022,0,0.0141691713181623,0.5199900670474299,0.5869196882412742,0.8165441176470588,0.9408242338851708,0.8929200422684043,0.9792180345191968,0.06324310650139135,0.09122401847575058,0.04142278253039171,0.9189855582951744,0.3059923501912452,0.00233199067203731,0.02469790120839516,0.4096512856639662,0.8953856991898556,1,2933
ARG141261099,América del Sur,Argentina,ARG,Nono,Municipio,Local,2,Córdoba,Nono,2164,2022,0,0.02777777777777777,0.44168466522678185,0.5474006116207951,0.7916666666666666,0.5193687230989957,0.8063127690100431,0.9440459110473458,0.08876404494382023,0.1340782122905028,0.05827067669172932,0.7403156384505022,0.2901960784313725,0.00664451827242524,0.02948504983388704,0.351506456241033,0.8637015781922525,1,764
ARG141261106,América del Sur,Argentina,ARG,San Pedro,Municipio,Local,2,Córdoba,San Pedro,4476,2022,0,0.04779525131051496,0.2657100445324097,0.47210884353741495,0.8040540540540541,0.9692307692307692,0.7435897435897435,0.9683760683760684,0.08386411889596602,0.1138328530259366,0.06638655462184874,0.9102564102564102,0.2478134110787172,0.00108131487889273,0.00540657439446366,0.20341880341880345,0.8384615384615385,1,1170
ARG141261113,América del Sur,Argentina,ARG,Villa Cura Brochero,Municipio,Local,2,Córdoba,Villa Cura Brochero,8415,2022,0,0.01417048179638107,0.4502637528259231,0.5316718587746625,0.7847336628226249,0.99032992036405,0.8941979522184301,0.9937428896473266,0.0550346514472075,0.0888671875,0.03079076277116865,0.959613196814562,0.29434697855750486,0.00283419933868682,0.01558809636277751,0.34015927189988626,0.8714448236632537,1,1840
ARG141261120,América del Sur,Argentina,ARG,Villa Sarmiento,Municipio,Local,2,Córdoba,Villa Sarmiento,4606,2022,0,0.02765100671140939,0.36989795918367346,0.5091743119266054,0.7880877742946708,0.9858557284299858,0.8783592644978785,0.9957567185289956,0.06526806526806526,0.11148648648648649,0.03261734287987271,0.9504950495049505,0.28342618384401114,0.00132978723404255,0.00702887537993921,0.27015558698727016,0.8613861386138614,1,1414
ARG141262833,América del Sur,Argentina,ARG,Ambul,Comuna,Local,2,Córdoba,Ambul,1259,2022,0,0.04166666666666666,0.2788104089219331,0.4444444444444444,0.6515837104072398,0.6351931330472103,0.5836909871244635,0.8798283261802575,0.03813559322033898,0.03260869565217391,0.04166666666666666,0.02575107296137339,0.4093959731543624,0,0.00819672131147541,0.1759656652360515,0.776824034334764,1,233
ARG141262840,América del Sur,Argentina,ARG,Arroyo de los Patos,Comuna,Local,2,Córdoba,Arroyo de los Patos,1394,2022,0,0.01531728665207877,0.390625,0.6,0.848314606741573,0.9156626506024096,0.7951807228915663,0.963855421686747,0.08300395256916997,0.1568627450980392,0.03311258278145695,0.9819277108433736,0.2013888888888889,0.00630914826498422,0.01104100946372239,0.3493975903614458,0.9216867469879518,1,187
ARG141262847,América del Sur,Argentina,ARG,Las Calles,Comuna,Local,2,Córdoba,Las Calles,726,2022,0,0.02263374485596708,0.3360323886639676,0.5114942528735632,0.8497109826589595,0.5606936416184971,0.8092485549132948,0.9653179190751444,0.06779661016949153,0.1348314606741573,0.02721088435374149,0,0.2,0.00857142857142857,0.02571428571428571,0.3815028901734104,0.8959537572254336,1,192
ARG141262854,América del Sur,Argentina,ARG,Las Rabonas,Comuna,Local,2,Córdoba,Las Rabonas,974,2022,0,0.03802281368821293,0.3654485049833887,0.533678756476684,0.7920353982300885,0.8186046511627907,0.7023255813953488,0.9627906976744186,0.05673758865248227,0.10679611650485436,0.02793296089385474,0.8,0.3081081081081081,0,0.01280227596017069,0.2651162790697674,0.9023255813953488,1,227
ARG141262861,América del Sur,Argentina,ARG,Panaholma,Comuna,Local,2,Córdoba,Panaholma,234,2022,0,0.02551020408163265,0.20454545454545456,0.42857142857142855,0.7714285714285715,0.59375,0.6875,0.84375,0.15384615384615383,0.25,0.1111111111111111,0.671875,0.3333333333333333,0,0,0.125,0.8125,1,81
ARG141262868,América del Sur,Argentina,ARG,San Lorenzo,Comuna,Local,2,Córdoba,San Lorenzo,2200,2022,0,0.02613480055020632,0.35555555555555557,0.4788732394366197,0.7887323943661971,0.5859375,0.71484375,0.9375,0.05555555555555555,0.10294117647058824,0.02678571428571428,0.734375,0.2891566265060241,0,0.00382775119617224,0.27734375,0.89453125,1,282
ARG141262875,América del Sur,Argentina,ARG,San Vicente,Comuna,Local,2,Córdoba,San Vicente,1693,2022,0,0.04804560260586319,0.07307171853856563,0.2776659959758551,0.7210884353741497,0.6568421052631579,0.4252631578947368,0.8589473684210527,0.06049822064056939,0.07971014492753623,0.05424528301886792,0.3473684210526316,0.23908045977011497,0,0.00841278743690409,0.06526315789473684,0.7157894736842105,1,475
ARG141262882,América del Sur,Argentina,ARG,Sauce Arriba,Comuna,Local,2,Córdoba,Sauce Arriba,200,2022,0,0.05128205128205128,0.1353135313531353,0.33476394849785407,0.8148148148148148,0.936842105263158,0.46315789473684216,0.9736842105263158,0.16535433070866143,0.32051282051282054,0.09659090909090907,0.4,0.19375,0.00133511348464619,0.02269692923898531,0.08421052631578947,0.7947368421052632,1,190
ARG141331127,América del Sur,Argentina,ARG,La Paz,Municipio,Local,2,Córdoba,La Paz,5893,2022,0,0.02582883577486507,0.3782872555630479,0.5214007782101168,0.8287037037037037,0.687442713107241,0.6654445462878094,0.9321723189734188,0.06009783368273934,0.1044776119402985,0.0335195530726257,0.763519706691109,0.3025,0.00195530726256983,0.02988826815642458,0.2383134738771769,0.7470210815765352,1,1110
ARG141331130,América del Sur,Argentina,ARG,Las Tapias,Municipio,Local,2,Córdoba,Las Tapias,2826,2022,0,0.03060498220640569,0.28588098016336055,0.48547008547008547,0.8348348348348348,0.9275618374558304,0.6819787985865724,0.9558303886925796,0.04880952380952381,0.09507042253521128,0.02517985611510791,0.8975265017667845,0.261437908496732,0,0.01549586776859504,0.2332155477031802,0.8409893992932862,1,568
ARG141331132,América del Sur,Argentina,ARG,Los Cerrillos,Municipio,Local,2,Córdoba,Los Cerrillos,2599,2022,0,0.05510752688172043,0.09100998890122086,0.4175334323922734,0.8287373004354136,0.9219015280135824,0.567062818336163,0.9847198641765704,0.05985915492957746,0.11743772241992882,0.03152364273204904,0.9711375212224108,0.30294117647058827,0,8.6730268863833e-4,0.09507640067911714,0.8624787775891342,1,589
ARG141331134,América del Sur,Argentina,ARG,San Javier y Yacanto,Municipio,Local,2,Córdoba,San Javier y Yacanto,2873,2022,0,0.0219198790627362,0.37733333333333335,0.5777777777777777,0.8136882129277566,0.9543726235741444,0.6844106463878327,0.9828897338403042,0.06081081081081081,0.08974358974358974,0.0397196261682243,0.7832699619771863,0.2800925925925926,0.00328767123287671,0.01808219178082192,0.30988593155893535,0.8326996197718631,1,550
ARG141331141,América del Sur,Argentina,ARG,San José,Municipio,Local,2,Córdoba,San José,2814,2022,0,0.04211663066954643,0.20106761565836295,0.4051094890510949,0.7705314009661836,0.9322033898305084,0.7245762711864406,0.966101694915254,0.12049433573635428,0.2222222222222222,0.06739811912225706,0.5805084745762712,0.22385861561119297,3.8595137012736e-4,0.00270165959089154,0.11299435028248588,0.8502824858757062,1,708
ARG141331148,América del Sur,Argentina,ARG,Villa de las Rosas,Municipio,Local,2,Córdoba,Villa de las Rosas,5968,2022,0,0.01725790987535954,0.525323275862069,0.5672105672105672,0.8150520416333067,0.8633962264150943,0.819622641509434,0.9826415094339622,0.05205949656750572,0.0821917808219178,0.03045186640471512,0.7049056603773585,0.3416087388282026,0.00461613216715257,0.03522837706511176,0.3833962264150943,0.8581132075471698,1,1344
ARG141331155,América del Sur,Argentina,ARG,Villa Dolores,Municipio,Local,2,Córdoba,Villa Dolores,33346,2022,0,0.02101950912523599,0.4921342057636085,0.577559661277906,0.8068732869491883,0.9809373354397052,0.8559241706161137,0.9936808846761452,0.06004686584651435,0.0894701766077974,0.03697413117324275,0.946825313256818,0.3253986332574032,0.00232317207170439,0.00784855429629862,0.390521327014218,0.8717219589257504,1,9523
ARG141332889,América del Sur,Argentina,ARG,Conlara,Comuna,Local,2,Córdoba,Conlara,340,2022,0,0.0672782874617737,0.1099476439790576,0.4068965517241379,0.7536231884057971,0.6587301587301588,0.29365079365079366,0.873015873015873,0.147239263803681,0.1864406779661017,0.125,0,0.2692307692307692,0,0.01181102362204724,0.06349206349206349,0.8015873015873016,1,126
ARG141332896,América del Sur,Argentina,ARG,La Población,Comuna,Local,2,Córdoba,La Población,771,2022,0,0.03341902313624678,0.17674418604651165,0.40993788819875776,0.7531645569620253,0.9090909090909092,0.537878787878788,0.9090909090909092,0.3027027027027027,0.3484848484848485,0.2773109243697479,0.9393939393939394,0.28,0.00747663551401869,0.02242990654205607,0.17424242424242423,0.6515151515151515,1,141
ARG141332917,América del Sur,Argentina,ARG,Los Hornillos,Comuna,Local,2,Córdoba,Los Hornillos,1865,2022,0,0.00762527233115468,0.507908611599297,0.5587467362924282,0.8262032085561497,0.946731234866828,0.8111380145278451,0.9878934624697336,0.07648183556405354,0.14953271028037382,0.02588996763754045,0.8813559322033898,0.362934362934363,0.00814332247557003,0.03745928338762215,0.3414043583535109,0.8716707021791767,1,416
ARG141332924,América del Sur,Argentina,ARG,Luyaba,Comuna,Local,2,Córdoba,Luyaba,2102,2022,0,0.04880212954747116,0.2553846153846154,0.36507936507936506,0.7094861660079052,0.8254310344827587,0.5754310344827586,0.8491379310344828,0.1,0.1863354037267081,0.06128133704735376,0.6508620689655172,0.2757475083056478,0.00752351097178683,0.01567398119122257,0.16810344827586207,0.771551724137931,1,469
ARG141401162,América del Sur,Argentina,ARG,Alicia,Municipio,Local,2,Córdoba,Alicia,3310,2022,0,0.01530612244897959,0.4311418685121107,0.6,0.8706720977596741,0.9973474801061007,0.8028293545534925,0.9973474801061007,0.02627939142461964,0.04568527918781726,0.01286549707602339,0.9796640141467728,0.20378619153674832,0.0054249547920434,0.00632911392405063,0.4314765694076038,0.8196286472148541,1,1135
ARG141401169,América del Sur,Argentina,ARG,Altos de Chipión,Municipio,Local,2,Córdoba,Altos de Chipión,2048,2022,0,0.01266766020864381,0.3904639175257732,0.6245353159851301,0.9055555555555556,0.973421926910299,0.7674418604651163,0.9983388704318936,0.01333333333333333,0.01785714285714285,0.01022494887525562,0.9667774086378738,0.21314387211367672,0,0.0011154489682097,0.3704318936877076,0.8355481727574751,1,604
ARG141401176,América del Sur,Argentina,ARG,Arroyito,Municipio,Local,2,Córdoba,Arroyito,28007,2022,0,0.01550707547169811,0.45499678220097456,0.6188589540412044,0.8785951327433629,0.9867429528328217,0.9454367848171924,0.998744069215741,0.0411231884057971,0.0655142979086641,0.02313503305004721,0.977396400167434,0.14681806179033535,0.00246413799172753,0.0084924755786324,0.5193971532235557,0.8883617080658666,1,7179
ARG141401183,América del Sur,Argentina,ARG,Balnearia,Municipio,Local,2,Córdoba,Balnearia,6796,2022,0,0.01796536796536796,0.4540441176470588,0.6080375782881002,0.8340494092373791,0.01536936043629152,0.7982151710461082,0.9965294992563212,0.04415011037527594,0.07553648068669527,0.0206052801030264,0.9593455627169064,0.2559214326978625,0,0.00972289742343218,0.4179474467030243,0.8730788299454636,1,2024
ARG141401190,América del Sur,Argentina,ARG,Brinkmann,Municipio,Local,2,Córdoba,Brinkmann,11321,2022,0,0.02083620808610459,0.40576150066994193,0.632659608598011,0.8724035608308606,0.962853385930309,0.868507560815253,0.9967126890203812,0.04157644001732352,0.0654158215010142,0.0238095238095238,0.9868507560815252,0.17581047381546136,3.0111412225233e-4,0.00592191107096256,0.4280078895463511,0.8593030900723209,1,3051
ARG141401197,América del Sur,Argentina,ARG,Colonia Marina,Municipio,Local,2,Córdoba,Colonia Marina,1266,2022,0,0.02444444444444444,0.3711151736745887,0.5056818181818182,0.8333333333333334,0.9975062344139652,0.9052369077306732,0.9975062344139652,0.02114164904862579,0.03932584269662921,0.01016949152542372,1,0.3424657534246575,8.6730268863833e-4,0.002601908065915,0.35910224438902744,0.8877805486284289,1,402
ARG141401204,América del Sur,Argentina,ARG,Colonia Prosperidad,Municipio,Local,2,Córdoba,Colonia Prosperidad,373,2022,0,0.02846975088967971,0.3076923076923077,0.5675675675675675,0.8412698412698413,0.9067796610169492,0.6864406779661016,0.9830508474576272,0.02366863905325443,0.04761904761904761,0.00943396226415094,0.8559322033898306,0.3448275862068966,0,0.00795755968169761,0.3389830508474576,0.8305084745762712,1,118
ARG141401211,América del Sur,Argentina,ARG,Colonia San Bartolomé,Municipio,Local,2,Córdoba,Colonia San Bartolomé,1434,2022,0,0.03235591506572295,0.35934664246823955,0.6349614395886889,0.8401937046004843,0.9123287671232876,0.8904109589041097,1,0.0202020202020202,0.02834008097165992,0.01440922190201729,1,0.24761904761904763,0,0.00929512006196746,0.3835616438356164,0.873972602739726,1,367
ARG141401218,América del Sur,Argentina,ARG,Colonia Vignaud,Municipio,Local,2,Córdoba,Colonia Vignaud,631,2022,0,0.01153846153846153,0.4229249011857707,0.7314285714285714,0.9047619047619048,0.8895027624309392,0.8287292817679558,1,0.02006688963210702,0.03125,0.01169590643274853,0.988950276243094,0.18483412322274884,0,0,0.47513812154696133,0.8729281767955801,1,183
ARG141401225,América del Sur,Argentina,ARG,Devoto,Municipio,Local,2,Córdoba,Devoto,7050,2022,0,0.01327993254637436,0.48613611811307167,0.6261682242990654,0.8629283489096573,0.9965635738831616,0.8600883652430045,0.9926362297496318,0.02336122733612273,0.03897180762852405,0.01203369434416365,0.9808541973490428,0.20485436893203884,0.00179357573781183,0.00766345997065057,0.4678448699067256,0.8527245949926362,1,2040
ARG141401232,América del Sur,Argentina,ARG,El Arañado,Municipio,Local,2,Córdoba,El Arañado,1478,2022,0,0.01044776119402985,0.40932642487046633,0.5431861804222649,0.7716262975778547,0.9765342960288808,0.8231046931407943,0.9945848375451264,0.01234567901234567,0.02473498233215547,0.00448430493273542,0.9530685920577616,0.2607003891050584,0.00394144144144144,0.00844594594594594,0.3953068592057762,0.8501805054151624,1,557
ARG141401239,América del Sur,Argentina,ARG,El Fortín,Municipio,Local,2,Córdoba,El Fortín,1554,2022,0,0.03316749585406302,0.36321483771251933,0.4901098901098901,0.8834498834498834,0.9957716701902748,0.8456659619450317,0.9957716701902748,0.03156146179401993,0.06278026905829596,0.01319261213720316,1,0.2751842751842752,6.0679611650485e-4,0.00849514563106796,0.3974630021141649,0.8520084566596194,1,480
ARG141401246,América del Sur,Argentina,ARG,El Tío,Municipio,Local,2,Córdoba,El Tío,2378,2022,0,0.01951219512195122,0.4288990825688073,0.6633663366336634,0.8613013698630136,0.9919743178170144,0.9069020866773676,0.9967897271268058,0.04972375690607734,0.06965174129353234,0.03379721669980119,0.9598715890850722,0.24837662337662336,0,0.01041666666666666,0.42215088282504015,0.8876404494382022,1,624
ARG141401253,América del Sur,Argentina,ARG,Freyre,Municipio,Local,2,Córdoba,Freyre,7661,2022,0,0.01309145315129979,0.4345764854614412,0.5735970561177552,0.8755781683626273,0.9664780148019156,0.9029168480626903,0.9960818458859382,0.04713375796178344,0.08340016038492382,0.02324352879027998,0.9412276882890728,0.15692590888173036,0.00202253683906385,0.0040450736781277,0.47714410100130605,0.8659120592076621,1,2305
ARG141401260,América del Sur,Argentina,ARG,La Francia,Municipio,Local,2,Córdoba,La Francia,4061,2022,0,0.02113384770211338,0.44014084507042256,0.5705980066445183,0.8559533721898418,0.9864325618515564,0.8914604948124503,1,0.03556851311953352,0.04657933042212518,0.02821011673151751,0.9465283320031924,0.22310405643738976,0.0010515247108307,0.00841219768664563,0.37829209896249,0.8332003192338387,1,1255
ARG141401267,América del Sur,Argentina,ARG,La Paquita,Municipio,Local,2,Córdoba,La Paquita,1130,2022,0,0.01355013550135501,0.35476718403547675,0.5723270440251572,0.865625,0.9496644295302014,0.7986577181208053,1,0.03485838779956427,0.06593406593406594,0.01444043321299639,0.9865771812080536,0.3219814241486068,0.00311203319502074,0.01556016597510373,0.3791946308724832,0.8523489932885906,1,298
ARG141401274,América del Sur,Argentina,ARG,La Tordilla,Municipio,Local,2,Córdoba,La Tordilla,1480,2022,0,0.01374207188160676,0.3756708407871199,0.599476439790576,0.862796833773087,0.997560975609756,0.9097560975609756,1,0.01079136690647482,0.0131004366812227,0.0091743119266055,0.9146341463414634,0.21511627906976744,7.9554494828957e-4,0.0182975338106603,0.3707317073170732,0.8268292682926829,1,410
ARG141401281,América del Sur,Argentina,ARG,Las Varas,Municipio,Local,2,Córdoba,Las Varas,1425,2022,0,0.01694915254237288,0.3583617747440273,0.6077922077922078,0.8971291866028708,0.967391304347826,0.7369565217391304,1,0.02134646962233169,0.04700854700854701,0.00533333333333333,1,0.18937644341801385,0.00303030303030303,0.02045454545454545,0.4043478260869565,0.8304347826086956,1,462
ARG141401288,América del Sur,Argentina,ARG,Las Varillas,Municipio,Local,2,Córdoba,Las Varillas,18752,2022,0,0.01522480374276425,0.5190089145254326,0.6115080857465213,0.8544453186467349,0.995854361932228,0.9041095890410958,0.9980173035328046,0.03620326487625066,0.05842558425584256,0.01956721915285451,0.9812578843034782,0.18373186184344983,0.00104192203971561,0.00919342976219661,0.517664023071377,0.8628334534967556,1,5564
ARG141401295,América del Sur,Argentina,ARG,Marull,Municipio,Local,2,Córdoba,Marull,2010,2022,0,0.02787456445993031,0.402187120291616,0.6523297491039427,0.8777589134125636,0.9966101694915256,0.8338983050847458,0.9983050847457628,0.02724177071509648,0.03846153846153846,0.01934235976789168,0.994915254237288,0.22678571428571428,0,0.0122290161200667,0.4084745762711864,0.8423728813559322,1,591
ARG141401302,América del Sur,Argentina,ARG,Miramar de Ansenuza,Municipio,Local,2,Córdoba,Miramar de Ansenuza,2764,2022,0,0.01394538059267867,0.4290155440414507,0.6486880466472303,0.860062893081761,0.15768725361366623,0.873850197109067,0.997371879106439,0.02620967741935484,0.04719101123595506,0.00914076782449725,0.9014454664914586,0.30269413629160064,4.5207956600361e-4,0.02260397830018083,0.38107752956636,0.8449408672798949,1,774
ARG141401309,América del Sur,Argentina,ARG,Morteros,Municipio,Local,2,Córdoba,Morteros,20631,2022,0,0.01672962763086886,0.41475957829776294,0.6512867647058823,0.8721977390304656,0.7164337519900937,0.9104900053069168,0.9994693083318592,0.03570105003088326,0.0550381033022862,0.02065026362038664,0.962497788784716,0.168141592920354,0.00233590282644242,0.00893482831114225,0.44330444012029013,0.8326552273129312,1,5662
ARG141401316,América del Sur,Argentina,ARG,Porteña,Municipio,Local,2,Córdoba,Porteña,6227,2022,0,0.00919651500484027,0.4597315436241611,0.6312684365781711,0.8868388683886839,0.958240534521158,0.8491091314031181,0.9994432071269488,0.01990445859872611,0.03457943925233645,0.00901525658807212,0.9944320712694876,0.15614236509758897,0.01342158485015627,0.00735429306857878,0.4771714922048998,0.8435412026726058,1,1800
ARG141401323,América del Sur,Argentina,ARG,Quebracho Herrado,Municipio,Local,2,Córdoba,Quebracho Herrado,432,2022,0,0.01736111111111111,0.25,0.6052631578947368,0.8461538461538461,0.9491525423728814,0.8559322033898304,0.9915254237288136,0.01675977653631285,0.02898550724637681,0.00909090909090909,0.940677966101695,0.3873239436619718,0,0.01804123711340206,0.2966101694915254,0.8728813559322034,1,119
ARG141401330,América del Sur,Argentina,ARG,Sacanta,Municipio,Local,2,Córdoba,Sacanta,3362,2022,0,0.02177485620377978,0.44379562043795623,0.5915492957746479,0.8680042238648363,0.995159728944821,0.9273959341723136,0.999031945788964,0.02836879432624113,0.05272108843537415,0.01094890510948905,0.9825750242013552,0.16488222698072805,0.00127632418634333,0.00797702616464582,0.46079380445304935,0.8760890609874153,1,1037
ARG141401337,América del Sur,Argentina,ARG,San Francisco,Municipio,Local,2,Córdoba,San Francisco,69047,2022,0.9826771213125998,0.00776201977663549,0.588857957865072,0.66707113605339,0.8674015748031496,0.9946841330865251,0.9157530020409133,0.9986235701741896,0.04599905781008143,0.06737911171744733,0.0289276204308884,0.9916524378675772,0.18646964213912345,0.00104313775837719,0.0052798818847092,0.5155441644121695,0.8567089088233898,1,21123
ARG141401344,América del Sur,Argentina,ARG,Saturnino María Laspiur,Municipio,Local,2,Córdoba,Saturnino María Laspiur,2822,2022,0,0.02763018065887354,0.42105263157894735,0.543448275862069,0.7947658402203857,1,0.797560975609756,0.998780487804878,0.04531410916580844,0.07106598984771574,0.02772963604852686,1,0.21451612903225803,8.0128205128205e-4,0.00280448717948717,0.3621951219512195,0.8292682926829268,1,824
ARG141401351,América del Sur,Argentina,ARG,Seeber,Municipio,Local,2,Córdoba,Seeber,766,2022,0,0.04625550660792951,0.22709163346613545,0.5052631578947369,0.8378378378378378,0.931372549019608,0.8137254901960784,1,0.00398406374501992,0,0.0064516129032258,0.9754901960784312,0.2307692307692308,0,0.01935483870967742,0.25980392156862747,0.8480392156862745,1,204
ARG141401358,América del Sur,Argentina,ARG,Tránsito,Municipio,Local,2,Córdoba,Tránsito,3848,2022,0,0.02127659574468085,0.33543417366946776,0.5607476635514018,0.8329979879275654,0.9283667621776504,0.8987583572110792,0.991404011461318,0.06140350877192982,0.10555555555555556,0.03260869565217391,0.9952244508118434,0.18129988597491448,0.00156985871271585,0.01161695447409733,0.3744030563514804,0.8586437440305635,1,1047
ARG141401365,América del Sur,Argentina,ARG,Villa Concepción del Tío,Municipio,Local,2,Córdoba,Villa Concepción del Tío,2457,2022,0,0.03536493604213694,0.28697850821744625,0.6309314586994728,0.8812949640287769,0.9355400696864112,0.7665505226480837,0.9965156794425089,0.03180212014134275,0.05292479108635097,0.0163265306122449,0.8850174216027874,0.2017857142857143,0,0.01060445387062566,0.32578397212543553,0.8484320557491289,1,575
ARG141402931,América del Sur,Argentina,ARG,Colonia Anita,Comuna,Local,2,Córdoba,Colonia Anita,5,2022,0,0,0.6666666666666666,0.3333333333333333,1,0,0.25,1,0,0,0,0,0,0,0,0.25,0.75,1,4
ARG141402938,América del Sur,Argentina,ARG,Colonia Iturraspe,Comuna,Local,2,Córdoba,Colonia Iturraspe,19,2022,0,0,0.2,1,1,0,0.3333333333333333,0.6666666666666666,0,0,0,0,0.3333333333333333,0,0,0,1,1,3
ARG141402945,América del Sur,Argentina,ARG,Colonia Las Pichanas,Comuna,Local,2,Córdoba,Colonia Las Pichanas,219,2022,0,0.00847457627118644,0.275,0.44680851063829785,0.967741935483871,0.673469387755102,0.9591836734693876,0.979591836734694,0.04938271604938271,0.1904761904761905,0,0.24489795918367344,0.2711864406779661,0,0,0.40816326530612246,0.9591836734693876,1,49
ARG141402952,América del Sur,Argentina,ARG,Colonia San Pedro,Comuna,Local,2,Córdoba,Colonia San Pedro,136,2022,0,0,0.21428571428571427,0.5581395348837209,0.9245283018867924,0,0.6176470588235294,0.9705882352941176,0.0958904109589041,0.16666666666666666,0.06122448979591836,0.6764705882352942,0.18604651162790695,0,0,0.29411764705882354,0.8823529411764706,1,34
ARG141402959,América del Sur,Argentina,ARG,Colonia Valtelina,Comuna,Local,2,Córdoba,Colonia Valtelina,220,2022,0,0,0.3132530120481928,0.3684210526315789,0.8360655737704918,0.6129032258064516,0.7741935483870968,1,0.01388888888888888,0,0.0196078431372549,0.8225806451612904,0.27083333333333337,0,0,0.3709677419354839,0.8548387096774194,1,62
ARG141402966,América del Sur,Argentina,ARG,Plaza Luxardo,Comuna,Local,2,Córdoba,Plaza Luxardo,218,2022,0,0.01333333333333333,0.17647058823529413,0.35185185185185186,0.8082191780821918,0.23809523809523808,0.4126984126984127,1,0.01282051282051282,0.05263157894736842,0,0,0.13333333333333333,0,0,0.30158730158730157,0.9365079365079364,1,63
ARG141402973,América del Sur,Argentina,ARG,Toro Pujio,Comuna,Local,2,Córdoba,Toro Pujio,202,2022,0,0.00719424460431654,0.35555555555555557,0.4230769230769231,0.9384615384615383,0.9649122807017544,0.6842105263157894,1,0.01204819277108433,0.04545454545454545,0,1,0.2222222222222222,0,0,0.3684210526315789,0.8596491228070176,1,57
ARG141402980,América del Sur,Argentina,ARG,Villa San Esteban,Comuna,Local,2,Córdoba,Villa San Esteban,85,2022,0,0.05454545454545454,0.16666666666666666,0.3636363636363637,0.8571428571428571,1,0.6818181818181818,0.9545454545454546,0.03125,0,0.04166666666666666,1,0.3548387096774194,0,0,0.2272727272727273,0.8636363636363636,1,22
ARG141471372,América del Sur,Argentina,ARG,Alta Gracia,Municipio,Local,2,Córdoba,Alta Gracia,60373,2022,0.01963513761391873,0.01187083206508204,0.5330205540661305,0.5950893138925708,0.8258381580718999,0.9895641497851442,0.8517154355091741,0.9967260077757316,0.07812860106015211,0.11603733559609672,0.04899323387951414,0.9844485369347248,0.2595721110572596,0.00303055292128808,0.01632787696367459,0.4611554464224814,0.8783166223313553,1,14703
ARG141471375,América del Sur,Argentina,ARG,Anisacate,Municipio,Local,2,Córdoba,Anisacate,8528,2022,0,0.01191454396055875,0.5258677144728225,0.5845272206303725,0.8496993987975952,0.28811881188118815,0.8415841584158416,0.9801980198019802,0.05958904109589041,0.09640522875816994,0.0330188679245283,0.9415841584158416,0.2945914844649022,0.00507462686567164,0.02298507462686567,0.4158415841584158,0.906930693069307,1,1014
ARG141471377,América del Sur,Argentina,ARG,Bouwer,Municipio,Local,2,Córdoba,Bouwer,1697,2022,0.999999999961754,0.02596380802517702,0.33500627352572143,0.44703770197486536,0.8387096774193549,0.879492600422833,0.7209302325581396,0.9661733615221988,0.063257065948856,0.1004016064257028,0.04453441295546558,0.47780126849894294,0.2103250478011472,0,0.00559910414333706,0.32346723044397463,0.8625792811839323,1,473
ARG141471379,América del Sur,Argentina,ARG,Despeñaderos,Municipio,Local,2,Córdoba,Despeñaderos,7656,2022,0,0.02254283137962128,0.45047801147227534,0.5497166409067491,0.8359639233370914,0.985373781148429,0.8364030335861322,0.990249187432286,0.05803921568627451,0.08622305529522024,0.03776129467296021,0.9528710725893824,0.257419745608722,0.00133600534402137,0.01102204408817635,0.4187432286023835,0.8537378114842904,1,1848
ARG141471386,América del Sur,Argentina,ARG,Lozada,Municipio,Local,2,Córdoba,Lozada,1177,2022,0,0.02894736842105263,0.27672955974842767,0.5030674846625767,0.8167701863354038,0.9213836477987422,0.8773584905660378,0.9905660377358492,0.05386416861826697,0.07926829268292683,0.03802281368821293,0.9874213836477987,0.2941176470588235,0.00288184438040345,0.00192122958693563,0.3710691823899371,0.8081761006289309,1,318
ARG141471393,América del Sur,Argentina,ARG,Malagueño,Municipio,Local,2,Córdoba,Malagueño,25733,2022,0.8938895598946895,0.01624737945492662,0.434184350132626,0.5495215311004785,0.8214114258281325,0.939452585015206,0.8495991152889134,0.995576444567321,0.08515474733344991,0.12973443622115804,0.05523085914669783,0.9195465855681504,0.22902270483711748,9.1589070370935e-4,0.00938787971302091,0.426873099253525,0.8617638927287807,1,3627
ARG141471400,América del Sur,Argentina,ARG,Monte Ralo,Municipio,Local,2,Córdoba,Monte Ralo,583,2022,0,0.05115089514066496,0.2839506172839506,0.3037974683544304,0.791907514450867,0.956043956043956,0.8241758241758242,0.9615384615384616,0.02702702702702703,0,0.0364963503649635,0.9615384615384616,0.208955223880597,0,0.00186915887850467,0.3076923076923077,0.7252747252747253,1,182
ARG141471407,América del Sur,Argentina,ARG,Toledo,Municipio,Local,2,Córdoba,Toledo,6324,2022,0.890454150769879,0.01721109940288022,0.3447461629279811,0.5077551020408163,0.8064250411861614,0.956896551724138,0.8189655172413793,0.9971264367816092,0.07745159275452843,0.12861736334405144,0.0449438202247191,0.9511494252873564,0.220103986135182,0.02702702702702703,0.00925249573898222,0.3840996168582376,0.882183908045977,1,1049
ARG141471410,América del Sur,Argentina,ARG,Villa Parque Santa Ana,Municipio,Local,2,Córdoba,Villa Parque Santa Ana,5474,2022,0.9999999999959376,0.0127420998980632,0.4555052790346908,0.5902004454342984,0.8245614035087719,0.7872892347600519,0.8261997405966277,0.987029831387808,0.0873634945397816,0.13962264150943396,0.05053191489361702,0.9649805447470816,0.22461170848267625,0.01922404753582663,0.03285564487941279,0.4254215304798962,0.9105058365758756,1,771
ARG141473001,América del Sur,Argentina,ARG,Dique Chico,Comuna,Local,2,Córdoba,Dique Chico,485,2022,0,0.015625,0.496,0.4941176470588235,0.8863636363636364,0.5789473684210527,0.7236842105263158,0.9473684210526316,0.05833333333333333,0.11904761904761904,0.02564102564102564,0.7236842105263158,0.3625,0,0.0193050193050193,0.3684210526315789,0.9473684210526316,1,76
ARG141473008,América del Sur,Argentina,ARG,Falda del Carmen,Comuna,Local,2,Córdoba,Falda del Carmen,2075,2022,0,0.0184331797235023,0.39097744360902253,0.5081081081081081,0.8947368421052632,0.19576719576719576,0.6666666666666667,0.9682539682539684,0.03787878787878788,0.06382978723404255,0.02352941176470588,0.3756613756613757,0.13836477987421383,0.02950819672131147,0.01639344262295082,0.32275132275132273,0.9047619047619048,1,189
ARG141473022,América del Sur,Argentina,ARG,La Paisanita,Comuna,Local,2,Córdoba,La Paisanita,286,2022,0,0.01739130434782608,0.3142857142857143,0.574468085106383,0.8979591836734694,0.7692307692307693,0.34615384615384615,0.9615384615384616,0.14084507042253522,0.2962962962962963,0.04545454545454545,0.3076923076923077,0.25,0,0.01290322580645161,0.17307692307692307,0.8653846153846154,1,52
ARG141473029,América del Sur,Argentina,ARG,La Rancherita,Comuna,Local,2,Córdoba,La Rancherita,227,2022,0,0,0.5849056603773585,0.7142857142857143,0.9069767441860463,0.85,0.8,0.9,0.09375,0.2,0.02564102564102564,1,0.48148148148148145,0,0.02325581395348837,0.3,0.875,1,40
ARG141473036,América del Sur,Argentina,ARG,La Serranita,Comuna,Local,2,Córdoba,La Serranita,589,2022,0,0.01344086021505376,0.6269430051813472,0.6612903225806451,0.828125,0.8978102189781022,0.7518248175182481,1,0.03723404255319149,0.06097560975609756,0.01886792452830188,1,0.3089430894308943,0,0.01376146788990825,0.34306569343065696,0.948905109489051,1,146
ARG141473043,América del Sur,Argentina,ARG,Los Cedros,Comuna,Local,2,Córdoba,Los Cedros,1586,2022,1,0.02083333333333333,0.2842323651452282,0.5465465465465466,0.8643067846607669,0.6366782006920415,0.8650519031141869,0.9965397923875432,0.09263157894736844,0.14285714285714285,0.06143344709897611,1,0.2147651006711409,9.1575091575091e-4,0.00183150183150183,0.2837370242214533,0.9100346020761244,1,289
ARG141473050,América del Sur,Argentina,ARG,Potrero de Garay,Comuna,Local,2,Córdoba,Potrero de Garay,2248,2022,0,0.02551020408163265,0.445859872611465,0.6075268817204301,0.8871681415929203,0.6813725490196079,0.7279411764705882,0.9779411764705882,0.02551834130781499,0.05309734513274336,0.00997506234413965,0.9019607843137256,0.25255102040816324,0.00604686318972033,0.02418745275888133,0.2647058823529412,0.946078431372549,1,425
ARG141473057,América del Sur,Argentina,ARG,Rafael García,Comuna,Local,2,Córdoba,Rafael García,636,2022,0,0.0166270783847981,0.2975206611570248,0.4202127659574468,0.7808988764044944,0.970414201183432,0.804733727810651,0.970414201183432,0.0871559633027523,0.17721518987341772,0.03597122302158273,1,0.3103448275862069,0,0.01238938053097345,0.3254437869822485,0.8284023668639053,1,169
ARG141473064,América del Sur,Argentina,ARG,San Clemente,Comuna,Local,2,Córdoba,San Clemente,198,2022,0,0.03208556149732621,0.34513274336283184,0.5892857142857143,0.8854166666666666,0.49230769230769234,0.7230769230769231,0.9538461538461538,0,0,0,0.7846153846153846,0.2597402597402597,0,0.02083333333333333,0.2307692307692308,0.8461538461538461,1,67
ARG141473071,América del Sur,Argentina,ARG,Valle de Anisacate,Comuna,Local,2,Córdoba,Valle de Anisacate,1829,2022,0,0.0110803324099723,0.5936254980079682,0.5595238095238095,0.8881987577639752,0.9882352941176472,0.8588235294117647,0.9823529411764704,0.08860759493670886,0.11702127659574468,0.06993006993006994,1,0.42105263157894735,0,0.04928131416837782,0.4352941176470588,0.9705882352941176,1,170
ARG141473078,América del Sur,Argentina,ARG,Villa Ciudad de América,Comuna,Local,2,Córdoba,Villa Ciudad de América,1143,2022,0,0.01657458563535911,0.3273809523809524,0.616504854368932,0.8798449612403101,0.7341772151898733,0.759493670886076,0.9620253164556962,0.07344632768361582,0.13385826771653545,0.03964757709251101,0.8823529411764706,0.2376681614349776,0.01706036745406824,0.01574803149606299,0.29957805907172996,0.9282700421940928,1,249
ARG141473085,América del Sur,Argentina,ARG,Villa del Prado,Comuna,Local,2,Córdoba,Villa del Prado,4025,2022,0.9997131346271184,0.02548725637181409,0.2744405182567727,0.4427860696517413,0.8480620155038759,0.6564748201438849,0.5377697841726619,0.949640287769784,0.08968058968058969,0.1760299625468165,0.04753199268738574,0.9136690647482014,0.18566176470588236,9.9453008453505e-4,0.0208851317752362,0.25,0.8902877697841727,1,556
ARG141473092,América del Sur,Argentina,ARG,Villa La Bolsa,Comuna,Local,2,Córdoba,Villa La Bolsa,1456,2022,0,0.00379746835443037,0.7136929460580913,0.6483180428134556,0.8317460317460318,0.878419452887538,0.7933130699088146,1,0.05907172995780591,0.0660377358490566,0.05343511450381679,1,0.37407407407407406,0.00603015075376884,0.02110552763819095,0.5835866261398176,0.9483282674772036,1,335
ARG141473099,América del Sur,Argentina,ARG,Villa Los Aromos,Comuna,Local,2,Córdoba,Villa Los Aromos,1546,2022,0,0.01002734731084776,0.7309417040358744,0.62004662004662,0.832579185520362,0.924433249370277,0.8060453400503778,0.9899244332493704,0.04100946372239748,0.05263157894736842,0.03260869565217391,0.929471032745592,0.3899521531100479,0.00507982583454281,0.01596516690856313,0.3702770780856423,0.9546599496221664,1,403
ARG141473113,América del Sur,Argentina,ARG,Villa San Isidro,Comuna,Local,2,Córdoba,Villa San Isidro,607,2022,0,0.01572327044025157,0.48237476808905383,0.47668393782383417,0.7480106100795756,0.9095477386934674,0.7889447236180904,0.9597989949748744,0.05150214592274678,0.06521739130434782,0.0425531914893617,0.7763819095477387,0.3704918032786885,0.00240192153722978,0.01921537229783827,0.35678391959798994,0.8693467336683417,1,404
ARG141541414,América del Sur,Argentina,ARG,San Francisco del Chañar,Municipio,Local,2,Córdoba,San Francisco del Chañar,3074,2022,0,0.03304843304843305,0.4029990627928772,0.5447470817120622,0.7683397683397684,0.9284712482468443,0.8793828892005611,0.9845722300140252,0.0776794493608653,0.1,0.06197654941373534,0.8892005610098177,0.5879194630872483,0.00119712689545091,0.00758180367118914,0.28892005610098176,0.8667601683029453,1,716
ARG141543120,América del Sur,Argentina,ARG,Camilo Aldao,Municipio,Local,2,Córdoba,Camilo Aldao,4899,2022,0,0.01854493580599144,0.5261162594776748,0.5663990117356393,0.8513341804320204,0.992059290629963,0.833774483853891,0.9984118581259926,0.03190075321222862,0.06106870229007633,0.01194029850746268,0.9714285714285714,0.24575645756457565,0.0015358034171626,0.00787099251295834,0.47697194282689254,0.8189518263631551,1,1896
ARG141543127,América del Sur,Argentina,ARG,Chuña Huasi,Comuna,Local,2,Córdoba,Chuña Huasi,34,2022,0,0.08734939759036145,0.18857142857142856,0.25517241379310346,0.6363636363636364,0.3305785123966942,0.7107438016528925,0.9256198347107438,0.1487603305785124,0.1891891891891892,0.13095238095238096,0.17355371900826447,0.4555555555555555,0,0.00437636761487965,0.10743801652892562,0.7024793388429752,1,121
ARG141543134,América del Sur,Argentina,ARG,Pozo Nuevo,Comuna,Local,2,Córdoba,Pozo Nuevo,323,2022,0,0.10091743119266056,0.12371134020618556,0.2972972972972973,0.6445783132530121,0.4125874125874126,0.6083916083916084,0.8531468531468531,0.07857142857142857,0.06060606060606061,0.08411214953271028,0,0.3364485981308411,0,0,0.07692307692307693,0.08391608391608392,1,143
ARG141611421,América del Sur,Argentina,ARG,Almafuerte,Municipio,Local,2,Córdoba,Almafuerte,13136,2022,0,0.0134190347316193,0.5022230455724342,0.5841010792313767,0.8552850027670171,0.9825174825174824,0.8620225927918236,0.9932759548144164,0.05047080979284369,0.07841369986480397,0.03041087026852151,0.9768692845615924,0.28047716031422754,0.00151962853524693,0.01831996623047699,0.5032275416890801,0.8741258741258742,1,3738
ARG141611428,América del Sur,Argentina,ARG,Colonia Almada,Municipio,Local,2,Córdoba,Colonia Almada,516,2022,0,0.00952380952380952,0.3657587548638132,0.6444444444444445,0.9207317073170732,0.9333333333333332,0.8500000000000001,1,0.0299625468164794,0.05172413793103448,0.01324503311258278,0.9333333333333332,0.33513513513513515,0,0.00369685767097966,0.46111111111111114,0.8666666666666667,1,180
ARG141611435,América del Sur,Argentina,ARG,Corralito,Municipio,Local,2,Córdoba,Corralito,1904,2022,0,0.03563474387527839,0.41935483870967744,0.45309734513274336,0.8137082601054482,0.9945255474452556,0.7354014598540146,0.990875912408759,0.07927677329624479,0.08984375,0.0734341252699784,0.9416058394160584,0.2175925925925926,5.6915196357427e-4,0.00682982356289129,0.4288321167883212,0.8266423357664233,1,548
ARG141611442,América del Sur,Argentina,ARG,Dalmacio Vélez,Municipio,Local,2,Córdoba,Dalmacio Vélez,1877,2022,0,0.01712328767123287,0.3437945791726106,0.5725971370143149,0.8648648648648649,0.9979716024340772,0.8498985801217038,1,0.03304597701149425,0.05357142857142857,0.01923076923076923,0.973630831643002,0.1566265060240964,0.00255591054313099,0.01469648562300319,0.4097363083164301,0.8701825557809331,1,497
ARG141611449,América del Sur,Argentina,ARG,Hernando,Municipio,Local,2,Córdoba,Hernando,11838,2022,0,0.01911618669314796,0.4899934022432373,0.6269525267993874,0.875753516409913,0.9887855579868708,0.8955142231947484,0.9980853391684902,0.03453453453453453,0.04836345872007816,0.02370936902485659,0.9696389496717724,0.19059065934065933,0.00388953714507973,0.01098794243485025,0.5114879649890591,0.8421772428884027,1,3666
ARG141611456,América del Sur,Argentina,ARG,James Craik,Municipio,Local,2,Córdoba,James Craik,5988,2022,0,0.02207001522070015,0.4228791773778921,0.5533088235294118,0.8376664552948636,0.987265009096422,0.8471801091570649,0.996967859308672,0.03012589928057554,0.05204872646733112,0.01514004542013626,1,0.23506743737957608,0.00895238095238095,0.00552380952380952,0.4493632504548211,0.8708308065494239,1,1659
ARG141611463,América del Sur,Argentina,ARG,Las Perdices,Municipio,Local,2,Córdoba,Las Perdices,5340,2022,0,0.01647058823529412,0.3839479392624729,0.5829048843187661,0.8770700636942675,0.988929889298893,0.6838868388683886,0.9981549815498156,0.05166374781085814,0.0782800441014333,0.03413217138707335,0.985239852398524,0.212342402123424,1.9440124416796e-4,0.01049766718506998,0.4661746617466175,0.8702337023370234,1,1631
ARG141611470,América del Sur,Argentina,ARG,Los Zorros,Municipio,Local,2,Córdoba,Los Zorros,514,2022,0,0.03836317135549872,0.4361233480176211,0.6585365853658537,0.8846153846153846,1,0.8953488372093021,0.9883720930232558,0.02032520325203252,0.03703703703703703,0.0072463768115942,1,0.5090909090909091,0,0.0078125,0.3779069767441861,0.813953488372093,1,173
ARG141611477,América del Sur,Argentina,ARG,Oliva,Municipio,Local,2,Córdoba,Oliva,12910,2022,0,0.01305165357814401,0.5532477341389728,0.6381230116648993,0.817947247706422,0.9964385652505724,0.9254642584584076,0.9987280590180616,0.05323193916349809,0.07021188201080183,0.03890641430073607,0.9890613075553294,0.3221595965588846,0.00270979761199085,0.00414937759336099,0.48181124395828034,0.8580513864156704,1,3945
ARG141611484,América del Sur,Argentina,ARG,Pampayasta Sud,Municipio,Local,2,Córdoba,Pampayasta Sud,1371,2022,0,0.0303030303030303,0.3687258687258687,0.6005509641873278,0.8497267759562842,0.916289592760181,0.8959276018099547,1,0.02079395085066162,0.04128440366972477,0.00643086816720257,0.995475113122172,0.3068493150684931,8.2508250825082e-4,0.01072607260726072,0.32805429864253394,0.8552036199095022,1,442
ARG141611491,América del Sur,Argentina,ARG,Río Tercero,Municipio,Local,2,Córdoba,Río Tercero,53166,2022,0,0.01422843459375174,0.5397895504031339,0.6079875920899573,0.851262731965955,0.9929900586286006,0.9722151414733622,0.9980881978078,0.05363257751041184,0.07738095238095238,0.03532207834781183,0.9799923537657704,0.2261615439599714,0.00254273504273504,0.01405982905982906,0.5510451185317359,0.8675121080805506,1,15720
ARG141611498,América del Sur,Argentina,ARG,Tancacha,Municipio,Local,2,Córdoba,Tancacha,5638,2022,0,0.02044293015332197,0.47078891257995736,0.5497351383166569,0.8369152970922883,0.9994514536478332,0.9193636862314866,0.9950630828304992,0.06244464127546501,0.08779443254817987,0.0445619335347432,0.9895776193088316,0.2066710268149117,0.00188359389715577,0.0065925786400452,0.4712013165112452,0.8178826110806363,1,1830
ARG141611505,América del Sur,Argentina,ARG,Villa Ascasubi,Municipio,Local,2,Córdoba,Villa Ascasubi,2733,2022,0,0.03794037940379403,0.4022140221402214,0.5527777777777778,0.8541114058355438,0.9594423320659062,0.8301647655259823,0.9949302915082384,0.03166986564299424,0.04020100502512563,0.02639751552795031,0.9556400506970848,0.2718600953895072,0.0059447983014862,0.02038216560509554,0.41698352344740175,0.8833967046894804,1,791
ARG141613141,América del Sur,Argentina,ARG,General Fotheringham,Comuna,Local,2,Córdoba,General Fotheringham,337,2022,0,0.02510460251046025,0.3605442176870749,0.5631067961165048,0.8404255319148937,0.9888888888888888,0.9222222222222224,0.9888888888888888,0.0437956204379562,0.06896551724137931,0.02531645569620253,1,0.4579439252336448,0,0,0.4777777777777778,0.9111111111111112,1,90
ARG141613148,América del Sur,Argentina,ARG,Las Isletillas,Comuna,Local,2,Córdoba,Las Isletillas,250,2022,0,0.03472222222222222,0.21978021978021975,0.7358490566037735,0.984375,0.9242424242424242,0.7878787878787878,0.9696969696969696,0.00980392156862745,0,0.01587301587301587,1,0.25757575757575757,0,0,0.3636363636363637,0.8939393939393939,1,66
ARG141613155,América del Sur,Argentina,ARG,Pampayasta Norte,Comuna,Local,2,Córdoba,Pampayasta Norte,228,2022,0,0.01428571428571428,0.5306122448979592,0.6388888888888888,0.6551724137931034,0.7333333333333333,0.9333333333333332,1,0.04761904761904761,0.04347826086956521,0.05263157894736842,0.8333333333333334,0.35,0.01052631578947368,0.03157894736842105,0.4,1,1,30
ARG141613162,América del Sur,Argentina,ARG,Punta del Agua,Comuna,Local,2,Córdoba,Punta del Agua,224,2022,0,0.03252032520325203,0.25,0.5217391304347826,0.8269230769230769,1,0.43636363636363634,0.9818181818181818,0.07462686567164178,0.08333333333333333,0.06976744186046512,1,0.3333333333333333,0,0,0.12727272727272726,0.8363636363636363,1,55
ARG141681512,América del Sur,Argentina,ARG,Candelaria Sud,Comuna,Local,2,Córdoba,Candelaria Sud,102,2022,0,0.1263157894736842,0.15,0.5384615384615384,0.8717948717948718,0.925,0.475,0.9,0.2,0.3333333333333333,0.1176470588235294,0,0.2857142857142857,0,0,0.125,0.7,1,42
ARG141681519,América del Sur,Argentina,ARG,Las Peñas,Municipio,Local,2,Córdoba,Las Peñas,2075,2022,0,0.0270042194092827,0.32332878581173263,0.5296367112810707,0.818,0.9781746031746033,0.865079365079365,1,0.05830903790087463,0.08664259927797834,0.03911980440097799,0.9107142857142856,0.2629310344827586,0.00120192307692307,0.00300480769230769,0.3472222222222222,0.8591269841269841,1,506
ARG141681526,América del Sur,Argentina,ARG,Sarmiento,Municipio,Local,2,Córdoba,Sarmiento,1343,2022,0,0.02507522567703109,0.35782747603833864,0.5111111111111111,0.8059360730593608,0.8937823834196892,0.8678756476683938,0.9922279792746114,0.0686106346483705,0.12608695652173912,0.03116147308781869,0.8808290155440415,0.2574031890660592,0.00206185567010309,0.00962199312714776,0.35751295336787564,0.8290155440414507,1,386
ARG141681533,América del Sur,Argentina,ARG,Sinsacate,Municipio,Local,2,Córdoba,Sinsacate,2620,2022,0,0.01778242677824268,0.4446308724832215,0.6318289786223278,0.8300970873786407,1,0.811965811965812,0.9971509971509972,0.03947368421052631,0.07142857142857142,0.01461988304093567,0.8547008547008547,0.2694174757281554,0.00148809523809523,0.00744047619047619,0.49572649572649574,0.9145299145299144,1,352
ARG141681540,América del Sur,Argentina,ARG,Villa del Totoral,Municipio,Local,2,Córdoba,Villa del Totoral,10869,2022,0,0.01931745009658725,0.4744209722575719,0.5707631673235399,0.7947565543071161,0.9927507047925896,0.8807893677003624,0.991542488924688,0.06433378196500673,0.0916509730069052,0.04382657869934024,0.9726468222043444,0.22566547477155344,0.00248844649840028,0.00533238535371489,0.4337494965767217,0.8751510269834877,1,2495
ARG141683169,América del Sur,Argentina,ARG,Canals,Municipio,Local,2,Córdoba,Canals,8331,2022,0,0.02244772447724477,0.42860976918947935,0.5758594917787743,0.838006230529595,0.9818181818181818,0.6653846153846155,0.9926573426573428,0.03438938532358516,0.05061648280337443,0.02276951672862453,0.9468531468531468,0.2166521360069747,5.7630244352236e-4,0.00922083909635776,0.4234265734265734,0.8674825174825175,1,2870
ARG141683176,América del Sur,Argentina,ARG,Capilla de Sitón,Comuna,Local,2,Córdoba,Capilla de Sitón,559,2022,0,0.05526315789473684,0.14285714285714285,0.4117647058823529,0.7176470588235294,0.8657718120805369,0.8456375838926173,0.9798657718120806,0.01081081081081081,0,0.01639344262295082,0.9865771812080536,0.4380165289256198,0.00719424460431654,0,0.22818791946308725,0.785234899328859,1,149
ARG141683183,América del Sur,Argentina,ARG,La Pampa,Comuna,Local,2,Córdoba,La Pampa,876,2022,0,0.06962025316455696,0.24802110817941952,0.5813953488372093,0.8421052631578947,0.962809917355372,0.6942148760330579,0.987603305785124,0.06684491978609626,0.12,0.03125,0.871900826446281,0.3087719298245614,0.0042016806722689,0.00945378151260504,0.23140495867768596,0.8842975206611571,1,245
ARG141683190,América del Sur,Argentina,ARG,Los Mistoles,Comuna,Local,2,Córdoba,Los Mistoles,125,2022,0,0.04444444444444444,0.12195121951219512,0.32075471698113206,0.7142857142857143,0.9482758620689656,0.6724137931034483,1,0.03225806451612903,0,0.04444444444444444,0,0.26,0,0,0.15517241379310345,0.8620689655172413,1,58
ARG141683197,América del Sur,Argentina,ARG,Simbolar,Comuna,Local,2,Córdoba,Simbolar,443,2022,0,0.03629032258064516,0.22388059701492535,0.5,0.7227722772277227,0.9801980198019802,0.8316831683168316,0.99009900990099,0.01639344262295082,0.02040816326530612,0.0136986301369863,0,0.1914893617021277,0,0,0.19801980198019803,0.8712871287128713,1,101
ARG141751547,América del Sur,Argentina,ARG,Las Arrias,Municipio,Local,2,Córdoba,Las Arrias,1497,2022,0,0.0457280385078219,0.23976608187134504,0.5094339622641509,0.7902298850574713,0.973404255319149,0.7526595744680851,0.9680851063829788,0.04310344827586207,0.07936507936507936,0.01818181818181818,0.9388297872340424,0.4752475247524752,0.00424088210347752,0.00678541136556403,0.17553191489361702,0.8164893617021277,1,377
ARG141751554,América del Sur,Argentina,ARG,Lucio Victorio Mansilla,Municipio,Local,2,Córdoba,Lucio Victorio Mansilla,1003,2022,0,0.10084033613445378,0.16612377850162866,0.3803921568627451,0.6692913385826772,0.9886363636363636,0.34469696969696967,0.8598484848484849,0.09737827715355804,0.18556701030927836,0.04705882352941176,0.678030303030303,0.49230769230769234,0.03178206583427923,0,0.0946969696969697,0.7651515151515151,1,264
ARG141751561,América del Sur,Argentina,ARG,San José de la Dormida,Municipio,Local,2,Córdoba,San José de la Dormida,5823,2022,0,0.02671169788148603,0.3674089068825911,0.5329593267882188,0.7772096420745069,0.9892086330935252,0.9086330935251798,0.9913669064748202,0.04221491228070175,0.06710526315789474,0.02443609022556391,0.9597122302158272,0.402972749793559,0.00133037694013303,0.01241685144124168,0.29640287769784174,0.8942446043165467,1,1393
ARG141751568,América del Sur,Argentina,ARG,San José de las Salinas,Municipio,Local,2,Córdoba,San José de las Salinas,908,2022,0,0.10495049504950496,0.15932203389830507,0.3695652173913043,0.7427184466019418,0.8986175115207373,0.6451612903225806,0.9631336405529952,0.02100840336134454,0.01176470588235294,0.0261437908496732,0.8940092165898618,0.3724489795918367,0.00128700128700128,0,0.14746543778801843,0.8663594470046083,1,217
ARG141751575,América del Sur,Argentina,ARG,San Pedro Norte,Municipio,Local,2,Córdoba,San Pedro Norte,622,2022,0,0.04436860068259386,0.2345679012345679,0.5042735042735043,0.6776859504132231,0.8412698412698412,0.7777777777777778,0.9444444444444444,0.00709219858156028,0.01694915254237288,0,0.8253968253968254,0.487603305785124,0,0.0079155672823219,0.16666666666666666,0.8333333333333334,1,126
ARG141751582,América del Sur,Argentina,ARG,Villa Tulumba,Municipio,Local,2,Córdoba,Villa Tulumba,1585,2022,0,0.02928870292887029,0.46130952380952384,0.5797101449275363,0.7602591792656588,0.9258517034068136,0.8537074148296593,0.969939879759519,0.05221518987341772,0.07857142857142857,0.03125,0.9438877755511024,0.5206422018348623,0.01815904821540388,0.00375704445835942,0.24849699398797595,0.8617234468937875,1,504
ARG141753204,América del Sur,Argentina,ARG,Churqui Cañada,Comuna,Local,2,Córdoba,Churqui Cañada,85,2022,0,0.05769230769230769,0.07142857142857142,0.4615384615384616,0.8260869565217391,0.8888888888888888,0.7777777777777778,1,0,0,0,0,0.7142857142857143,0,0,0.1111111111111111,0.925925925925926,1,27
ARG141753211,América del Sur,Argentina,ARG,El Rodeo,Comuna,Local,2,Córdoba,El Rodeo,207,2022,0,0.08571428571428572,0.11702127659574468,0.2676056338028169,0.68,0.8805970149253731,0.6716417910447762,0.9701492537313432,0.04285714285714286,0.15789473684210523,0,0.14925373134328357,0.22,0.01271186440677966,0,0.1791044776119403,0.9253731343283582,1,68
ARG141753218,América del Sur,Argentina,ARG,Rosario del Saladillo,Comuna,Local,2,Córdoba,Rosario del Saladillo,211,2022,0,0.06870229007633588,0.3116883116883117,0.3928571428571429,0.7058823529411765,0.9642857142857144,0.8214285714285714,0.9285714285714286,0.01724137931034482,0.04545454545454545,0,0,0.5128205128205128,0,0,0.25,0.7678571428571429,1,56
ARG141821589,América del Sur,Argentina,ARG,Alto Alegre,Municipio,Local,2,Córdoba,Alto Alegre,1050,2022,0,0.03414634146341464,0.3475783475783476,0.5042735042735043,0.7843866171003717,0.9919678714859438,0.7710843373493976,0.9919678714859438,0.0364741641337386,0.05932203389830508,0.02369668246445497,0.923694779116466,0.3789954337899543,0.003671970624235,0.01713586291309669,0.3614457831325301,0.8554216867469879,1,250
ARG141821596,América del Sur,Argentina,ARG,Ballesteros,Municipio,Local,2,Córdoba,Ballesteros,4732,2022,0,0.0247457627118644,0.3981016192071469,0.4659468438538206,0.8265387689848122,0.9357429718875502,0.8120481927710844,0.9983935742971888,0.04012539184952978,0.0855614973262032,0.01547388781431334,1,0.2560856864654333,0.0134928716904277,0.00381873727087576,0.41124497991967873,0.8570281124497992,1,1245
ARG141821603,América del Sur,Argentina,ARG,Ballesteros Sud,Municipio,Local,2,Córdoba,Ballesteros Sud,693,2022,0,0.0171990171990172,0.243801652892562,0.4166666666666667,0.7978723404255319,0.976470588235294,0.6176470588235293,0.9705882352941176,0.02790697674418604,0.03076923076923077,0.02666666666666667,0.9941176470588236,0.2894736842105263,0.00557620817843866,0.00929368029739777,0.2352941176470588,0.888235294117647,1,170
ARG141821610,América del Sur,Argentina,ARG,Bell Ville,Municipio,Local,2,Córdoba,Bell Ville,37610,2022,0,0.01521086055443586,0.5731341417677209,0.6419696692855837,0.8476771468793993,0.991939769707706,0.8367581930912312,0.9982285208148804,0.04788592066753845,0.06887718798918457,0.03155447298494242,0.9611194756886016,0.25236593059936907,0.00200354249542669,0.00975638084729521,0.5100088573959256,0.8536758193091231,1,11314
ARG141821617,América del Sur,Argentina,ARG,Benjamín Gould,Municipio,Local,2,Córdoba,Benjamín Gould,849,2022,0,0.068897637795275593,0.1897810218978102,0.4472361809045226,0.7880184331797235,0.3217391304347826,0.47826086956521735,0.991304347826087,0.11153846153846154,0.14606741573033707,0.0935672514619883,0.9260869565217392,0.30158730158730157,0,0.00426136363636363,0.21739130434782608,0.8347826086956521,1,230
ARG141821624,América del Sur,Argentina,ARG,Caminiaga,Comuna,Local,2,Córdoba,Caminiaga,336,2022,0,0.04905660377358491,0.27941176470588236,0.514018691588785,0.7741935483870968,0.771186440677966,0.8220338983050848,0.983050847457627,0.05511811023622047,0.09090909090909093,0.02777777777777777,0.4491525423728814,0.5333333333333333,0,0,0.22033898305084745,0.923728813559322,1,119
ARG141821631,América del Sur,Argentina,ARG,Chilibroste,Municipio,Local,2,Córdoba,Chilibroste,870,2022,0,0.05186721991701245,0.32222222222222224,0.4350282485875706,0.7570093457943925,0.9653465346534652,0.599009900990099,0.99009900990099,0.02092050209205021,0.01298701298701298,0.02469135802469135,0.9207920792079208,0.3975155279503106,0.01954397394136807,0.001628664495114,0.35148514851485146,0.7722772277227723,1,202
ARG141821638,América del Sur,Argentina,ARG,Cintra,Municipio,Local,2,Córdoba,Cintra,1696,2022,0,0.01878453038674033,0.41222879684418146,0.5415472779369628,0.8781869688385269,0.9557739557739556,0.7076167076167077,0.9975429975429976,0.02605210420841683,0.04232804232804232,0.01612903225806451,0.9336609336609336,0.3850746268656716,8.2987551867219e-4,0.02240663900414937,0.36609336609336607,0.8230958230958231,1,409
ARG141821645,América del Sur,Argentina,ARG,Colonia Bismarck,Municipio,Local,2,Córdoba,Colonia Bismarck,420,2022,0,0.04724409448818897,0.23030303030303031,0.48695652173913045,0.8584905660377359,0.9912280701754386,0.6052631578947368,0.9912280701754386,0.04761904761904761,0.05357142857142857,0.04395604395604396,1,0.35344827586206895,0,0.00804289544235925,0.30701754385964913,0.9035087719298246,1,114
ARG141821652,América del Sur,Argentina,ARG,Idiazábal,Municipio,Local,2,Córdoba,Idiazábal,1712,2022,0,0.02104377104377104,0.5141242937853108,0.5150862068965517,0.8448979591836735,0.990234375,0.830078125,0.99609375,0.02143950995405819,0.0502092050209205,0.00483091787439613,0.97265625,0.2974137931034483,0,0.00964010282776349,0.439453125,0.861328125,1,513
ARG141821659,América del Sur,Argentina,ARG,Justiniano Posse,Municipio,Local,2,Córdoba,Justiniano Posse,9543,2022,0,0.01240356980789593,0.5189620758483033,0.6297386823702613,0.8650329188002926,0.9938450398262128,0.9131064446053584,1,0.02944062806673209,0.04967855055523085,0.01479915433403805,0.994931209268646,0.17134416543574593,8.1689812113432e-4,0.00746878282179951,0.5459811730629979,0.8700217233888486,1,2773
ARG141821666,América del Sur,Argentina,ARG,Laborde,Municipio,Local,2,Córdoba,Laborde,6514,2022,0,0.01860166773572803,0.5288640595903166,0.5616216216216217,0.846484165324745,0.985439173320808,0.556599342414279,0.9995302959135745,0.04013761467889908,0.06929740134744947,0.02092580849714648,0.9887271019257868,0.26037959667852906,0.00167869733087124,0.00923283531979184,0.4349459840300611,0.8586190699859089,1,2135
ARG141821673,América del Sur,Argentina,ARG,Monte Leña,Municipio,Local,2,Córdoba,Monte Leña,571,2022,0,0.01834862385321101,0.2388888888888889,0.4696969696969697,0.7612903225806451,0.9140625,0.5234375,1,0.06111111111111111,0.1129032258064516,0.03389830508474576,0.90625,0.30081300813008127,0.00688073394495412,0,0.234375,0.8515625,1,128
ARG141821680,América del Sur,Argentina,ARG,Monte Maíz,Municipio,Local,2,Córdoba,Monte Maíz,8408,2022,0,0.01233924226624956,0.5218642117376294,0.5979166666666667,0.8571428571428571,0.9576719576719576,0.82987382987383,0.9991859991859992,0.02089985486211901,0.03205574912891986,0.01293532338308457,0.973951973951974,0.1572460688482788,0.00200588392618347,0.01150040117678523,0.49654049654049653,0.8774928774928775,1,2463
ARG141821687,América del Sur,Argentina,ARG,Morrison,Municipio,Local,2,Córdoba,Morrison,4002,2022,0,0.02208682406702208,0.4595635430038511,0.5904059040590406,0.8537284894837476,0.9981884057971014,0.806159420289855,0.9945652173913044,0.04044357469015003,0.0515625,0.03247480403135498,0.9972826086956522,0.253475935828877,0.00176626435089785,0.00824256697085663,0.4221014492753623,0.8251811594202898,1,1107
ARG141821694,América del Sur,Argentina,ARG,Noetinger,Municipio,Local,2,Córdoba,Noetinger,5730,2022,0,0.01478460361967881,0.4793926247288503,0.580602883355177,0.8622677770659833,0.973491257755217,0.8426395939086294,0.9977439368302312,0.04166666666666666,0.06659142212189616,0.02526002971768202,0.9960518894529048,0.20157583716349312,2.0312817387771e-4,0.00223440991265488,0.4709531866892273,0.8556119571347998,1,1776
ARG141821701,América del Sur,Argentina,ARG,Ordóñez,Municipio,Local,2,Córdoba,Ordóñez,2940,2022,0,0.0243161094224924,0.4188255613126079,0.485,0.8433292533659731,0.993857493857494,0.7457002457002457,0.9987714987714988,0.02785515320334261,0.04639175257731959,0.01741654571843251,0.9717444717444718,0.27983539094650206,0.00191350937619594,0.00497512437810945,0.4287469287469288,0.8292383292383292,1,817
ARG141821708,América del Sur,Argentina,ARG,Pascanas,Municipio,Local,2,Córdoba,Pascanas,2742,2022,0,0.01228389444949954,0.5318985395849347,0.610738255033557,0.8460686600221484,0.9598732840549102,0.6810982048574447,0.9978880675818372,0.02213740458015267,0.04212454212454213,0.00785340314136125,0.9788806758183738,0.24769585253456225,7.1968333933069e-4,0.00899604174163368,0.4836325237592397,0.8891235480464625,1,950
ARG141821715,América del Sur,Argentina,ARG,Pueblo Italiano,Municipio,Local,2,Córdoba,Pueblo Italiano,1811,2022,0,0.03299293008641005,0.3925104022191401,0.5456389452332657,0.8574181117533719,0.998220640569395,0.7669039145907474,0.994661921708185,0.02521008403361344,0.04089219330855018,0.01573033707865168,0.9698581560283688,0.26211453744493396,6.0168471720818e-4,0.01865222623345367,0.4110320284697509,0.909252669039146,1,566
ARG141821722,América del Sur,Argentina,ARG,San Antonio de Litín,Municipio,Local,2,Córdoba,San Antonio de Litín,1776,2022,0,0.01805416248746239,0.4991181657848324,0.6020942408376964,0.8589420654911839,0.9660633484162896,0.832579185520362,1,0.02802101576182136,0.03043478260869565,0.02639296187683284,0.920814479638009,0.29201101928374656,0,0.01750380517503805,0.4570135746606334,0.8800904977375565,1,445
ARG141821729,América del Sur,Argentina,ARG,San Marcos Sud,Municipio,Local,2,Córdoba,San Marcos Sud,3478,2022,0,0.01753635585970915,0.41249092229484385,0.5648050579557429,0.8724973656480506,0.9960668633235004,0.7099311701081612,0.9990167158308751,0.04472140762463343,0.06902985074626866,0.02898550724637681,0.991150442477876,0.19929245283018868,0,0.01303656597774244,0.4414945919370698,0.8859390363815143,1,1021
ARG141821736,América del Sur,Argentina,ARG,Viamonte,Municipio,Local,2,Córdoba,Viamonte,1714,2022,0,0.02227722772277227,0.4364406779661017,0.5702479338842975,0.8658536585365854,0.9908925318761383,0.7959927140255009,0.9981785063752276,0.04131054131054131,0.07971014492753623,0.01643192488262911,0.9635701275045536,0.29867256637168144,6.2735257214554e-4,0.00501882057716436,0.3806921675774135,0.8597449908925319,1,551
ARG141821743,América del Sur,Argentina,ARG,Wenceslao Escalante,Municipio,Local,2,Córdoba,Wenceslao Escalante,1488,2022,0,0.01173512154233026,0.42503639010189226,0.5636743215031316,0.865934065934066,0.9871323529411764,0.7536764705882353,1,0.02259036144578313,0.04074074074074074,0.01015228426395939,0.9650735294117648,0.2482758620689655,0,0.01779828609096901,0.42830882352941174,0.8529411764705882,1,546
ARG141823225,América del Sur,Argentina,ARG,Aldea Santa María,Comuna,Local,2,Córdoba,Aldea Santa María,147,2022,0,0.02158273381294964,0.275,0.5370370370370371,0.8412698412698413,0.8,0.35,1,0.03658536585365853,0.10344827586206896,0,0,0.2916666666666667,0,0.00497512437810945,0.4,0.85,1,61
ARG141823232,América del Sur,Argentina,ARG,Ana Zumarán,Comuna,Local,2,Córdoba,Ana Zumarán,233,2022,0,0.03278688524590164,0.12195121951219512,0.43478260869565216,0.9032258064516128,0.04,0.6,1,0,0,0,1,0.3333333333333333,0,0.1020408163265306,0.48,0.96,1,25
ARG141823239,América del Sur,Argentina,ARG,Colonia Bremen,Comuna,Local,2,Córdoba,Colonia Bremen,290,2022,0,0.03703703703703703,0.2307692307692308,0.5806451612903226,0.8823529411764706,0.625,0.45,0.975,0.0625,0.16666666666666666,0,1,0.4871794871794872,0,0,0.125,0.875,1,40
ARG141823246,América del Sur,Argentina,ARG,Villa Los Patos,Comuna,Local,2,Córdoba,Villa Los Patos,25,2022,0,0.08,0.5625,0.2857142857142857,1,1,0.1,1,0,0,0,0,0.09090909090909093,0,0,0.3,0.9,1,10
ARG18,América del Sur,Argentina,ARG,Corrientes,Provincia,Regional,1,Corrientes,NA,1212696,2022,NA,0.04699919134121835,0.4110337960383599,0.462091840588102,0.7415279226209713,0.8754158219553992,0.7144483895416345,0.958180725275628,0.05681993529961152,0.07884879935711464,0.04228579644765161,0.7961104163944829,0.34010563182739856,0.00248624603052227,0.00516901333220459,0.31712234405976636,0.8554339669134531,1,268488
ARG180070007,América del Sur,Argentina,ARG,Bella Vista,Municipio,Local,2,Corrientes,Bella Vista,41321,2022,0,0.04587650706829475,0.321715305212183,0.4184445973847213,0.7901310043668123,0.7943601750992568,0.6462384200346126,0.9290440802198922,0.04679749838257494,0.07462993421052631,0.03183375704653476,0.7533842239185751,0.3673029858051884,0.00212474113122293,0.00433016863451763,0.23760561946452205,0.8332484984220706,1,9839
ARG180070010,América del Sur,Argentina,ARG,Tres de Abril,Municipio,Local,2,Corrientes,Tres de Abril,3048,2022,0,NA,NA,NA,NA,NA,NA,NA,NA,NA,NA,NA,NA,NA,NA,NA,NA,0,NA
ARG180081,América del Sur,Argentina,ARG,Manuel Derqui,Municipio,Local,2,Corrientes,Manuel Derqui,1371,2022,0,NA,NA,NA,NA,NA,NA,NA,NA,NA,NA,NA,NA,NA,NA,NA,NA,0,NA
ARG180140014,América del Sur,Argentina,ARG,San Antonio de Itatí,Municipio,Local,2,Corrientes,San Antonio de Itatí,2808,2022,0,0.08103347034644745,0.2436289500509684,0.4363103953147877,0.7171853856562923,0.7973372781065088,0.4644970414201184,0.9127218934911242,0.0181159420289855,0.02348993288590604,0.01509433962264151,0.5118343195266272,0.42272727272727273,0.0032507110930516,0.01219016659894351,0.14940828402366865,0.8313609467455622,1,685
ARG180210021,América del Sur,Argentina,ARG,Corrientes,Municipio,Local,2,Corrientes,Corrientes,428346,2022,0.9893123976663408,0.02473446709233791,0.553994862032639,0.543112663299361,0.7543468204946804,0.989649981181784,0.8306256011374565,0.9953895370718856,0.07056128446249199,0.09163298727444824,0.05369789224350419,0.9218428286248812,0.3778871445010686,0.00336543513514281,0.00539889636447804,0.4357567013758207,0.8839229707690378,1,95764
ARG180210028,América del Sur,Argentina,ARG,Riachuelo,Municipio,Local,2,Corrientes,Riachuelo,7652,2022,0.4616995336343184,0.05245793467502474,0.29543039319872477,0.4528718703976436,0.7329881656804734,0.743801652892562,0.5133149678604224,0.9871441689623508,0.07783312577833126,0.1024390243902439,0.06256306760847628,0.7456382001836547,0.35647756138865366,0.00118539592223802,0.00355618776671408,0.1561065197428834,0.9136822773186408,1,1091
ARG180280035,América del Sur,Argentina,ARG,Colonia Santa Rosa,Municipio,Local,2,Corrientes,Colonia Santa Rosa,13471,2022,0,0.09728542287776558,0.17147613762486127,0.2990422135509046,0.7507497500833056,0.9101844426623896,0.36808340016038493,0.9125902165196472,0.03133074935400517,0.05812574139976275,0.02130492676431425,0.3400160384923817,0.2285378283026264,0.00191625946153109,0.00325764108460285,0.12590216519647154,0.789093825180433,1,2498
ARG180280042,América del Sur,Argentina,ARG,Concepción del Yaguareté Corá,Municipio,Local,2,Corrientes,Concepción del Yaguareté Corá,6250,2022,0,0.130859375,0.2097938144329897,0.3166318719554628,0.7025392986698912,0.789839944328462,0.5135699373695198,0.8914405010438413,0.05071119356833643,0.0967032967032967,0.03270223752151463,0.5288796102992345,0.3253833049403748,0.00225733634311512,0.00714823175319789,0.1350034794711204,0.7981906750173974,1,1444
ARG180280049,América del Sur,Argentina,ARG,Tabay,Municipio,Local,2,Corrientes,Tabay,3351,2022,0,0.0955154338963308,0.19815195071868583,0.2445945945945946,0.6529338327091136,0.8748091603053435,0.4809160305343512,0.9221374045801526,0.03693181818181818,0.08839779005524862,0.01912045889101338,0.35877862595419846,0.3192982456140351,0.00220264317180616,0,0.1099236641221374,0.8244274809160306,1,657
ARG180280056,América del Sur,Argentina,ARG,Tatacuá,Municipio,Local,2,Corrientes,Tatacuá,3198,2022,0,0.11970534069981584,0.16374269005847952,0.26956521739130435,0.6343792633015006,0.9176090468497576,0.34087237479806143,0.8707592891760905,0.04608294930875576,0.06451612903225806,0.03870967741935484,0,0.34831460674157305,0,0,0.08077544426494346,0.7318255250403877,1,621
ARG180350059,América del Sur,Argentina,ARG,Cazadores Correntinos,Municipio,Local,2,Corrientes,Cazadores Correntinos,1270,2022,0,NA,NA,NA,NA,NA,NA,NA,NA,NA,NA,NA,NA,NA,NA,NA,NA,0,NA
ARG180350063,América del Sur,Argentina,ARG,Curuzú Cuatiá,Municipio,Local,2,Corrientes,Curuzú Cuatiá,44251,2022,0,0.05937274693583273,0.32338799161632353,0.43053756476683935,0.755733148019458,0.8795061283345349,0.7709985580389329,0.9722422494592644,0.05250392352689399,0.06976306882286575,0.04195402298850575,0.8461746417950797,0.280672268907563,0.00198377374806073,0.00503573336046186,0.28262436914203315,0.8387707281903388,1,11118
ARG180350070,América del Sur,Argentina,ARG,Perugorría,Municipio,Local,2,Corrientes,Perugorría,5968,2022,0,0.10948695901404414,0.20724859622256253,0.28234501347708896,0.7025112685125563,0.6614814814814814,0.3970370370370371,0.825925925925926,0.03178807947019867,0.05727923627684964,0.02199816681943171,0.536639526276832,0.23809523809523808,0.00118460019743336,0.00118460019743336,0.15703703703703703,0.8392592592592593,1,1355
ARG180420073,América del Sur,Argentina,ARG,El Sombrero,Municipio,Local,2,Corrientes,El Sombrero,1694,2022,0,NA,NA,NA,NA,NA,NA,NA,NA,NA,NA,NA,NA,NA,NA,NA,NA,0,NA
ARG180420077,América del Sur,Argentina,ARG,Empedrado,Municipio,Local,2,Corrientes,Empedrado,14883,2022,0,0.07206523800493078,0.29109532463241367,0.4013399610979036,0.6551801297829493,0.6525277435265104,0.5356350184956844,0.9356350184956844,0.05454545454545454,0.07108239095315025,0.04405737704918033,0.5521578298397041,0.3563551944283227,0.00205175723078959,0.0052948573697796,0.2143033292231813,0.8268803945745993,1,4079
ARG180490084,América del Sur,Argentina,ARG,Esquina,Municipio,Local,2,Corrientes,Esquina,35322,2022,0,0.07097543783549314,0.3542927382753404,0.41700355261546,0.7128521806252412,0.6305411830513215,0.5968396028527478,0.9207103901552228,0.03890441587479038,0.05346650998824912,0.02995849124706731,0.6898769574944071,0.3139778509428315,0.00201908957415565,0.0040381791483113,0.2422038875681723,0.82673751922808,1,7181
ARG180490091,América del Sur,Argentina,ARG,Pueblo Libertador,Municipio,Local,2,Corrientes,Pueblo Libertador,3846,2022,0,0.06576797385620915,0.1942815249266862,0.28361138370951916,0.6839134524929446,0.1891327063740857,0.33019853709508884,0.8934169278996865,0.05413385826771653,0.08650519031141868,0.04126547455295736,0.34796238244514105,0.30428571428571427,0.00393037619314991,0.00196518809657495,0.11912225705329152,0.8746081504702194,1,960
ARG180560098,América del Sur,Argentina,ARG,Alvear,Municipio,Local,2,Corrientes,Alvear,8722,2022,0,0.0616361598804632,0.36645548516172055,0.4503684438664933,0.7430865298840321,0.88207136640557,0.5752828546562229,0.9521322889469104,0.03512014787430684,0.04042348411934552,0.03181272509003601,0.6662315056570931,0.4100719424460432,0.00117401513175058,0.006000521784503,0.24499564838990423,0.7819843342036553,1,2307
ARG180560105,América del Sur,Argentina,ARG,Estación Torrent,Municipio,Local,2,Corrientes,Estación Torrent,329,2022,0,0.12849162011173185,0.12037037037037036,0.4166666666666667,0.8172043010752689,0.3595505617977528,0.4382022471910112,0.752808988764045,0,0,0,0,0.3375,0,0,0.03370786516853932,0.7415730337078652,1,89
ARG180630112,América del Sur,Argentina,ARG,Caá Catí,Municipio,Local,2,Corrientes,Caá Catí,8578,2022,0,0.06062281186659296,0.25506867233485936,0.3178664353859497,0.5980819529206626,0.692701069270107,0.5346350534635054,0.8530915853091586,0.05178147268408551,0.06275579809004093,0.04591836734693878,0.5109251510925151,0.46187363834422657,5.2103686335808e-4,0.00104207372671616,0.14690841469084148,0.8228730822873083,1,2155
ARG180630119,América del Sur,Argentina,ARG,Itá Ibaté,Municipio,Local,2,Corrientes,Itá Ibaté,5384,2022,0,0.05491913746630728,0.28143021914648214,0.3988985051140834,0.711340206185567,0.9279661016949152,0.6457627118644067,0.9533898305084746,0.04273504273504273,0.07297830374753451,0.02564102564102564,0.7872881355932203,0.3935666982024598,0.00257852789498359,0.00351617440225035,0.2228813559322034,0.8694915254237288,1,1204
ARG180630126,América del Sur,Argentina,ARG,Lomas de Vallejos,Municipio,Local,2,Corrientes,Lomas de Vallejos,1440,2022,0,0.09120171673819742,0.17670682730923695,0.3935860058309038,0.6446078431372549,0.4112903225806452,0.3010752688172043,0.7069892473118279,0.0829145728643216,0.06666666666666667,0.09125475285171104,0,0.41269841269841273,0,0.00466200466200466,0.0510752688172043,0.7688172043010753,1,372
ARG180630133,América del Sur,Argentina,ARG,Palmar Grande,Municipio,Local,2,Corrientes,Palmar Grande,1614,2022,0,0.10037523452157598,0.1552901023890785,0.2331002331002331,0.5202558635394456,0.6322115384615384,0.30528846153846156,0.6995192307692307,0.03488372093023256,0.04,0.03278688524590164,0.375,0.4887892376681614,0,0.00311332503113325,0.07692307692307693,0.7259615384615384,1,417
ARG180700137,América del Sur,Argentina,ARG,Carolina,Municipio,Local,2,Corrientes,Carolina,2489,2022,0,0.05546075085324232,0.1819484240687679,0.4369747899159664,0.8,0.23325635103926096,0.4226327944572748,0.8729792147806004,0.01273885350318471,0.01923076923076923,0.00952380952380952,0.06004618937644342,0.23380281690140844,6.0277275467148e-4,0,0.12471131639722864,0.8337182448036952,1,433
ARG180700140,América del Sur,Argentina,ARG,Goya,Municipio,Local,2,Corrientes,Goya,98368,2022,0.8482928728854551,0.05458202590715263,0.3417840881536762,0.4162580828536915,0.7120672794836691,0.8341011894789747,0.6981906517004524,0.93202378957949406,0.05855614973262032,0.07468419255718675,0.04817622500549329,0.8025715123340453,0.30358424918539795,0.00111074589987419,0.00461299572702852,0.26352822918411795,0.8281956776679511,1,23913
ARG180700143,América del Sur,Argentina,ARG,San Isidro,Municipio,Local,2,Corrientes,San Isidro,5366,2022,0,NA,NA,NA,NA,NA,NA,NA,NA,NA,NA,NA,NA,NA,NA,NA,NA,0,NA
ARG180770147,América del Sur,Argentina,ARG,Itatí,Municipio,Local,2,Corrientes,Itatí,10281,2022,0,0.05799487742407611,0.3270460358056266,0.4310850439882698,0.7130472475075856,0.8327694538424361,0.6007733204446593,0.9468342194296762,0.03328347045624533,0.03790087463556851,0.0303951367781155,0.7073877353935297,0.3783475783475784,0.00141442715700141,0.00552912434100552,0.20251329144514257,0.8521024649589174,1,2087
ARG180770154,América del Sur,Argentina,ARG,Ramada Paso,Municipio,Local,2,Corrientes,Ramada Paso,1665,2022,0,0.09706774519716886,0.210431654676259,0.3088235294117647,0.6247240618101545,0.5219638242894057,0.4573643410852713,0.917312661498708,0.05867970660146699,0.04761904761904761,0.0636042402826855,0,0.41796875,0,0.00717360114777618,0.09302325581395347,0.8630490956072352,1,387
ARG180840161,América del Sur,Argentina,ARG,Colonia Liebig,Municipio,Local,2,Corrientes,Colonia Liebig,4423,2022,0,0.06111327364733359,0.2634961439588689,0.4046140195208518,0.780672268907563,0.5925563173359452,0.55435847208619,0.9177277179236044,0.04837545126353791,0.07236842105263158,0.03659849300322928,0.6193737769080235,0.1913265306122449,2.5641025641025e-4,0.00358974358974358,0.1900097943192948,0.871694417238002,1,1024
ARG180840168,América del Sur,Argentina,ARG,Ituzaingó,Municipio,Local,2,Corrientes,Ituzaingó,27417,2022,0,0.04238772507531703,0.3751280009102287,0.46446507380916147,0.743910155014236,0.9180727082970952,0.7089928683249261,0.9704296399373804,0.06331399097356544,0.08519003931847968,0.04911758452051881,0.8620629674726039,0.39406937709809775,0.00191470011009525,0.00990857306974295,0.35362671769003307,0.9052009045051314,1,5769
ARG180840175,América del Sur,Argentina,ARG,San Antonio Isla Apipé Grande,Municipio,Local,2,Corrientes,San Antonio Isla Apipé Grande,1809,2022,0,0.09586631486367636,0.1412151067323481,0.27415730337078653,0.5610687022900763,0.4913151364764268,0.2506203473945409,0.5607940446650125,0.05288461538461538,0.07377049180327869,0.04421768707482993,0.03722084367245657,0.4223826714801444,0,0.00592066311426879,0.07444168734491315,0.7468982630272953,1,407
ARG180840182,América del Sur,Argentina,ARG,San Carlos,Municipio,Local,2,Corrientes,San Carlos,3585,2022,0,0.06498855835240275,0.23170731707317072,0.2847457627118644,0.6530815109343936,0.7491486946651532,0.3677639046538025,0.9296254256526674,0.07590759075907591,0.10714285714285714,0.0639269406392694,0.7650397275822929,0.26710526315789473,0.00271411338962605,0.00844390832328106,0.11691259931895571,0.8047673098751419,1,883
ARG180840186,América del Sur,Argentina,ARG,Villa Olivari,Municipio,Local,2,Corrientes,Villa Olivari,1533,2022,0,0.09523809523809525,0.18029350104821804,0.32620320855614976,0.7338129496402878,0.8722044728434505,0.3099041533546326,0.9488817891373802,0.03271028037383177,0.04098360655737704,0.02941176470588235,0.4824281150159744,0.26854219948849106,0,0.01329394387001477,0.07667731629392971,0.8242811501597445,1,316
ARG180910188,América del Sur,Argentina,ARG,Cecilio Echavarría,Municipio,Local,2,Corrientes,Cecilio Echavarría,1305,2022,0,NA,NA,NA,NA,NA,NA,NA,NA,NA,NA,NA,NA,NA,NA,NA,NA,0,NA
ARG180910189,América del Sur,Argentina,ARG,Cruz de los Milagros,Municipio,Local,2,Corrientes,Cruz de los Milagros,1699,2022,0,0.1101511879049676,0.10597302504816956,0.2037037037037037,0.7426636568848759,0.12568306010928962,0.20765027322404375,0.7513661202185792,0.02955665024630541,0.06493506493506493,0.02127659574468085,0,0.1875,0.00139470013947001,0.00209205020920502,0.03551912568306011,0.7841530054644809,1,366
ARG180910196,América del Sur,Argentina,ARG,Gobernador Martínez,Municipio,Local,2,Corrientes,Gobernador Martínez,4653,2022,0,0.08456659619450317,0.16475095785440613,0.21924603174603177,0.5988647114474929,0.5011160714285714,0.30803571428571425,0.7399553571428572,0.02927400468384075,0.03619909502262444,0.0268562401263823,0.5223214285714286,0.27586206896551724,0,8.110300081103e-4,0.09151785714285714,0.7667410714285714,1,899
ARG180910203,América del Sur,Argentina,ARG,Lavalle,Municipio,Local,2,Corrientes,Lavalle,9208,2022,0,0.07553648068669527,0.11866931479642502,0.3331094694425789,0.7811735941320294,0.75,0.3173352435530086,0.9068767908309456,0.01747463359639233,0.02620967741935484,0.01408450704225352,0.5465616045845272,0.13521330441070137,5.4456344164095e-4,0.00853149391904156,0.10243553008595987,0.8159025787965616,1,1399
ARG180910210,América del Sur,Argentina,ARG,Santa Lucía,Municipio,Local,2,Corrientes,Santa Lucía,20152,2022,0,0.06440839694656489,0.2529637936558795,0.38904109589041097,0.7921419518377694,0.8250678509745867,0.5817912657290896,0.9299284480631632,0.02412437455325232,0.04658721560130011,0.01306666666666666,0.7374784110535406,0.2501924557351809,0.00140154169586545,0.00401350576543288,0.17739945719220332,0.8403651616086849,1,4063
ARG180910217,América del Sur,Argentina,ARG,Yataytí Calle,Municipio,Local,2,Corrientes,Yatay Ti Calle,3389,2022,0,0.07701863354037267,0.08342602892102335,0.25386996904024767,0.6961178045515395,0.2995008319467554,0.2828618968386023,0.8136439267886855,0.01169590643274853,0.03048780487804878,0.00576923076923076,0.18801996672212976,0.1797752808988764,4.1322314049586e-4,4.1322314049586e-4,0.06655574043261231,0.8219633943427621,1,601
ARG180980224,América del Sur,Argentina,ARG,Mburucuyá,Municipio,Local,2,Corrientes,Mburucuyá,11541,2022,0,0.08426073131955485,0.24448841153193895,0.3085419734904271,0.6246679316888045,0.759904912836767,0.4480982567353408,0.8617274167987322,0.05555555555555555,0.08353221957040573,0.04131227217496962,0.6018225039619651,0.36295441431044434,0.00183744055339386,0.00313445741461305,0.13946117274167988,0.7923930269413629,1,2529
ARG181050231,América del Sur,Argentina,ARG,Felipe Yofré,Municipio,Local,2,Corrientes,Felipe Yofré,2368,2022,0,0.0815686274509804,0.2425531914893617,0.33090909090909093,0.7107750472589792,0.8513513513513513,0.6293436293436294,0.9498069498069498,0.07706093189964158,0.14285714285714285,0.04521276595744681,0.7432432432432432,0.32741116751269034,0,0.01234567901234567,0.1583011583011583,0.7702702702702703,1,519
ARG181050238,América del Sur,Argentina,ARG,Mariano I. Loza,Municipio,Local,2,Corrientes,Mariano I. Loza,2561,2022,0,0.07551319648093842,0.21279554937413073,0.2652388797364086,0.6292947558770343,0.9411764705882352,0.7371323529411765,0.9485294117647058,0.04518664047151277,0.06832298136645963,0.03448275862068965,0.3768382352941176,0.39067055393586,0.00101677681748856,0,0.20772058823529413,0.8198529411764706,1,544
ARG181050245,América del Sur,Argentina,ARG,Mercedes,Municipio,Local,2,Corrientes,Mercedes,44878,2022,0,0.05778904269838175,0.33952237239207456,0.4542188732147551,0.77360195139579,0.8835806132542038,0.8531157270029672,0.9799208704253216,0.04721030042918455,0.06886574074074074,0.03410019852855307,0.8418554050044506,0.2675876726886291,0.00381927515033317,0.00395471043935207,0.2797230464886251,0.8520276953511375,1,10137
ARG181120252,América del Sur,Argentina,ARG,Colonia Libertad,Municipio,Local,2,Corrientes,Colonia Libertad,1670,2022,0,0.07156673114119923,0.12100840336134454,0.3888888888888889,0.8609958506224067,0.6917098445595855,0.4326424870466321,0.966321243523316,0.02083333333333333,0.03726708074534161,0.0144578313253012,0.0466321243523316,0.17603911980440096,6.7340067340067e-4,0.00808080808080808,0.16839378238341968,0.9015544041450776,1,386
ARG181120259,América del Sur,Argentina,ARG,Juan Pujol,Municipio,Local,2,Corrientes,Juan Pujol,2991,2022,0,0.06708268330733229,0.14505776636713735,0.41472868217054265,0.8653250773993808,0.7162162162162162,0.666023166023166,0.9845559845559846,0.02716688227684346,0.06074766355140187,0.01431127012522361,0.7162162162162162,0.08348794063079779,0,0.01127214170692431,0.20656370656370657,0.9034749034749034,1,518
ARG181120266,América del Sur,Argentina,ARG,Mocoretá,Municipio,Local,2,Corrientes,Mocoretá,9535,2022,0,0.03767450755402563,0.22886029411764705,0.4888991674375578,0.9022257551669316,0.8189734188817598,0.843263061411549,0.9885426214482128,0.02013826269912834,0.04541154210028382,0.00837004405286343,0.76993583868011,0.2021323856063972,0.00122716116716662,0.00640850831742568,0.3157653528872594,0.8863428047662695,1,2188
ARG181120273,América del Sur,Argentina,ARG,Monte Caseros,Municipio,Local,2,Corrientes,Monte Caseros,31406,2022,0,0.03125168672747881,0.4069377773752378,0.4639901173563928,0.7809561128526645,0.9320101917661258,0.9061284698940592,0.9896741316883464,0.05588084232152029,0.08173588924387647,0.03963873557451079,0.9081523196567444,0.3761424519382288,0.00140318054256314,0.00370283754287496,0.37213356577712214,0.8536945152205981,1,7483
ARG181190280,América del Sur,Argentina,ARG,Bonpland,Municipio,Local,2,Corrientes,Bonpland,1369,2022,0,0.08555555555555555,0.12959381044487428,0.31232876712328766,0.8200455580865603,0.7359550561797753,0.5112359550561798,0.9606741573033708,0.03586497890295358,0.02631578947368421,0.03888888888888889,0.6376404494382022,0.18181818181818185,7.627765064836e-4,0.0015255530129672,0.19382022471910113,0.8707865168539326,1,357
ARG181190287,América del Sur,Argentina,ARG,Parada Pucheta,Municipio,Local,2,Corrientes,Parada Pucheta,877,2022,0,0.072992700729927,0.16109422492401215,0.21568627450980393,0.797153024911032,0.4938271604938272,0.45679012345679015,0.9753086419753086,0.00746268656716417,0.02272727272727272,0.00446428571428571,0,0.1818181818181818,0,0.00508905852417302,0.16049382716049382,0.8930041152263375,1,243
ARG181190294,América del Sur,Argentina,ARG,Paso de los Libres,Municipio,Local,2,Corrientes,Paso de los Libres,53761,2022,0,0.03601862704723287,0.4157121135326914,0.4994491116926043,0.7875735294117647,0.9133579810319884,0.8370840700851954,0.98858704388362,0.04843019372077488,0.07045360540466014,0.03351694519652693,0.8892728003214142,0.3362683438155136,0.00351490012007422,0.00737910708437943,0.3809676900819804,0.8607137116219258,1,12469
ARG181190301,América del Sur,Argentina,ARG,Tapebicuá,Municipio,Local,2,Corrientes,Tapebicuá,771,2022,0,0.06504065040650407,0.13141025641025642,0.2857142857142857,0.7924528301886793,0.6478873239436619,0.5399061032863849,0.948356807511737,0.06106870229007633,0.17307692307692307,0.03333333333333333,0,0.19534883720930232,0.00405405405405405,0.01081081081081081,0.11737089201877934,0.8779342723004695,1,213
ARG181260308,América del Sur,Argentina,ARG,Saladas,Municipio,Local,2,Corrientes,Saladas,22275,2022,0,0.06249499879971193,0.28445302800386263,0.3470327723649247,0.6709531013615734,0.7832388153749212,0.529090527200168,0.9136735979836168,0.0483021608861449,0.05819295558958652,0.04284103720405862,0.629147417051659,0.32991318074191,9.0367850308313e-4,0.0022326174782054,0.21193026675068263,0.8365889519008611,1,4774
ARG181260315,América del Sur,Argentina,ARG,San Lorenzo,Municipio,Local,2,Corrientes,San Lorenzo,4592,2022,0,0.07296137339055794,0.25205070842654737,0.312625250501002,0.717948717948718,0.8517673888255416,0.500570125427594,0.9441277080957812,0.07303370786516854,0.11858974358974358,0.05423280423280423,0.5963511972633979,0.34077380952380953,0,0.00407925407925407,0.18814139110604333,0.8312428734321551,1,879
ARG181260318,América del Sur,Argentina,ARG,Pago de los Deseos,Municipio,Local,2,Corrientes,Pago de los Deseos,2259,2022,0,NA,NA,NA,NA,NA,NA,NA,NA,NA,NA,NA,NA,NA,NA,NA,NA,0,NA
ARG181330322,América del Sur,Argentina,ARG,Paso de la Patria,Municipio,Local,2,Corrientes,Paso de la Patria,8765,2022,0,0.03817626527050611,0.38359121986326017,0.5241855873642646,0.795774647887324,0.7811059907834101,0.6877880184331797,0.9786866359447004,0.0416036308623298,0.07062146892655367,0.02212389380530973,0.7566168009205984,0.32389380530973455,0.00360332132226225,0.00250665831113896,0.28744239631336405,0.8917050691244239,1,1765
ARG181330329,América del Sur,Argentina,ARG,San Cosme,Municipio,Local,2,Corrientes,San Cosme,6179,2022,0,0.06196769456681351,0.3387589013224822,0.3951612903225806,0.6874576271186441,0.6585365853658536,0.5562549173878836,0.963808025177026,0.05056179775280899,0.06802721088435375,0.04043392504930966,0.5641227380015735,0.4436974789915966,0.00189473684210526,0.00547368421052631,0.1848937844217152,0.8623131392604249,1,1275
ARG181330336,América del Sur,Argentina,ARG,Santa Ana de los Guácaras,Municipio,Local,2,Corrientes,Santa Ana de los Guácaras,4735,2022,0,0.05319605319605319,0.4476256983240223,0.44625719769673705,0.6770428015564203,0.5874285714285715,0.5657142857142857,0.9702857142857144,0.07838070628768304,0.08172043010752689,0.07614942528735633,0.5714285714285714,0.4615384615384616,0.0021551724137931,0.00246305418719211,0.2651428571428571,0.8982857142857142,1,878
ARG181400343,América del Sur,Argentina,ARG,Herlitzka,Municipio,Local,2,Corrientes,Herlitzka,968,2022,0,0.16878980891719744,0.07096774193548387,0.11607142857142858,0.5314685314685315,0.15454545454545454,0.07272727272727272,0.5727272727272726,0.02247191011235955,0.07692307692307693,0.0131578947368421,0.11818181818181818,0.37142857142857144,0,0,0,0.4909090909090909,1,110
ARG181400350,América del Sur,Argentina,ARG,San Luis del Palmar,Municipio,Local,2,Corrientes,San Luis del Palmar,20413,2022,0,0.08796372629843363,0.3290954259827561,0.3210200637539846,0.6086025690930323,0.713257487810541,0.4780589737636406,0.8964476433712562,0.05620996073568919,0.07535046728971963,0.04573073233130796,0.5810120705663882,0.4650106028476219,4.662276356431e-4,0.00221458126930473,0.17993963315532854,0.8017181332714186,1,4313
ARG181470357,América del Sur,Argentina,ARG,Colonia Carlos Pellegrini,Municipio,Local,2,Corrientes,Colonia Carlos Pellegrini,1113,2022,0,0.11049723756906076,0.1794871794871795,0.5413533834586466,0.8868501529051988,0.7330960854092526,0.5516014234875445,0.8896797153024911,0.02764976958525345,0.04166666666666666,0.02068965517241379,0,0.2785923753665689,0.00547945205479452,0.01278538812785388,0.15302491103202848,0.7935943060498221,1,298
ARG181470364,América del Sur,Argentina,ARG,Guaviraví,Municipio,Local,2,Corrientes,Guaviraví,989,2022,0,0.10756302521008404,0.147239263803681,0.23735408560311283,0.66796875,0.40350877192982454,0.45175438596491224,0.9166666666666669,0.07327586206896551,0.16393442622950818,0.04093567251461988,0.6140350877192983,0.3641975308641975,0.00454029511918274,0,0.16228070175438597,0.8377192982456141,1,231
ARG181470371,América del Sur,Argentina,ARG,La Cruz,Municipio,Local,2,Corrientes,La Cruz,10655,2022,0,0.07031509121061359,0.2794908062234795,0.4138062547673532,0.7873003506038176,0.8560341482343811,0.6189367481567714,0.9266589057043074,0.03316162266580811,0.04792626728110599,0.02523503216229589,0.6993793638479442,0.3000902527075812,0.00220994475138121,0.00441988950276243,0.22390376406674428,0.8009313154831199,1,2589
ARG181470378,América del Sur,Argentina,ARG,Yapeyú,Municipio,Local,2,Corrientes,Yapeyú,2407,2022,0,0.04867872044506258,0.31773399014778325,0.3766025641025641,0.6279461279461279,0.8730434782608696,0.6069565217391304,0.96,0.06578947368421052,0.10212765957446808,0.04289544235924933,0.7460869565217392,0.513317191283293,4.7303689687795e-4,0.00898770104068117,0.2278260869565217,0.8452173913043478,1,584
ARG181540385,América del Sur,Argentina,ARG,Loreto,Municipio,Local,2,Corrientes,Loreto,3513,2022,0,0.07548125633232017,0.24007386888273316,0.33649289099526064,0.6614645858343338,0.8252427184466019,0.44053398058252424,0.8495145631067961,0.06227544910179641,0.10211267605633804,0.04174228675136116,0.10679611650485436,0.3769363166953529,9.9601593625498e-4,0.02290836653386454,0.13349514563106796,0.8313106796116505,1,829
ARG181540392,América del Sur,Argentina,ARG,San Miguel,Municipio,Local,2,Corrientes,San Miguel,9187,2022,0,0.09160467587672688,0.25009815469179425,0.3181148748159057,0.57451078775715,0.6737998843262001,0.43551185656448815,0.6946211683053788,0.03011712214166202,0.03549382716049382,0.02707423580786026,0.5835743204164257,0.4144427001569858,0.00277777777777777,0.01177248677248677,0.14227877385772122,0.7339502602660497,1,1737
ARG181610399,América del Sur,Argentina,ARG,9 de Julio,Municipio,Local,2,Corrientes,9 de Julio,3402,2022,0,0.09057398630858346,0.1814595660749507,0.30732292917166865,0.6705128205128205,0.8851351351351351,0.5513513513513514,0.9202702702702702,0.05648267008985879,0.0859375,0.04206500956022945,0.6135135135135135,0.3169291338582677,0,3.579098067287e-4,0.12972972972972974,0.8283783783783784,1,743
ARG181610406,América del Sur,Argentina,ARG,Pedro R. Fernández,Municipio,Local,2,Corrientes,Pedro R. Fernández,2476,2022,0,0.08106116433308769,0.1900269541778976,0.29094076655052264,0.6457627118644068,0.937037037037037,0.4481481481481482,0.9574074074074076,0.04744525547445255,0.05988023952095808,0.04199475065616798,0.5962962962962963,0.3633879781420765,9.4562647754137e-4,0.00283687943262411,0.15,0.8222222222222222,1,542
ARG181610413,América del Sur,Argentina,ARG,Chavarría,Municipio,Local,2,Corrientes,Chavarría,3438,2022,0,0.10023041474654378,0.23294858342077648,0.31887755102040816,0.7374149659863946,0.9088319088319088,0.584045584045584,0.9415954415954416,0.04040404040404041,0.06,0.03136531365313653,0.5561877667140825,0.32847896440129454,0,0.00477765527379639,0.15242165242165245,0.8091168091168092,1,704
ARG181610417,América del Sur,Argentina,ARG,Colonia Pando,Municipio,Local,2,Corrientes,Colonia Pando,2680,2022,0,0.15320665083135393,0.12866817155756208,0.2722063037249284,0.6551724137931034,0.47,0.4,0.7366666666666667,0.02339181286549707,0.03157894736842105,0.02024291497975708,0,0.2318840579710145,7.7700077700077e-4,0,0.07666666666666666,0.7166666666666667,1,300
ARG181610420,América del Sur,Argentina,ARG,San Roque,Municipio,Local,2,Corrientes,San Roque,10686,2022,0,0.07679074131998749,0.298853711790393,0.33052926743778477,0.6152149944873209,0.8492922564529558,0.5341382181515404,0.9267277268942548,0.0554069545280856,0.07317073170731707,0.04540023894862605,0.7573866000832293,0.4594137542277339,0.00137580696369986,0.0019049634881998,0.18026644462947544,0.829308909242298,1,2404
ARG181680427,América del Sur,Argentina,ARG,Garruchos,Municipio,Local,2,Corrientes,Garruchos,1081,2022,0,0.03656821378340366,0.2019002375296912,0.26936026936026936,0.6366459627329193,0.6476868327402134,0.3202846975088969,0.9608540925266904,0.04210526315789473,0.0375,0.04390243902439024,0.6476868327402135,0.38967136150234744,0.002868068833652,0.002868068833652,0.13523131672597866,0.8790035587188612,1,284
ARG181680434,América del Sur,Argentina,ARG,Gobernador Virasoro,Municipio,Local,2,Corrientes,Gobernador Virasoro,37198,2022,0,0.05017871234275634,0.3412964203319193,0.46876271876271874,0.8189836624235742,0.8966423706536025,0.6520492292986021,0.9749073963436492,0.04570355298168727,0.07662253093119166,0.02827071349895973,0.9002508660852945,0.17536426578485068,0.00391110572112906,0.00654882818421611,0.29896044927709403,0.8977177679531605,1,8381
ARG181680441,América del Sur,Argentina,ARG,Garaví,Municipio,Local,2,Corrientes,Garaví,1765,2022,0,0.1032608695652174,0.1051625239005736,0.37817258883248733,0.7597254004576659,0.5643044619422573,0.27034120734908135,0.9002624671916011,0.01039501039501039,0.00671140939597315,0.01204819277108433,0.46194225721784776,0.21303258145363407,0.00484764542936288,0.00346260387811634,0.11811023622047244,0.7979002624671916,1,381
ARG181680448,América del Sur,Argentina,ARG,Santo Tomé,Municipio,Local,2,Corrientes,Santo Tomé,31878,2022,2.01273969458e-6,0.04134863544011861,0.4631019959714338,0.45793283493532694,0.7292146328984395,0.877767588104284,0.7136119481200052,0.968557578933578,0.03169456066945606,0.04586680487172843,0.02210138572180319,0.8005239030779305,0.3352967162420851,0.00352385377942998,0.00755111524163568,0.3642080440193895,0.8661076902921525,1,7651
ARG181750455,América del Sur,Argentina,ARG,Sauce,Municipio,Local,2,Corrientes,Sauce,10382,2022,0,0.09820417408186376,0.27585176329946204,0.37471612414837246,0.7348455220962065,0.8261734287987271,0.6189339697692919,0.869928400954654,0.04322063436737539,0.06363636363636363,0.03246407663650878,0.7350835322195705,0.3388210302708444,0.00221434898139946,0.00597874224977856,0.20087509944311857,0.7923627684964201,1,2521
ARG2,América del Sur,Argentina,ARG,Ciudad Autónoma de Buenos Aires,Provincia,Regional,1,Ciudad Autónoma de Buenos Aires,NA,3121707,2022,NA,0.00506084751841622,0.7806603360077468,0.7467389540108391,0.8759328451596613,0.9975785895609536,0.986689616998978,0.9995028777565124,0.0509606186870734,0.06232621263488815,0.0400705558751481,0.9785361572523508,0.23118872495045145,0.00544987388264448,0.02139155013718028,0.6842553664042532,0.8737014524992321,1,1154969
ARG22,América del Sur,Argentina,ARG,Chaco,Provincia,Regional,1,Chaco,NA,1129606,2022,NA,0.06153086339127914,0.3615996588168841,0.46723329320227847,0.7548493820723388,0.8065474436614104,0.5943101577584504,0.9392954079846366,0.05446999090747415,0.07323154629131093,0.04243535608119498,0.7619120241515921,0.37862722890727973,0.00259537948541555,0.03913820893231262,0.2895427396794914,0.8421167571989642,1,288881
ARG220070007,América del Sur,Argentina,ARG,Concepción del Bermejo,Municipio,Local,2,Chaco,Concepción del Bermejo,6357,2022,0,0.09196858373448188,0.2148936170212766,0.3235460191981931,0.7434354485776805,0.44714926329276106,0.304932735426009,0.931454196028187,0.0212215320910973,0.0418848167539267,0.01250919793966151,0.7789878283151825,0.3731003039513678,8.2236842105263e-4,0.00164473684210526,0.18193465727098015,0.8238308776425368,1,1568
ARG220070014,América del Sur,Argentina,ARG,Los Frentones,Municipio,Local,2,Chaco,Los Frentones,8161,2022,0,0.11217877094972067,0.1823438704703161,0.32968672302337143,0.799720540288775,0.7924119241192412,0.2959349593495935,0.8699186991869919,0.02184873949579831,0.04826546003016591,0.011648223645894,0.46287262872628726,0.2989301447451227,0.00226425146510388,0.00665956313265849,0.11653116531165313,0.7631436314363144,1,1848
ARG220070021,América del Sur,Argentina,ARG,Pampa del Infierno,Municipio,Local,2,Chaco,Pampa del Infierno,12061,2022,0,0.07793371155568826,0.266421568627451,0.467204843592331,0.8432859399684044,0.5604751619870411,0.3196544276457884,0.9017278617710582,0.01946771808772794,0.03311735061195104,0.01236418134132633,0.7541396688264939,0.3171790235081374,0.00292255236239649,0.00418899171943497,0.2041036717062635,0.8315334773218143,1,2780
ARG220070028,América del Sur,Argentina,ARG,Taco Pozo,Municipio,Local,2,Chaco,Taco Pozo,11215,2022,0,0.08081746400371574,0.253291205897841,0.3840653728294178,0.7445378151260504,0.7427336999214453,0.3432835820895523,0.8621366849960722,0.03021238408615016,0.04609929078014184,0.02212189616252821,0.7494108405341713,0.25223214285714285,0.0037174721189591,0.00391312854627274,0.16142969363707776,0.6657501963864886,1,2549
ARG220140035,América del Sur,Argentina,ARG,General Vedia,Municipio,Local,2,Chaco,General Vedia,3593,2022,0,0.06435224386113463,0.25862068965517243,0.40115718418514945,0.7431472081218274,0.7693898655635988,0.6608066184074457,0.96794208893485,0.03397212543554007,0.05528846153846153,0.02185792349726776,0.49741468459152016,0.5406626506024096,0.0035118525021949,0.01170617500731635,0.16028955532574973,0.8335056876938987,1,969
ARG220140042,América del Sur,Argentina,ARG,Isla del Cerrito,Municipio,Local,2,Chaco,Isla del Cerrito,2326,2022,0,0.04123711340206185,0.3372395833333333,0.5035335689045937,0.7686703096539163,0.9082217973231358,0.7954110898661568,0.9847036328871892,0.05233380480905234,0.07719298245614035,0.03554502369668246,0.9024856596558316,0.6684073107049608,0.00263157894736842,0.01421052631578947,0.18546845124282985,0.8910133843212237,1,529
ARG220140049,América del Sur,Argentina,ARG,La Leonesa,Municipio,Local,2,Chaco,La Leonesa,12581,2022,0,0.0596857256041199,0.3736662883087401,0.42013064133016625,0.6638115631691649,0.8687335092348285,0.6240105540897098,0.9729551451187336,0.04769874476987448,0.05795053003533568,0.04101382488479262,0.6719419716452357,0.5461206896551725,5.533523932491e-4,0.09812782440284054,0.22427440633245385,0.8192612137203166,1,3040
ARG220140056,América del Sur,Argentina,ARG,Las Palmas,Municipio,Local,2,Chaco,Las Palmas,6805,2022,0,0.05229936880072137,0.3862042088854248,0.45884227296866703,0.7081364829396325,0.6677740863787376,0.6517165005537099,0.969545957918051,0.02575689109805693,0.03587962962962963,0.01927353595255745,0.6135105204872646,0.5503822098679639,0.00190991564539232,0.03517427980264205,0.21816168327796231,0.8283499446290143,1,1811
ARG220140063,América del Sur,Argentina,ARG,Puerto Bermejo,Municipio,Local,2,Chaco,Puerto Bermejo,2197,2022,0,0.05972323379461034,0.2959309494451295,0.48677248677248675,0.735,0.8899521531100479,0.6283891547049442,0.9537480063795856,0.0502092050209205,0.09420289855072464,0.02267573696145124,0.5757575757575758,0.743801652892562,5.1072522982635e-4,0.00357507660878447,0.17862838915470494,0.810207336523126,1,630
ARG220140070,América del Sur,Argentina,ARG,Puerto Eva Perón,Municipio,Local,2,Chaco,Puerto Eva Perón,558,2022,0,0.05747126436781609,0.2793522267206478,0.31413612565445026,0.685,0.930635838150289,0.8554913294797688,0.9653179190751444,0.05076142131979695,0.08333333333333333,0.0364963503649635,0,0.7727272727272727,0,0,0.1329479768786127,0.838150289017341,1,173
ARG220210077,América del Sur,Argentina,ARG,Presidencia Roque Sáenz Peña,Municipio,Local,2,Chaco,Presidencia Roque Sáenz Peña,101086,2022,0.9422085489178432,0.05997869888096176,0.3475914746827646,0.4622097703925547,0.7691514234630725,0.8667921603366183,0.5982726165430186,0.9641235743549996,0.05320916047163902,0.08005295060266146,0.03598569512740277,0.7030967408555715,0.3503887958070198,0.00202835579625835,0.01221131966681424,0.28121655040047244,0.856309747905363,1,27128
ARG220280084,América del Sur,Argentina,ARG,Charata,Municipio,Local,2,Chaco,Charata,34493,2022,0,0.05718536426612115,0.3373668188736682,0.487321063394683,0.7876087417780607,0.31021897810218974,0.5329644454909348,0.9525547445255474,0.03888433141919606,0.05224506924045321,0.03030711206896551,0.8639359698681732,0.26983337478239244,0.0026152337365152,0.02481203007518797,0.2987991523428302,0.8766187897339298,1,8512
ARG220360091,América del Sur,Argentina,ARG,Gancedo,Municipio,Local,2,Chaco,Gancedo,5829,2022,0,0.08597285067873303,0.18872939925571505,0.3589001447178003,0.8178829717291256,0.7494033412887828,0.49164677804295936,0.9252187748607796,0.03620689655172414,0.0907258064516129,0.01446945337620578,0.8575974542561655,0.21993911719939116,0.00169815325833156,0.00594353640416047,0.21797931583134447,0.8743038981702467,1,1260
ARG220360098,América del Sur,Argentina,ARG,General Capdevila,Municipio,Local,2,Chaco,General Capdevila,443,2022,0,0.06430868167202572,0.09178743961352658,0.5648854961832062,0.9056603773584906,0.5461538461538462,0.25384615384615383,0.946153846153846,0.02752293577981651,0.04054054054054054,0.02083333333333333,0,0.19753086419753085,0,0,0.06923076923076923,0.8692307692307693,1,130
ARG220360105,América del Sur,Argentina,ARG,General Pinedo,Municipio,Local,2,Chaco,General Pinedo,16907,2022,0,0.08782519979595307,0.2695522388059701,0.379584707937124,0.7400872699677481,0.3562796719896418,0.44777729823047047,0.9315925766076824,0.045927949462182,0.06952965235173825,0.03409382209689823,0.7196806214933104,0.3061767838125665,4.6775419517043e-4,0.00520376542127112,0.2222701769529564,0.8318946914113077,1,4643
ARG220390112,América del Sur,Argentina,ARG,Hermoso Campo,Municipio,Local,2,Chaco,Hermoso Campo,8310,2022,0,0.0889903023388477,0.2478246857879471,0.41645244215938304,0.7628691983122363,0.12776991984912778,0.47901933050447904,0.9387081565299388,0.06654676258992806,0.07818930041152264,0.06028761061946902,0.7854785478547854,0.33270440251572325,8.0731969860064e-4,0.00107642626480086,0.21687883074021688,0.8736445073078737,1,2124
ARG220430119,América del Sur,Argentina,ARG,Chorotis,Municipio,Local,2,Chaco,Chorotis,1404,2022,0,0.17644276253547778,0.1,0.3752941176470588,0.5959780621572212,0.1483790523690773,0.13341645885286782,0.6857855361596011,0.25025746652935116,0.3573667711598746,0.19785276073619631,0.3210332103321033,0.2845691382765531,0.00232018561484918,0.00563473649320517,0.0972568578553616,0.7082294264339152,1,815
ARG220430126,América del Sur,Argentina,ARG,Santa Sylvina,Municipio,Local,2,Chaco,Santa Sylvina,9239,2022,0,0.07998004655803126,0.2940677966101695,0.4035674470457079,0.7162111568700861,0.2958384837247631,0.4289245982694685,0.9241862381540996,0.07102367455818606,0.07642725598526703,0.06795608991113435,0.7956324680675732,0.4361140443505808,0.00113520263367011,0.00533545237824951,0.2426864441697569,0.8339513803049031,1,2431
ARG220490133,América del Sur,Argentina,ARG,Corzuela,Municipio,Local,2,Chaco,Corzuela,12807,2022,0,0.11831168831168833,0.1956874565267795,0.3616835994194485,0.7358273381294964,0.4035087719298246,0.3206627680311891,0.9379467186484732,0.04338679989481988,0.05778491171749599,0.03637074696910442,0.6842105263157895,0.28509634290208413,5.8391725058391e-4,0.004004004004004,0.13840155945419105,0.7962962962962963,1,3083
ARG220560140,América del Sur,Argentina,ARG,La Escondida,Municipio,Local,2,Chaco,La Escondida,4384,2022,0,0.04927133934767522,0.4028328611898017,0.4830917874396135,0.7114351496546432,0.9253187613843352,0.6165755919854281,0.9717668488160291,0.02423051735428945,0.03,0.02049622437971952,0.8142076502732241,0.5050335570469798,0.003227408142999,0.00595829195630585,0.33970856102003644,0.8806921675774135,1,1100
ARG220560147,América del Sur,Argentina,ARG,Lapachito,Municipio,Local,2,Chaco,Lapachito,1512,2022,0,0.081437125748503,0.2401656314699793,0.44148936170212766,0.7559055118110236,0.8670694864048338,0.6132930513595166,0.9577039274924471,0.01101321585903083,0.01204819277108433,0.01041666666666666,0.6456456456456456,0.4592833876221499,0,0.00162469536961819,0.14803625377643503,0.8700906344410876,1,333
ARG220560154,América del Sur,Argentina,ARG,La Verde,Municipio,Local,2,Chaco,La Verde,3129,2022,0,0.04746543778801843,0.3338595106550908,0.4183142559833507,0.6615541922290389,0.9551515151515152,0.6957575757575758,0.9866666666666668,0.05624404194470925,0.06218905472636816,0.05255023183925812,0.9187878787878788,0.4935400516795866,0,0.008130081300813,0.25696969696969696,0.8945454545454545,1,826
ARG220560161,América del Sur,Argentina,ARG,Makallé,Municipio,Local,2,Chaco,Makallé,6036,2022,0,0.05704882062534284,0.294199535962877,0.39519112207151663,0.713849908480781,0.7984764542936288,0.5837950138504154,0.9632963988919668,0.05466593042517945,0.0655226209048362,0.04871794871794872,0.747229916897507,0.46842105263157896,0.00113657889751846,0.02614131464292479,0.23822714681440443,0.8518005540166205,1,1445
ARG220630165,América del Sur,Argentina,ARG,El Espinillo,Municipio,Local,2,Chaco,El Espinillo,1526,2022,0,NA,NA,NA,NA,NA,NA,NA,NA,NA,NA,NA,NA,NA,NA,NA,NA,0,NA
ARG220630168,América del Sur,Argentina,ARG,El Sauzalito,Municipio,Local,2,Chaco,El Sauzalito,8360,2022,0,0.14614227380184827,0.21699960830395612,0.4165853658536585,0.5876651982378854,0.733890214797136,0.2064439140811456,0.6795942720763724,0.04890310786106033,0.03747072599531616,0.05622188905547226,0.14797136038186157,0.6515444015444016,0.00251322751322751,0.31653439153439156,0.12708830548926014,0.5059665871121718,1,1685
ARG220630175,América del Sur,Argentina,ARG,Fuerte Esperanza,Municipio,Local,2,Chaco,Fuerte Esperanza,3773,2022,0,0.110057925223802,0.19282511210762332,0.33659730722154224,0.5882967607105538,0.5314070351758794,0.26884422110552764,0.6695979899497487,0.0441527446300716,0.07272727272727272,0.03019538188277087,0.31909547738693467,0.6485355648535565,0.00127064803049555,0.0724269377382465,0.10552763819095476,0.6494974874371859,1,801
ARG220630182,América del Sur,Argentina,ARG,Juan José Castelli,Municipio,Local,2,Chaco,Juan José Castelli,31102,2022,0,0.10220637396924448,0.2675925207541314,0.4170064065230053,0.7165198455904187,0.7530107047279215,0.4032114183764496,0.8860392506690454,0.04716081491114,0.06005586592178771,0.03950821936731592,0.7074693422519509,0.37590464027245635,0.00151555674422751,0.10053193070042496,0.20004460303300625,0.802185548617306,1,8993
ARG220630189,América del Sur,Argentina,ARG,Miraflores,Municipio,Local,2,Chaco,Miraflores,9898,2022,0,0.14619678995115143,0.14839112777257107,0.288622754491018,0.5534226729445852,0.4074232081911263,0.15571672354948804,0.6774744027303754,0.05330964015992892,0.07745504840940526,0.0418848167539267,0.45245202558635395,0.43739565943238734,0.00361010830324909,0.13477737665463296,0.09215017064846416,0.6715017064846417,1,2347
ARG220630196,América del Sur,Argentina,ARG,Misión Nueva Pompeya,Municipio,Local,2,Chaco,Misión Nueva Pompeya,5306,2022,0,0.16290443942814145,0.1997471554993679,0.563921568627451,0.7132231404958678,0.6371379897785349,0.2061328790459966,0.6132879045996593,0.03792667509481669,0.03198887343532684,0.04287369640787949,0.03407155025553662,0.6221628838451267,0.00548402479732951,0.3574153552694325,0.14054514480408858,0.5008517887563884,1,1176
ARG220630203,América del Sur,Argentina,ARG,Villa Río Bermejito,Municipio,Local,2,Chaco,Villa Río Bermejito,8464,2022,0,0.1799719887955182,0.13689700130378096,0.3337259521005104,0.5566577642121328,0.5881838074398249,0.27089715536105036,0.701531728665208,0.07708964919878736,0.08941176470588236,0.06991089787525702,0.4020122484689414,0.4966887417218543,0.00286077558804831,0.3957406230133503,0.09190371991247263,0.6358862144420131,1,2296
ARG220700210,América del Sur,Argentina,ARG,Avia Terai,Municipio,Local,2,Chaco,Avia Terai,7349,2022,0,0.11094705758278844,0.12944257388701833,0.31011764705882355,0.7533241632278771,0.15730337078651685,0.2747191011235955,0.9252808988764044,0.05125977410947002,0.06828528072837632,0.04443091905051734,0.6477528089887641,0.3121951219512195,0.00239680426098535,0.00119840213049267,0.1196629213483146,0.8134831460674158,1,1785
ARG220700217,América del Sur,Argentina,ARG,Campo Largo,Municipio,Local,2,Chaco,Campo Largo,11405,2022,0,0.1212718064153067,0.17109592508225763,0.3045763760049474,0.7603331276989512,0.7935323383084577,0.3681592039800995,0.9410092395167022,0.03710144927536232,0.07918781725888324,0.02028397565922921,0.7697228144989339,0.29758828596037895,8.6021505376344e-4,0.00361290322580645,0.14072494669509594,0.8052594171997157,1,2817
ARG220700224,América del Sur,Argentina,ARG,Napenay,Municipio,Local,2,Chaco,Napenay,3194,2022,0,0.10114598903836572,0.09011373578302712,0.2642706131078224,0.7748571428571429,0.235722964763062,0.2332928311057108,0.9064398541919804,0.03232758620689655,0.048,0.02654867256637168,0.778857837181045,0.2907692307692308,0,0.00183150183150183,0.08869987849331713,0.8335358444714459,1,823
ARG220770231,América del Sur,Argentina,ARG,Colonia Popular,Municipio,Local,2,Chaco,Colonia Popular,566,2022,0,0.08121827411167512,0.1511111111111111,0.3821656050955414,0.7903225806451613,0.5562499999999999,0.53125,0.975,0.01932367149758454,0.03333333333333333,0.01360544217687074,0.34375,0.3513513513513513,0.0054249547920434,0.0650994575045208,0.15,0.86875,1,160
ARG220770238,América del Sur,Argentina,ARG,Laguna Blanca,Municipio,Local,2,Chaco,Laguna Blanca,1045,2022,0,0.06157112526539278,0.09935897435897437,0.3786407766990291,0.8651162790697674,0.738095238095238,0.6285714285714287,0.9714285714285714,0.01136363636363636,0.02564102564102564,0.0053763440860215,0.8523809523809524,0.4244186046511628,0,0.00548696844993141,0.1380952380952381,0.8333333333333334,1,210
ARG220770245,América del Sur,Argentina,ARG,Puerto Tirol,Municipio,Local,2,Chaco,Puerto Tirol,12164,2022,0.5501753379070496,0.0386581050976281,0.35868187579214195,0.4579626972740315,0.7839181286549708,0.8876874782002093,0.716428322288106,0.985699337286362,0.0729483282674772,0.11027568922305764,0.05072734054457292,0.7495640041855598,0.342682140554481,0.00441338727473335,0.03374402353806546,0.2804325078479247,0.8890826648064178,1,2870
ARG220840252,América del Sur,Argentina,ARG,Ciervo Petiso,Municipio,Local,2,Chaco,Ciervo Petiso,1252,2022,0,0.10269576379974328,0.16317016317016317,0.2012987012987013,0.5347593582887701,0.7987804878048781,0.6158536585365855,0.902439024390244,0.04580152671755725,0.0967741935483871,0.03,0.5945121951219512,0.6213017751479291,0,0.00357462019660411,0.10365853658536583,0.801829268292683,1,329
ARG220840259,América del Sur,Argentina,ARG,General San Martín,Municipio,Local,2,Chaco,General San Martín,35487,2022,0,0.08188828957339633,0.2958824429817848,0.4329111418959034,0.7372593431483578,0.8809257602862254,0.5371198568872988,0.8980322003577818,0.03788141470180305,0.05211428571428572,0.02918586789554531,0.7725240330874134,0.4014047177312483,0.00207862077398055,0.05755945466772635,0.24731663685152055,0.7975178890876565,1,8957
ARG220840266,América del Sur,Argentina,ARG,La Eduvigis,Municipio,Local,2,Chaco,La Eduvigis,1908,2022,0,0.08470764617691154,0.16508795669824086,0.31861804222648754,0.6410658307210031,0.5036764705882353,0.4742647058823529,0.9319852941176472,0.02608695652173913,0.04819277108433735,0.01711491442542787,0.5073529411764706,0.4010554089709763,5.4083288263926e-4,0.0075716603569497,0.12316176470588236,0.8400735294117647,1,545
ARG220840273,América del Sur,Argentina,ARG,Laguna Limpia,Municipio,Local,2,Chaco,Laguna Limpia,1753,2022,0,0.08579881656804733,0.2398589065255732,0.3930131004366812,0.6666666666666666,0.8097686375321337,0.4498714652956298,0.8920308483290488,0.01914893617021276,0.02777777777777777,0.01379310344827586,0.7017994858611826,0.6639566395663957,0,6.5573770491803e-4,0.19023136246786632,0.8611825192802056,1,391
ARG220840280,América del Sur,Argentina,ARG,Pampa Almirón,Municipio,Local,2,Chaco,Pampa Almirón,1557,2022,0,0.07257383966244725,0.23413897280966767,0.26506024096385544,0.54,0.7690721649484535,0.5298969072164947,0.9278350515463916,0.01631701631701631,0.02272727272727272,0.01346801346801346,0.6742268041237114,0.5957446808510638,0,0.00853242320819112,0.1402061855670103,0.8515463917525773,1,486
ARG220840287,América del Sur,Argentina,ARG,Pampa del Indio,Municipio,Local,2,Chaco,Pampa del Indio,18239,2022,0,0.16416657925102277,0.22252639812280017,0.36342699216950713,0.6184684684684685,0.726074347482204,0.2813076720274189,0.7218560506195624,0.09343200740055504,0.11787072243346008,0.07938820101966497,0.5552333245452149,0.4021866458414681,0.00516778962517171,0.31117943350559296,0.12391247034010018,0.6506722910624835,1,3797
ARG220840294,América del Sur,Argentina,ARG,Presidencia Roca,Municipio,Local,2,Chaco,Presidencia Roca,5108,2022,0,0.1063102269194902,0.24070021881838077,0.3045897079276773,0.625171939477304,0.8599695585996956,0.49695585996955854,0.8926940639269406,0.04231625835189309,0.0639269406392694,0.0319031903190319,0.819634703196347,0.3877790834312574,0.00755873340143003,0.07374872318692544,0.1537290715372907,0.7952815829528158,1,1316
ARG220910301,América del Sur,Argentina,ARG,Tres Isletas,Municipio,Local,2,Chaco,Tres Isletas,26354,2022,0,0.09458080777771108,0.1908604968032701,0.3333781422234171,0.7350416061286488,0.5521588402143082,0.45445950204853447,0.8614875512133627,0.04139216904909882,0.07258064516129033,0.0274932614555256,0.6414173228346457,0.29925723221266615,0.00134451123062322,0.03404776969313508,0.14780964387015444,0.829026158209896,1,6354
ARG220980308,América del Sur,Argentina,ARG,Coronel Du Graty,Municipio,Local,2,Chaco,Coronel Du Graty,9652,2022,0,0.08971233544612384,0.2144823788546255,0.40608228980322,0.7996363636363636,0.38588235294117645,0.44235294117647056,0.9450980392156864,0.04679064187162567,0.07136563876651983,0.03410641200545702,0.808235294117647,0.2298424467099166,0.00221852468108707,0.00776483638380477,0.2372549019607843,0.8486274509803922,1,2552
ARG220980315,América del Sur,Argentina,ARG,Enrique Urién,Municipio,Local,2,Chaco,Enrique Urién,776,2022,0,0.11618257261410787,0.11818181818181818,0.37542662116040953,0.8316062176165803,0.2876712328767123,0.32876712328767127,0.7773972602739727,0.10904872389791184,0.23636363636363636,0.06542056074766354,0.38566552901023893,0.22962962962962963,0,0.00455373406193078,0.07191780821917808,0.7945205479452054,1,293
ARG220980322,América del Sur,Argentina,ARG,Villa Ángela,Municipio,Local,2,Chaco,Villa Ángela,49370,2022,0,0.0718809980806142,0.3321716401655413,0.4654053307554205,0.780557219892151,0.9310045048605072,0.5488026554967201,0.9611949735240656,0.04498310220254049,0.06157270029673591,0.03425446171560161,0.8231389284020862,0.3250392875851231,0.00144550448106389,0.03518135521604732,0.2736900339840354,0.8354540425195606,1,12670
ARG221050329,América del Sur,Argentina,ARG,Las Breñas,Municipio,Local,2,Chaco,Las Breñas,30223,2022,0,0.07243631287701281,0.28333904696606105,0.4598081376116441,0.7655319627008201,0.2878574176176433,0.4345428901141172,0.8947300936017438,0.05435178441369264,0.07482014388489208,0.04182565306721456,0.8172029227022176,0.2940525587828492,0.00217124846786902,0.01085624233934512,0.22618284395435312,0.8267726631619439,1,7811
ARG221120336,América del Sur,Argentina,ARG,La Clotilde,Municipio,Local,2,Chaco,La Clotilde,4146,2022,0,0.09317738791423004,0.19780971937029432,0.32897033158813266,0.7161803713527851,0.8122641509433963,0.6933962264150944,0.9613207547169812,0.04802021903959562,0.06631299734748011,0.03950617283950617,0.840566037735849,0.3663739021329987,0,0.0180202419155764,0.15566037735849056,0.8358490566037736,1,1061
ARG221120343,América del Sur,Argentina,ARG,La Tigra,Municipio,Local,2,Chaco,La Tigra,4562,2022,0,0.11415196254951386,0.19611528822055135,0.2706708268330733,0.6490384615384616,0.7456647398843931,0.4229287090558767,0.8940269749518305,0.03716508210890233,0.04322766570605187,0.0345679012345679,0.6570327552986512,0.3169811320754717,0,0.06101390758187528,0.12427745664739884,0.8063583815028902,1,1038
ARG221120350,América del Sur,Argentina,ARG,San Bernardo,Municipio,Local,2,Chaco,San Bernardo,12836,2022,0,0.105459885195568,0.22951593860684769,0.35367990654205606,0.762409200968523,0.8036292935839274,0.42871030460142584,0.9209332469215812,0.04075067024128686,0.06606110652353427,0.02858277094084954,0.6882696046662347,0.28977955911823644,4.3021855102392e-4,0.03527792118396145,0.17725210628645496,0.8201555411535969,1,3086
ARG221190357,América del Sur,Argentina,ARG,Presidencia de la Plaza,Municipio,Local,2,Chaco,Presidencia de la Plaza,13938,2022,0,0.0777355803465464,0.25419167874146137,0.3904936974789916,0.743547948926922,0.8319672131147542,0.4885831381733021,0.9247658079625292,0.03645833333333333,0.05379959650302623,0.02703690171720862,0.6624707259953162,0.2993293328626897,0.0021601728138251,0.00672053764301144,0.17710772833723654,0.8079625292740047,1,3422
ARG221260364,América del Sur,Argentina,ARG,Colonia Benítez,Municipio,Local,2,Chaco,Colonia Benítez,5824,2022,0.22204850900783912,0.03751420992800303,0.335995085995086,0.44065040650406506,0.8125,0.8118532455315145,0.5917215428033866,0.9821260583254938,0.03018108651911468,0.05719557195571956,0.01475237091675447,0.6669802445907808,0.46145940390544704,0.00367454068241469,0.00734908136482939,0.25493885230479774,0.889934148635936,1,1063
ARG221260371,América del Sur,Argentina,ARG,Margarita Belén,Municipio,Local,2,Chaco,Margarita Belén,8441,2022,0,0.05323275862068966,0.35138042309071355,0.41944847605224966,0.7512124151309408,0.8212585933368588,0.6821787414066631,0.9777895293495504,0.04387417218543046,0.0657439446366782,0.0316333118140736,0.8080380750925437,0.40480480480480474,0.00153562653562653,0.02395577395577395,0.20624008461131677,0.8725542041248017,1,1892
ARG221330378,América del Sur,Argentina,ARG,Quitilipi,Municipio,Local,2,Chaco,Quitilipi,32430,2022,0,0.07655900784434025,0.29464827167980595,0.3632991703269888,0.7324470704086656,0.7567260756044953,0.47803382903848346,0.8733113860824157,0.04516129032258064,0.07281031703385277,0.03132562516805592,0.6474460839954597,0.3344859688788403,0.0024060326868343,0.05915319386168246,0.2094448859121353,0.8079237143830174,1,8817
ARG221400385,América del Sur,Argentina,ARG,Barranqueras,Municipio,Local,2,Chaco,Barranqueras,59655,2022,0.9947140938810176,0.0296842752382207,0.387484790544064,0.48170530192153344,0.7596239928379588,0.9956899062263382,0.6535034073038617,0.982584891373988,0.06578740775631968,0.08997353719494267,0.04963006612977149,0.7777971926145961,0.3809974560728865,0.00318550905683947,0.01163335415365396,0.3088123944318248,0.8727357446560662,1,17176
ARG221400392,América del Sur,Argentina,ARG,Basail,Municipio,Local,2,Chaco,Basail,3836,2022,0,0.07235246564268391,0.20687237026647967,0.3174451858913251,0.7092709270927092,0.6600397614314115,0.5606361829025845,0.9065606361829026,0.06333630686886708,0.08108108108108109,0.05583756345177665,0.5069582504970179,0.3837357052096569,0.00450070323488045,0.02672292545710267,0.14314115308151093,0.8777335984095428,1,1009
ARG221400399,América del Sur,Argentina,ARG,Fontana,Municipio,Local,2,Chaco,Fontana,40561,2022,0.9988004954066436,0.03880271118591639,0.2980251346499102,0.4781077479535504,0.7790823877651702,0.9946178686759958,0.670852768807559,0.9858868556392776,0.0688907810202028,0.09396774835755524,0.05293819655521783,0.841526133237651,0.33410834689607066,0.00312567697211648,0.04793736267137066,0.26599689032412394,0.8880516684607105,1,8364
ARG221400406,América del Sur,Argentina,ARG,Puerto Vilelas,Municipio,Local,2,Chaco,Puerto Vilelas,11101,2022,0.9336592487846942,0.03701899659035557,0.32840010206685377,0.4750346740638003,0.743553514659131,0.9576809140922556,0.7410071942446044,0.9767245027507404,0.05985611510791367,0.08467153284671533,0.043705463182897857,0.8468049090139653,0.37171314741035855,0.00190561596233606,0.00448380226432014,0.27803639441388067,0.8595006347862886,1,2364
ARG221400413,América del Sur,Argentina,ARG,Resistencia,Municipio,Local,2,Chaco,Resistencia,298611,2022,0.9900264355383608,0.0233615553465036,0.5329690760766458,0.589510128152129,0.7944889371521651,0.997292107724878,0.8265225739746935,0.9951750283097828,0.06548708721921478,0.07734787258287898,0.05585454752548551,0.8809265915021417,0.4239509755717318,0.00379153307039695,0.01666643021309196,0.4585446309881345,0.8934813647777067,1,81327
ARG221470420,América del Sur,Argentina,ARG,Samuhú,Municipio,Local,2,Chaco,Samuhú,1901,2022,0,0.1056578050443081,0.18757327080890973,0.31017770597738287,0.6690442225392297,0.5531914893617021,0.3911620294599018,0.818330605564648,0.02874432677760968,0.03645833333333333,0.0255863539445629,0.4664484451718494,0.5928853754940712,0,0.0393178588346755,0.11456628477905072,0.8527004909983633,1,612
ARG221470427,América del Sur,Argentina,ARG,Villa Berthet,Municipio,Local,2,Chaco,Villa Berthet,14144,2022,0,0.11033737543522631,0.2186899935993173,0.31810897435897434,0.6479892761394102,0.748890860692103,0.3972197574682047,0.8787341023365868,0.0393569844789357,0.04617968094038623,0.0359950351675631,0.707187222715173,0.3682659932659933,0.00405051227066952,0.02549440076244936,0.1795326826382727,0.7971014492753623,1,3385
ARG221540434,América del Sur,Argentina,ARG,Capitán Solari,Municipio,Local,2,Chaco,Capitán Solari,2661,2022,0,0.08475648323845668,0.2508004268943437,0.43191800878477304,0.671251719394773,0.8201892744479495,0.4952681388012618,0.9558359621451104,0.03831417624521072,0.05084745762711865,0.03073770491803278,0.7429022082018928,0.5746527777777778,0,0.00128369704749679,0.17665615141955837,0.807570977917981,1,634
ARG221540441,América del Sur,Argentina,ARG,Colonia Elisa,Municipio,Local,2,Chaco,Colonia Elisa,5745,2022,0,0.07743296173546249,0.2872284048754637,0.3721093202522775,0.643048128342246,0.7392290249433107,0.5313681027966742,0.8805744520030234,0.03884795713328868,0.04708097928436911,0.0343035343035343,0.6961451247165533,0.4471153846153846,2.0483408439164e-4,0.01065137238836542,0.1965230536659108,0.8420256991685563,1,1326
ARG221540448,América del Sur,Argentina,ARG,Colonias Unidas,Municipio,Local,2,Chaco,Colonias Unidas,4297,2022,0,0.09974236290025763,0.2951251646903821,0.34256055363321797,0.6760904684975767,0.7355901189387009,0.394327538883806,0.929551692589204,0.0227088402270884,0.04040404040404041,0.01433691756272401,0.6614821591948765,0.49696233292831105,5.0581689428426e-4,0.00101163378856853,0.19945105215004577,0.818847209515096,1,1099
ARG221540455,América del Sur,Argentina,ARG,Las Garcitas,Municipio,Local,2,Chaco,Las Garcitas,5993,2022,0,0.11751592356687898,0.23327712197863967,0.3081525804038893,0.6547619047619048,0.7570235383447228,0.40470766894457094,0.876993166287016,0.03489235337787676,0.0558252427184466,0.02566844919786096,0.7509491268033409,0.4520089285714286,6.3613231552162e-4,0.00254452926208651,0.1548974943052392,0.7820804859529233,1,1319
ARG221610462,América del Sur,Argentina,ARG,Cote Lai,Municipio,Local,2,Chaco,Cote Lai,1694,2022,0,0.08606921029281278,0.22287390029325513,0.3724279835390947,0.7996357012750456,0.7837259100642398,0.6059957173447537,0.9293361884368307,0.00967741935483871,0.01104972375690607,0.00911161731207289,0.7430406852248393,0.4315352697095436,0,0.00821114369501466,0.11349036402569591,0.8865096359743041,1,468
ARG221610469,América del Sur,Argentina,ARG,Charadai,Municipio,Local,2,Chaco,Charadai,2357,2022,0,0.09708121827411167,0.22319474835886213,0.3258258258258258,0.7202702702702702,0.6748911465892597,0.4136429608127722,0.8853410740203193,0.028,0.04608294930875576,0.02063789868667917,0.5341074020319303,0.40747330960854095,0.00418060200668896,0.06312709030100334,0.09869375907111756,0.8519593613933236,1,690
ARG221680473,América del Sur,Argentina,ARG,Colonia Aborigen,Municipio,Local,2,Chaco,Colonia  Aborigen,1269,2022,0,NA,NA,NA,NA,NA,NA,NA,NA,NA,NA,NA,NA,NA,NA,NA,NA,0,NA
ARG221680476,América del Sur,Argentina,ARG,Machagai,Municipio,Local,2,Chaco,Machagai,31337,2022,0,0.07744266415331448,0.23565279770444764,0.3556105610561056,0.7680406419582034,0.7932819968135953,0.41396707381837494,0.8625862984599044,0.0281311407591271,0.05071262843884654,0.01788935658448586,0.7027744590468605,0.26194345141371467,0.00195105254150265,0.13102858120828342,0.17578332448220924,0.7782793414763675,1,7538
ARG26,América del Sur,Argentina,ARG,Chubut,Provincia,Regional,1,Chubut,NA,592621,2022,NA,0.02186008688394787,0.4751920256531358,0.6161262157855211,0.849737464939553,0.9684339896584222,0.889413892355893,0.990511729794442,0.06166111741550382,0.08375697396715918,0.04569603757643453,0.9234033078880408,0.33850507685759923,0.00754133002352737,0.08499510991881287,0.5728240658193026,0.9149558063119284,1,158046
ARG260070007,América del Sur,Argentina,ARG,Puerto Madryn,Municipio,Local,2,Chubut,Puerto Madryn,102143,2022,0.960692162827324,0.01740925511783932,0.4647470048597936,0.6629165369043911,0.8597257335478434,0.9982122068850824,0.9177199401297188,0.9948029269915184,0.07349327388341398,0.09313523988490224,0.05859026911423989,0.9618822945120435,0.25922913719943425,0.00511955817846364,0.07229695881138277,0.6011974056211542,0.9533510726758688,1,24298
ARG260075028,América del Sur,Argentina,ARG,Puerto Pirámides,Comisión de fomento,Local,2,Chubut,Puerto Pirámides,511,2022,0,0.01098901098901099,0.5301204819277109,0.9241379310344828,0.9393939393939394,0.9871794871794872,0.6987179487179487,0.9871794871794872,0.00692041522491349,0,0.01290322580645161,1,0.5850340136054422,0.01592920353982301,0.06017699115044248,0.6410256410256411,0.9615384615384616,1,179
ARG260140014,América del Sur,Argentina,ARG,Cholila,Municipio,Local,2,Chubut,Cholila,2820,2022,0,0.0299625468164794,0.31891348088531185,0.6305637982195845,0.8050490883590463,0.8664772727272727,0.8267045454545454,0.9801136363636364,0.05705705705705705,0.09176470588235294,0.0313588850174216,1,0.6686507936507936,0.00942549371633752,0.17504488330341114,0.3707386363636363,0.9105113636363636,1,722
ARG260140021,América del Sur,Argentina,ARG,El Hoyo,Municipio,Local,2,Chubut,El Hoyo,4232,2022,0,0.02172907998150716,0.4269051321928461,0.6719817767653758,0.8590308370044053,0.8422782037239868,0.7119386637458927,0.9813800657174152,0.05255474452554744,0.08983050847457627,0.02435897435897436,0.5568927789934355,0.29814126394052043,0.00542925008483203,0.12283678316932474,0.4293537787513691,0.913472070098576,1,943
ARG260140028,América del Sur,Argentina,ARG,El Maitén,Municipio,Local,2,Chubut,El Maitén,4814,2022,0,0.04583875162548764,0.34756756756756757,0.5672727272727273,0.8299473288186606,0.9663250366032212,0.7327964860907761,0.9824304538799412,0.05947955390334572,0.0782051282051282,0.04623753399818677,0.9436310395314788,0.852280462899932,0.00474898236092265,0.2462686567164179,0.35724743777452417,0.8462664714494875,1,1372
ARG260140035,América del Sur,Argentina,ARG,Epuyén,Municipio,Local,2,Chubut,Epuyén,2411,2022,0,0.03205128205128205,0.3365617433414044,0.6556169429097606,0.8396396396396396,0.7717206132879046,0.7291311754684838,0.9574105621805792,0.05231143552311435,0.08146067415730338,0.03004291845493562,0.9148211243611584,0.6442542787286063,0.00514579759862778,0.2281303602058319,0.4071550255536627,0.7955706984667802,1,592
ARG260140042,América del Sur,Argentina,ARG,Lago Puelo,Municipio,Local,2,Chubut,Lago Puelo,10064,2022,0,0.01758852117565378,0.5562960364784286,0.6757333333333333,0.8527837259100642,0.790625,0.796875,0.9833333333333334,0.0520979020979021,0.07655880031570639,0.03264281230382925,0.7859375,0.7472527472527473,0.00977144749917191,0.136303411725737,0.5692708333333333,0.9145833333333332,1,1978
ARG260145007,América del Sur,Argentina,ARG,Gualjaina,Comisión de fomento,Local,2,Chubut,Gualjaina,1041,2022,0,0.07429963459196103,0.24285714285714283,0.5159574468085106,0.7859237536656891,0.7587131367292225,0.4343163538873994,0.967828418230563,0.02597402597402597,0.03608247422680412,0.01865671641791044,1,0.7983193277310924,0.00338123415046491,0.28402366863905326,0.2520107238605898,0.7453083109919572,1,377
ARG260148014,América del Sur,Argentina,ARG,Cushamen,Comuna,Local,2,Chubut,Cushamen,961,2022,0,0.10272536687631029,0.21631205673758863,0.5042735042735043,0.8776595744680851,1,0.4977973568281938,0.9823788546255507,0.0706713780918728,0.0847457627118644,0.06060606060606061,0.8722466960352423,0.6654545454545454,0.0027027027027027,0.527027027027027,0.18502202643171808,0.2511013215859031,1,229
ARG260210049,América del Sur,Argentina,ARG,Comodoro Rivadavia,Municipio,Local,2,Chubut,Comodoro Rivadavia,201228,2022,0.9419767829994432,0.01141308872389861,0.4918343573696352,0.5776964001934637,0.8626263302322469,0.997100533427504,0.9136851104956972,0.9953348326301508,0.05794253982446645,0.07989474943188614,0.04370174962175582,0.9250919629918628,0.21566419567733255,0.00854662281468778,0.04290235412917529,0.6222701336356709,0.9381632994442688,1,53927
ARG260210056,América del Sur,Argentina,ARG,Rada Tilly,Municipio,Local,2,Chubut,Rada Tilly,13496,2022,0.99004216483335294,0.00308914386584289,0.8207305034550839,0.6657014157014157,0.867504835589942,0.9993131868131868,0.9886675824175823,0.9993131868131868,0.02752100840336134,0.03673272112131464,0.02043849869936826,0.98043254376931,0.2338332923530858,0.0134065934065934,0.02329670329670329,0.8705357142857143,0.9821428571428572,1,2919
ARG260280063,América del Sur,Argentina,ARG,Camarones,Municipio,Local,2,Chubut,Camarones,1634,2022,0,0.0533175355450237,0.34095238095238095,0.5944584382871536,0.8379120879120879,0.9947368421052633,0.8026315789473684,0.9973684210526316,0.05730129390018484,0.07203389830508475,0.04590163934426229,1,0.49237472766884527,0.00694444444444444,0.09645061728395062,0.4921052631578947,0.8947368421052632,1,385
ARG260350070,América del Sur,Argentina,ARG,Corcovado,Municipio,Local,2,Chubut,Corcovado,1609,2022,0,0.05409705648369133,0.22264631043256997,0.6056338028169014,0.8159722222222222,0.9659284497444632,0.747870528109029,0.9965928449744464,0.03685503685503685,0.04069767441860465,0.03404255319148936,1,0.5842185128983308,0.00769230769230769,0.15494505494505495,0.3321976149914821,0.9131175468483816,1,592
ARG260350077,América del Sur,Argentina,ARG,Esquel,Municipio,Local,2,Chubut,Esquel,37019,2022,0,0.02641384449780574,0.48985847518424314,0.6433515482695811,0.8283870967741935,0.9792065925642008,0.9304331161364509,0.9907052510540436,0.06586632057105775,0.08904303510758776,0.04624970045530793,0.9580499952111868,0.4248603824674225,0.00647170156908236,0.1522376213444044,0.556630893062476,0.9162514373323112,1,10525
ARG260350084,América del Sur,Argentina,ARG,Trevelin,Municipio,Local,2,Chubut,Trevelin,10729,2022,0,0.02819120994571879,0.4001111419838844,0.5923670320747056,0.8313597386688444,0.8708383473726433,0.8323305254713196,0.9875651825110308,0.04206008583690987,0.06374228923920494,0.02652259332023575,0.8557114228456913,0.4332737030411449,0.00784016186140617,0.1340414769853313,0.46530284797432814,0.8752507019655034,1,2517
ARG260358021,América del Sur,Argentina,ARG,Cerro Centinela,Comuna,Local,2,Chubut,Cerro Centinela,70,2022,0,0.06214689265536723,0.14285714285714285,0.3888888888888889,0.6493506493506493,0.7386363636363635,0.5795454545454546,0.875,0.07692307692307693,0.21428571428571427,0,0,0.532258064516129,0,0.6554307116104869,0.11363636363636365,0.4886363636363637,1,89
ARG260420091,América del Sur,Argentina,ARG,Dolavon,Municipio,Local,2,Chubut,Dolavon,3962,2022,0,0.04034941763727121,0.29540481400437635,0.532,0.8440808469682387,0.9537465309898242,0.7280296022201665,0.9861239592969472,0.0525195173882186,0.07894736842105263,0.03648802736602052,0.8297872340425532,0.2983794089609152,0.00816449954641669,0.10795282733595404,0.37835337650323775,0.8815911193339501,1,1081
ARG260420098,América del Sur,Argentina,ARG,Gaiman,Municipio,Local,2,Chubut,Gaiman,7755,2022,0.05176543284732362,0.02708377073273147,0.4086277173913043,0.6167315175097277,0.8411622276029056,0.9475709475709476,0.7070707070707071,0.9855699855699857,0.04259567387687188,0.0694006309148265,0.02302820955670696,0.8306878306878307,0.3912659902955448,0.00407424173834314,0.10125245208993512,0.4713804713804714,0.9206349206349206,1,2079
ARG260425014,América del Sur,Argentina,ARG,28 de Julio,Comisión de fomento,Local,2,Chubut,28 de Julio,579,2022,0,0.02044293015332197,0.3899613899613899,0.5159235668789809,0.9234972677595628,0.7837837837837838,0.7783783783783784,0.9945945945945946,0.024,0.04938271604938271,0.01183431952662721,0.3621621621621622,0.42528735632183906,0.00501882057716436,0.06148055207026349,0.4,0.945945945945946,1,202
ARG260428028,América del Sur,Argentina,ARG,Dique Florentino Ameghino,Comuna,Local,2,Chubut,Dique Florentino Ameghino,174,2022,0,0.0396039603960396,0.37333333333333335,0.675,0.925925925925926,1,0.7962962962962963,1,0.02597402597402597,0.03703703703703703,0.02,1,0.7636363636363637,0.02564102564102564,0.05128205128205128,0.3888888888888889,0.9629629629629628,1,54
ARG260498035,América del Sur,Argentina,ARG,Gastre,Comuna,Local,2,Chubut,Gastre,603,2022,0,0.09592326139088728,0.31906614785992216,0.6022727272727273,0.9135135135135136,0.988950276243094,0.5359116022099448,0.994475138121547,0.03636363636363636,0.07547169811320754,0.01183431952662721,1,0.5,0.02159468438538206,0.1362126245847176,0.4088397790055249,0.856353591160221,1,186
ARG260498042,América del Sur,Argentina,ARG,Lagunita Salada,Comuna,Local,2,Chubut,Lagunita Salada,146,2022,0,0.2625,0.07142857142857142,0.6551724137931034,0.7575757575757576,0.5217391304347826,0.32608695652173914,0.8043478260869564,0,0,0,0.43478260869565216,0.5750000000000001,0,0.4806201550387597,0.17391304347826086,0.2608695652173913,1,46
ARG260560105,América del Sur,Argentina,ARG,Tecka,Municipio,Local,2,Chubut,Tecka,1251,2022,0,0.09597156398104266,0.20773930753564152,0.5027932960893855,0.8245125348189415,0.8801020408163266,0.8392857142857143,0.971938775510204,0.05042016806722689,0.05,0.05067567567567568,0.7448979591836735,0.4910941475826972,0.00970088924818108,0.22392886014551333,0.23979591836734693,0.8494897959183674,1,397
ARG260568049,América del Sur,Argentina,ARG,Aldea Epulef,Comuna,Local,2,Chubut,Aldea Epulef,162,2022,0,0.15760869565217392,0.19444444444444445,0.6818181818181818,0.9111111111111112,0.5544554455445545,0.4752475247524752,0.8316831683168316,0.01574803149606299,0.02222222222222222,0.01219512195121951,0.5841584158415841,0.5934065934065934,0,0.6374501992031872,0.1782178217821782,0.13861386138613865,1,101
ARG260568056,América del Sur,Argentina,ARG,Carrenleufú,Comuna,Local,2,Chubut,Carrenleufú,312,2022,0,0.04975124378109453,0.2222222222222222,0.7471264367816092,0.8953488372093024,1,0.5789473684210527,1,0.06338028169014084,0.06153846153846154,0.06493506493506493,0.8210526315789474,0.6964285714285715,0.01261829652996845,0.08201892744479496,0.3263157894736842,0.7052631578947368,1,98
ARG260568063,América del Sur,Argentina,ARG,Colan Conhue,Comuna,Local,2,Chubut,Colan Conhue,246,2022,0,0.109375,0.31092436974789917,0.676056338028169,0.8478260869565217,0.9111111111111112,0.6222222222222222,0.9888888888888888,0.0079365079365079309,0,0.01282051282051282,1,0.5833333333333333,0,0.376865671641791,0.3,0.06666666666666667,1,91
ARG260568070,América del Sur,Argentina,ARG,Paso del Sapo,Comuna,Local,2,Chubut,Paso del Sapo,500,2022,0,0.11526479750778816,0.2768361581920904,0.6546762589928058,0.8188976377952756,1,0.643312101910828,1,0.04615384615384615,0.05494505494505494,0.03846153846153846,1,0.6858974358974359,0.01483050847457627,0.20127118644067796,0.3503184713375796,0,1,162
ARG260638077,América del Sur,Argentina,ARG,Las Plumas,Comuna,Local,2,Chubut,Las Plumas,582,2022,0,0.11940298507462686,0.2063492063492063,0.6209150326797386,0.8296296296296296,0.99375,0.6124999999999999,0.9875,0.04347826086956521,0.04210526315789473,0.04464285714285714,1,0.5605095541401274,0.01458333333333333,0.05625,0.33125,0.19375,1,164
ARG260705021,América del Sur,Argentina,ARG,Paso de Indios,Comisión de fomento,Local,2,Chubut,Paso de Indios,1365,2022,0,0.12771084337349398,0.2231237322515213,0.566579634464752,0.816711590296496,1,0.7771883289124668,0.9973474801061007,0.04038461538461539,0.05529953917050691,0.0297029702970297,0.9257294429708224,0.5586034912718205,0.00316455696202531,0.2626582278481013,0.33156498673740054,0.8328912466843501,1,380
ARG260708084,América del Sur,Argentina,ARG,Los Altares,Comuna,Local,2,Chubut,Los Altares,202,2022,0,0.10112359550561796,0.1523809523809524,0.6730769230769231,0.9032258064516128,0.6551724137931034,0.5172413793103449,0.9310344827586208,0.01680672268907563,0.02857142857142857,0.0119047619047619,0.7126436781609196,0.4800000000000001,0,0.1956521739130435,0.22988505747126436,0.1264367816091954,1,89
ARG260770112,América del Sur,Argentina,ARG,Rawson,Municipio,Local,2,Chubut,Rawson,38129,2022,0,0.01244425568061159,0.49904359870720927,0.6650763358778626,0.8212394587173956,0.9972381342062192,0.9180646481178396,0.9975450081833062,0.05910720104268491,0.07675753228120516,0.04441791044776119,0.9667553191489362,0.5930623215185621,0.00783560954119202,0.07700295802127258,0.6099631751227496,0.9467062193126022,1,9799
ARG260770119,América del Sur,Argentina,ARG,Trelew,Municipio,Local,2,Chubut,Trelew,106214,2022,0.9767422260648138,0.023041976114693,0.4856843052016189,0.6271846988638067,0.8336132825117901,0.9918678445004304,0.9418630608795484,0.997799534394234,0.07447354904982023,0.09789207016873,0.05548882086255667,0.970698890447647,0.3843676903915671,0.00530477329127023,0.09718384857283514,0.5690914309404599,0.9315304397742132,1,31426
ARG260840126,América del Sur,Argentina,ARG,Alto Río Senguer,Municipio,Local,2,Chubut,Alto Río Senguer,1689,2022,0,0.05509868421052631,0.2987012987012987,0.5690721649484536,0.7784313725490196,0.8776978417266187,0.697841726618705,0.9640287769784172,0.03417533432392273,0.05434782608695652,0.02015113350125944,0.8381294964028777,0.5791433891992551,0.00708800945067926,0.13762551683402244,0.43884892086330934,0.8758992805755396,1,572
ARG260840133,América del Sur,Argentina,ARG,Río Mayo,Municipio,Local,2,Chubut,Río Mayo,3164,2022,0,0.02680829539706626,0.4400670578373848,0.6462427745664739,0.8489388264669163,0.99642431466031,0.733015494636472,0.99642431466031,0.04923325262308313,0.0626118067978533,0.03823529411764706,0.9868891537544696,0.6374085684430513,0.00143317807237549,0.16194912217843066,0.5148986889153755,0.899880810488677,1,854
ARG260848091,América del Sur,Argentina,ARG,Aldea Beleiro,Comuna,Local,2,Chubut,Aldea Beleiro,199,2022,0,0.05641025641025641,0.20491803278688525,0.509090909090909,0.9117647058823528,0.7272727272727273,0.7532467532467533,0.987012987012987,0.02479338842975206,0.03571428571428571,0.02150537634408602,0,0.3113207547169812,0,0.04651162790697674,0.24675324675324675,0.6753246753246753,1,81
ARG260848098,América del Sur,Argentina,ARG,Doctor Ricardo Rojas,Comuna,Local,2,Chubut,Doctor Ricardo Rojas,234,2022,0,0.08053691275167785,0.18292682926829268,0.5740740740740741,0.9074074074074074,1,0.5571428571428572,0.9571428571428572,0,0,0,1,0.4918032786885246,0,0.228310502283105,0.3,0.4857142857142857,1,75
ARG260848105,América del Sur,Argentina,ARG,Facundo,Comuna,Local,2,Chubut,Facundo,255,2022,0,0.04761904761904761,0.2777777777777778,0.7058823529411765,0.8571428571428571,1,0.6774193548387097,1,0.03333333333333333,0.05555555555555555,0.01851851851851851,1,0.7101449275362318,0.01621621621621621,0.5081081081081081,0.43548387096774194,0.9032258064516128,1,63
ARG260848112,América del Sur,Argentina,ARG,Lago Blanco,Comuna,Local,2,Chubut,Lago Blanco,227,2022,0,0.05147058823529411,0.21176470588235297,0.6296296296296297,0.7571428571428571,0.9692307692307692,0.9230769230769232,1,0.04597701149425287,0.02941176470588235,0.05660377358490566,0.8769230769230769,0.40909090909090906,0,0.02577319587628866,0.4,0.4153846153846154,1,65
ARG260848140,América del Sur,Argentina,ARG,Aldea Apeleg,Comuna,Local,2,Chubut,Aldea Apeleg,134,2022,0,0.02469135802469135,0.21818181818181817,0.9393939393939394,0.8205128205128205,1,0.5116279069767442,0.9767441860465116,0.01587301587301587,0,0.03125,1,0.8070175438596491,0,0.2777777777777778,0.3953488372093023,0.6744186046511628,1,44
ARG260910140,América del Sur,Argentina,ARG,Sarmiento,Municipio,Local,2,Chubut,Sarmiento,14289,2022,0,0.02713580888081018,0.41296493092454833,0.569821930646673,0.8584125038308306,0.9747119078104992,0.9055697823303458,0.9951984635083226,0.048,0.08114035087719298,0.02641913602284898,0.9434143222506394,0.34770114942528735,0.03020496224379719,0.11048184106436532,0.587708066581306,0.910371318822023,1,3145
ARG260918119,América del Sur,Argentina,ARG,Buen Pasto,Comuna,Local,2,Chubut,Buen Pasto,88,2022,0,0.02857142857142857,0.20408163265306123,0.6451612903225806,0.7575757575757576,1,0.7352941176470589,1,0.02222222222222222,0.05,0,1,0.7674418604651163,0.00952380952380952,0.04761904761904761,0.5882352941176471,0.5588235294117647,1,34
ARG260980147,América del Sur,Argentina,ARG,Gobernador Costa,Municipio,Local,2,Chubut,Gobernador Costa,2696,2022,0,0.07470288624787776,0.3810888252148998,0.6242857142857143,0.8450704225352113,0.8879310344827586,0.7573891625615763,0.9766009852216748,0.0300820419325433,0.03661327231121281,0.02575757575757575,0.8891625615763546,0.5149769585253456,0.0054759898904802,0.13563605728727884,0.3608374384236453,0.8263546798029556,1,829
ARG260980154,América del Sur,Argentina,ARG,José de San Martín,Municipio,Local,2,Chubut,José de San Martín,1578,2022,0,0.10686359687228496,0.3146417445482866,0.5,0.7811860940695297,0.986247544204322,0.7053045186640472,0.9823182711198428,0.06359300476947535,0.097165991902834,0.0418848167539267,0.8058823529411765,0.6061855670103093,0.0043424317617866,0.15384615384615383,0.32023575638506874,0.8742632612966601,1,515
ARG260980161,América del Sur,Argentina,ARG,Río Pico,Municipio,Local,2,Chubut,Río Pico,1303,2022,0,0.04618689581095596,0.2536764705882353,0.6138888888888889,0.8459657701711492,0.8929440389294404,0.5985401459854014,0.9756690997566908,0.07407407407407407,0.10407239819004524,0.05491329479768786,0.9659367396593674,0.7239583333333334,0.00846805234795996,0.1878367975365666,0.3284671532846715,0.8710462287104623,1,429
ARG260988147,América del Sur,Argentina,ARG,Dr. Atilio Oscar Viglione,Comuna,Local,2,Chubut,Dr. Atilio Oscar Viglione,161,2022,0,0.05263157894736842,0.25925925925925924,0.75,0.7619047619047619,0.6842105263157895,0.631578947368421,1,0,0,0,0,0.7222222222222223,0,0.1590909090909091,0.3157894736842105,0.7368421052631579,1,19
ARG261058126,América del Sur,Argentina,ARG,Gan Gan,Comuna,Local,2,Chubut,Gan Gan,756,2022,0,0.13053097345132744,0.2427536231884058,0.6862745098039216,0.8814432989690721,1,0.5283018867924528,0.9952830188679244,0.04180064308681672,0.04285714285714286,0.04093567251461988,0.8113207547169812,0.6416666666666666,0,0.15128593040847202,0.32547169811320753,0.8018867924528302,1,217
ARG261058133,América del Sur,Argentina,ARG,Telsen,Comuna,Local,2,Chubut,Telsen,574,2022,0,0.05527638190954774,0.23553719008264465,0.6069364161849711,0.8505747126436781,0.9902439024390244,0.7219512195121951,0.9902439024390244,0.03557312252964427,0.04761904761904761,0.02702702702702703,1,0.5977653631284916,0.01470588235294117,0.14154411764705882,0.32195121951219513,0.24878048780487805,1,205
ARG30,América del Sur,Argentina,ARG,Entre Ríos,Provincia,Regional,1,Entre Ríos,NA,1425578,2022,NA,0.02274008480097216,0.4460263252917897,0.5446226527957726,0.8115914782059216,0.9021673642398228,0.8279518008050972,0.98646530351097,0.04897318289482961,0.07162987647281514,0.03337666014619582,0.8768600922749699,0.3227193946858666,0.01023881955667083,0.01063333546221014,0.4325237930207139,0.8595825224600784,1,375958
ARG300080007,América del Sur,Argentina,ARG,Colón,Municipio,Local,2,Entre Ríos,Colón,31521,2022,0,0.01106971793507184,0.4750237253041152,0.6115260144386357,0.8487470937742185,0.9301948051948052,0.8741258741258742,0.996128871128871,0.04066527342389411,0.0578058212904539,0.02784964236798052,0.9310689310689312,0.4731777036684135,0.00384569162360293,0.01077594840363738,0.5138611388611388,0.8715034965034965,1,8049
ARG300080014,América del Sur,Argentina,ARG,San José,Municipio,Local,2,Entre Ríos,San José,22201,2022,0,0.01459259259259259,0.35626123427201917,0.5254057868736768,0.8465626607234699,0.915485564304462,0.8377952755905511,0.9937007874015747,0.04547751389590702,0.0715245130960376,0.02976913730255164,0.9298337707786528,0.32656155245603397,0.00359731836267509,0.01106447920640976,0.42449693788276466,0.8705161854768154,1,5717
ARG300080021,América del Sur,Argentina,ARG,Ubajay,Municipio,Local,2,Entre Ríos,Ubajay,3282,2022,0,0.02054794520547945,0.21642857142857144,0.5161649944258639,0.9172033118675254,0.916289592760181,0.7805429864253394,0.9909502262443438,0.02876712328767123,0.06047516198704104,0.01404212637913741,0.880225988700565,0.17704918032786887,3.1796502384737e-4,0.01081081081081081,0.3563348416289593,0.8981900452488688,1,889
ARG300080028,América del Sur,Argentina,ARG,Villa Elisa,Municipio,Local,2,Entre Ríos,Villa Elisa,12440,2022,0,0.00861771802826611,0.4630255255255255,0.6449130806497577,0.8815311539536184,0.9444444444444444,0.947545219638243,0.996640826873385,0.02528608342561831,0.03932832523199293,0.01521394611727416,0.9431524547803618,0.20949074074074076,0.0020592711970633,0.0052824782881189,0.4695090439276486,0.8633074935400517,1,3884
ARG300082007,América del Sur,Argentina,ARG,Arroyo Barú,Comuna,Local,2,Entre Ríos,Arroyo Barú,740,2022,0,0.00607287449392712,0.24436090225563908,0.40718562874251496,0.8080808080808081,0.8153153153153153,0.8648648648648648,0.9774774774774774,0.02631578947368421,0.02941176470588235,0.025,0.8153153153153153,0.304635761589404,0.02040816326530612,0.01098901098901099,0.2747747747747748,0.7252252252252253,1,223
ARG300082035,América del Sur,Argentina,ARG,La Clarita,Comuna,Local,2,Entre Ríos,La Clarita,NA,2022,0,0.024330900243309,0.21794871794871795,0.3443708609271523,0.8875739644970414,0.8439306358381503,0.6358381502890174,0.9595375722543352,0.03465346534653465,0.05769230769230769,0.02666666666666667,0.9421965317919077,0.1597222222222222,0,0.00359712230215827,0.2774566473988439,0.7803468208092486,1,173
ARG300082042,América del Sur,Argentina,ARG,Pueblo Cazes,Comuna,Local,2,Entre Ríos,Pueblo Cazes,285,2022,0,0.04310344827586207,0.08571428571428572,0.4086021505376344,0.8543689320388349,0.6037735849056604,0.5094339622641509,0.8962264150943396,0.0079365079365079309,0,0.01136363636363636,0.5377358490566038,0.1262135922330097,0,0.00289855072463768,0.16037735849056603,0.7924528301886793,1,106
ARG300089007,América del Sur,Argentina,ARG,Colonia San Anselmo y Aledañas,Junta de gobierno,Local,2,Entre Ríos,Colonia San Anselmo y Aledañas,231,2022,0,0.01574803149606299,0.1875,0.4606741573033708,0.9159663865546218,0.03669724770642202,0.7064220183486238,0.9724770642201837,0.00666666666666666,0,0.0091743119266055,0,0.515625,0,0,0.28440366972477066,0.8715596330275229,1,110
ARG300089010,América del Sur,Argentina,ARG,Hambis,Junta de gobierno,Local,2,Entre Ríos,Hambis,157,2022,0,0.01734104046242774,0.19827586206896552,0.4057971014492754,0.8414634146341463,0.29333333333333333,0.8,0.9733333333333332,0.03092783505154639,0.03571428571428571,0.02898550724637681,0.38666666666666666,0.19402985074626863,0,0,0.29333333333333333,0.92,1,75
ARG300089015,América del Sur,Argentina,ARG,Hocker,Comuna,Local,2,Entre Ríos,Hocker,521,2022,0,0.01298701298701298,0.21052631578947367,0.625,0.9090909090909092,1,0.4615384615384616,0.97435897435897445,0.06666666666666667,0.13333333333333333,0.03333333333333333,0,0.15151515151515152,0.07142857142857142,0,0.15384615384615383,0.8717948717948718,1,39
ARG300089030,América del Sur,Argentina,ARG,Pueblo Liebig,Municipio,Local,2,Entre Ríos,Pueblo Liebig,1641,2022,0,0.00851788756388415,0.371875,0.4541484716157206,0.7631578947368421,0.84765625,0.90625,0.984375,0.05755395683453238,0.10576923076923075,0.02873563218390804,0.87890625,0.23318385650224216,0.0038860103626943,0.0077720207253886,0.4140625,0.828125,1,257
ARG300089035,América del Sur,Argentina,ARG,San Miguel,Junta de gobierno,Local,2,Entre Ríos,San Miguel,503,2022,0,NA,NA,NA,NA,NA,NA,NA,NA,NA,NA,NA,NA,NA,NA,NA,NA,0,NA
ARG300150035,América del Sur,Argentina,ARG,Colonia Ayuí,Municipio,Local,2,Entre Ríos,Colonia Ayuí,2593,2022,0,0.03932584269662921,0.20105820105820105,0.49001536098310294,0.8892086330935252,0.8432708688245315,0.8313458262350937,0.9829642248722316,0.01280683030949839,0.02507836990595611,0.00647249190938511,0.8194207836456558,0.12171837708830548,0.00626522798468499,0.00904977375565611,0.2776831345826235,0.8364565587734242,1,592
ARG300150042,América del Sur,Argentina,ARG,Concordia,Municipio,Local,2,Entre Ríos,Concordia,179203,2022,0.9647410034637413,0.03010964139287238,0.3944512928213791,0.5451418921701883,0.7985609942221737,0.961279266343994,0.8620921238507676,0.9941872582848936,0.04966955639729305,0.06856560009066526,0.03601266859607929,0.9238873709072384,0.28766494800314607,0.01312012582738056,0.00849334818795465,0.4131215117760126,0.8320557652671314,1,43251
ARG300150049,América del Sur,Argentina,ARG,Estancia Grande,Municipio,Local,2,Entre Ríos,Estancia Grande,3089,2022,0,0.0373675404350251,0.13596059113300493,0.4354395604395605,0.8480204342273308,0.6943291839557401,0.6141078838174274,0.975103734439834,0.0254841997961264,0.05362776025236593,0.01204819277108433,0.5325034578146611,0.15384615384615383,0.0199769496734537,0.00845178640030733,0.17427385892116182,0.8437067773167358,1,727
ARG300150056,América del Sur,Argentina,ARG,La Criolla,Municipio,Local,2,Entre Ríos,La Criolla,2374,2022,0,0.02445652173913043,0.23125659978880675,0.48,0.8597285067873304,0.7504051863857374,0.7779578606158833,0.9902755267423016,0.01789709172259507,0.02777777777777777,0.01228070175438596,0.9578606158833064,0.2033678756476684,0.05994329688132847,0.0048602673147023,0.24959481361426256,0.8784440842787682,1,622
ARG300150063,América del Sur,Argentina,ARG,Los Charrúas,Municipio,Local,2,Entre Ríos,Los Charrúas,3862,2022,0,0.03723986856516977,0.256394640682095,0.4047822374039282,0.8290879211175021,0.8920353982300885,0.8637168141592919,0.9805309734513274,0.03101820633850303,0.06962025316455696,0.01288404360753221,0.9168141592920354,0.18427726120033813,0.00126230749810653,0.01338045947992931,0.3106194690265487,0.8619469026548673,1,1132
ARG300150070,América del Sur,Argentina,ARG,Puerto Yeruá,Comuna,Local,2,Entre Ríos,Puerto Yeruá,1978,2022,0,0.0273972602739726,0.20214190093708165,0.34450651769087526,0.8436974789915966,0.7448015122873346,0.6805293005671077,0.947069943289225,0.02765647743813682,0.04324324324324324,0.02191235059760956,0.7277882797731569,0.24080882352941177,0.00448933782267115,0.01459034792368125,0.2570888468809074,0.8903591682419659,1,531
ARG300152077,América del Sur,Argentina,ARG,General Roca,Comuna,Local,2,Entre Ríos,General Roca,978,2022,0.4540350530487072,0.05154639175257732,0.14488636363636365,0.4008620689655173,0.8666666666666667,0.5782608695652174,0.6260869565217391,0.9956521739130436,0.02752293577981651,0.05376344086021505,0.01709401709401709,0.6608695652173913,0.09473684210526316,0.03131313131313131,0.00303030303030303,0.21739130434782608,0.9217391304347826,1,233
ARG300152084,América del Sur,Argentina,ARG,Nueva Escocia,Comuna,Local,2,Entre Ríos,Nueva Escocia,638,2022,0,0.03341902313624678,0.15040650406504066,0.42857142857142855,0.9476439790575916,0.8170731707317073,0.725609756097561,0.9817073170731708,0.01619433198380566,0.06060606060606061,0,0.8475609756097561,0.11688311688311688,0,0.00182481751824817,0.25,0.8414634146341463,1,164
ARG300152091,América del Sur,Argentina,ARG,Pedernal,Comuna,Local,2,Entre Ríos,Pedernal,821,2022,0,0.04176334106728538,0.11328125,0.3815028901734104,0.8935185185185185,0.7897727272727273,0.47159090909090906,0.9375,0.01158301158301158,0.04545454545454545,0,0.17045454545454544,0.12217194570135746,0.00453857791225416,0.01210287443267776,0.1647727272727273,0.8920454545454546,1,176
ARG300159035,América del Sur,Argentina,ARG,Clodomiro Ledesma,Comuna,Local,2,Entre Ríos,Clodomiro Ledesma,160,2022,0,0.02941176470588235,0.12149532710280374,0.27692307692307694,0.8695652173913043,0.6349206349206349,0.6031746031746033,1,0.01020408163265306,0.05555555555555555,0,0,0.05681818181818181,0,0,0.2222222222222222,0.9365079365079364,1,63
ARG300159045,América del Sur,Argentina,ARG,El Redomón,Junta de gobierno,Local,2,Entre Ríos,El Redomón,491,2022,0,0.06134969325153374,0.16019417475728157,0.19166666666666668,0.8604651162790697,0.06756756756756757,0.6959459459459459,0.9054054054054056,0.00584795321637426,0,0.00675675675675675,0.08783783783783784,0.0641025641025641,0.01906779661016949,0.02754237288135593,0.12162162162162164,0.8918918918918919,1,148
ARG300159050,América del Sur,Argentina,ARG,Estación Yeruá,Junta de gobierno,Local,2,Entre Ríos,Estación Yeruá,490,2022,0,0.06136363636363636,0.15918367346938775,0.2832369942196532,0.7889447236180904,0.5085714285714286,0.6228571428571428,0.9542857142857144,0.00485436893203883,0,0.00636942675159235,0.30857142857142855,0.09444444444444444,0.02950819672131147,0.00655737704918032,0.18285714285714288,0.8457142857142858,1,175
ARG300159055,América del Sur,Argentina,ARG,Estación Yuquerí,Comuna,Local,2,Entre Ríos,Estación Yuquerí,585,2022,0.06169816142903587,NA,NA,NA,NA,NA,NA,NA,NA,NA,NA,NA,NA,NA,NA,NA,NA,0,NA
ARG300159070,América del Sur,Argentina,ARG,San Justo,Junta de gobierno,Local,2,Entre Ríos,San Justo,153,2022,0,0.03355704697986577,0.07865168539325842,0.3,0.8947368421052632,0.23728813559322037,0.711864406779661,0.9322033898305084,0,0,0,0,0.0875,0,0.00440528634361233,0.1694915254237288,0.8983050847457628,1,59
ARG300210077,América del Sur,Argentina,ARG,Aldea Valle María,Municipio,Local,2,Entre Ríos,Aldea Valle María,3164,2022,0,0.00411946446961894,0.4033816425120773,0.5645569620253165,0.8578255675029869,0.8145859085290482,0.8145859085290483,0.9913473423980222,0.01804123711340206,0.04035874439461883,0.00417827298050139,0.8454882571075402,0.21109770808202655,0.00123609394313967,0.00947672023073753,0.4042027194066749,0.8170580964153276,1,810
ARG300210084,América del Sur,Argentina,ARG,Diamante,Municipio,Local,2,Entre Ríos,Diamante,21323,2022,0,0.02510712372790573,0.4665995300436388,0.5381137957911146,0.7923424176559104,0.9584010399740006,0.7214819629509263,0.9938251543711408,0.05200830179465267,0.07705677867902665,0.03376239713019624,0.914689632759181,0.43421295441963464,0.00200702458605117,0.01133968891118916,0.41826454338641533,0.8477413064673384,1,6168
ARG300210091,América del Sur,Argentina,ARG,General Ramírez,Municipio,Local,2,Entre Ríos,General Ramírez,10777,2022,0,0.02272089761570827,0.4492855469665027,0.5581239530988275,0.8492201039861352,0.9775244299674268,0.9302931596091204,0.9986970684039088,0.03717201166180758,0.05522208883553421,0.02489795918367347,0.9726384364820848,0.18863287250384023,0.00184341791368466,0.00683148991541964,0.4208469055374593,0.8693811074918567,1,3075
ARG300210098,América del Sur,Argentina,ARG,Villa Libertador San Martín,Municipio,Local,2,Entre Ríos,Villa Libertador San Martín,8499,2022,0,0.0033989266547406,0.7870619946091644,0.6297454220634212,0.7732401934443848,0.9644304367402072,0.9419180549302116,0.9986492570914004,0.03755703755703755,0.04680851063829787,0.02849200833912439,0.970283656010806,0.09977116704805492,0.00840336134453781,0.01634835752482811,0.7370553804592526,0.9324628545700137,1,2243
ARG300212112,América del Sur,Argentina,ARG,Aldea Protestante,Comuna,Local,2,Entre Ríos,Aldea Protestante,802,2022,0,0.024,0.2540106951871658,0.4722222222222222,0.8862745098039215,0.5568627450980392,0.3843137254901961,0.988235294117647,0.03188405797101449,0.0588235294117647,0.01769911504424778,0.6509803921568628,0.1559633027522936,0,0.00372670807453416,0.3843137254901961,0.8392156862745098,1,256
ARG300212126,América del Sur,Argentina,ARG,Aldea Spatzenkutter,Comuna,Local,2,Entre Ríos,Aldea Spatzenkutter,567,2022,0,0.0046189376443418,0.29699248120300753,0.5355191256830601,0.8375634517766497,0.7378048780487805,0.3597560975609756,1,0.01901140684410646,0.04081632653061224,0.00606060606060606,0.6402439024390244,0.17006802721088435,0,0.01293900184842883,0.38414634146341464,0.8780487804878049,1,164
ARG300212133,América del Sur,Argentina,ARG,Colonia Ensayo,Comuna,Local,2,Entre Ríos,Colonia Ensayo,895,2022,0,0.06013363028953229,0.34309623430962344,0.5774647887323944,0.8855421686746988,0.44654088050314467,0.2830188679245283,0.981132075471698,0.00873362445414847,0.01219512195121951,0.00680272108843537,0.06918238993710692,0.2545454545454546,0,0,0.3584905660377358,0.9056603773584906,1,160
ARG300212161,América del Sur,Argentina,ARG,El Carmen Estación Racedo,Comuna,Local,2,Entre Ríos,Gobernador Racedo,738,2022,0,0.02553191489361702,0.3562091503267974,0.5339805825242718,0.949748743718593,0.7722772277227723,0.6485148514851484,0.99009900990099,0.04013377926421405,0.08181818181818182,0.01587301587301587,0.7970297029702971,0.13526570048309178,0.00462962962962962,0.0324074074074074,0.37623762376237624,0.8910891089108911,1,202
ARG300212175,América del Sur,Argentina,ARG,Las Cuevas,Comuna,Local,2,Entre Ríos,Las Cuevas,1170,2022,0,0.06675392670157068,0.15011547344110854,0.25846153846153846,0.7445482866043613,0.4716981132075472,0.22327044025157233,0.8333333333333334,0.04643962848297214,0.07142857142857142,0.03765690376569038,0,0.27472527472527475,0,0.00822669104204753,0.10377358490566038,0.7547169811320755,1,321
ARG300219075,América del Sur,Argentina,ARG,Aldea Brasilera,Municipio,Local,2,Entre Ríos,Aldea Brasilera,1322,2022,0,0.01490825688073394,0.4238178633975482,0.4841269841269842,0.8243243243243243,0.9299719887955182,0.3249299719887955,0.9943977591036416,0.04918032786885246,0.08196721311475409,0.02950819672131147,0.9103641456582632,0.3565891472868217,0,0.01762114537444934,0.44537815126050423,0.8823529411764706,1,357
ARG300219080,América del Sur,Argentina,ARG,Aldea Grapschental,Junta de gobierno,Local,2,Entre Ríos,Aldea Grapschental,122,2022,0,0,0.19540229885057472,0.5660377358490566,0.8793103448275862,0.25,0.15,0.9833333333333332,0.04938271604938271,0.1,0.0196078431372549,0,0.08888888888888889,0,0,0.21666666666666667,0.85,1,60
ARG300219090,América del Sur,Argentina,ARG,Aldea Salto,Comuna,Local,2,Entre Ríos,Aldea Salto,283,2022,0,0.02439024390243902,0.13768115942028986,0.2278481012658228,0.9166666666666666,0.4936708860759494,0.17721518987341772,0.9746835443037974,0,0,0,0,0.2777777777777778,0,0,0.24050632911392408,0.8354430379746836,1,79
ARG300219105,América del Sur,Argentina,ARG,Costa Grande,Junta de gobierno,Local,2,Entre Ríos,Costa Grande,551,2022,0,0.03125,0.2132132132132132,0.23636363636363636,0.8081632653061225,0.01357466063348416,0.2669683257918552,0.9457013574660632,0.008,0.03846153846153846,0,0,0.12422360248447203,0,0.00683994528043775,0.1583710407239819,0.8868778280542986,1,221
ARG300219110,América del Sur,Argentina,ARG,Estación Camps,Junta de gobierno,Local,2,Entre Ríos,Estación Camps,462,2022,0,0.00746268656716417,0.21455938697318008,0.39156626506024095,0.8810810810810811,0.4226190476190476,0.613095238095238,1,0.0175438596491228,0.03076923076923077,0.01226993865030674,0.26785714285714285,0.1226993865030675,0,0.01672862453531598,0.2976190476190476,0.9345238095238096,1,168
ARG300219120,América del Sur,Argentina,ARG,General Alvear,Comuna,Local,2,Entre Ríos,General Alvear,603,2022,0,0.03389830508474576,0.15611814345991562,0.3595505617977528,0.8081395348837209,0.6971428571428572,0.13714285714285715,0.9371428571428572,0.0147783251231527,0.046875,0,0.7257142857142858,0.23308270676691728,0,0.01263537906137184,0.10857142857142855,0.7885714285714286,1,175
ARG300219125,América del Sur,Argentina,ARG,Isletas,Junta de gobierno,Local,2,Entre Ríos,Isletas,480,2022,0,0.03219696969696969,0.14376996805111822,0.4010416666666667,0.7763713080168776,0.07894736842105263,0.26315789473684215,0.9736842105263156,0.02298850574712643,0.03896103896103896,0.01630434782608695,0,0.2705882352941177,0,0.0095389507154213,0.25263157894736843,0.9210526315789472,1,190
ARG300280105,América del Sur,Argentina,ARG,Chajarí,Municipio,Local,2,Entre Ríos,Chajarí,41713,2022,0,0.0228424386381631,0.34794469588939175,0.5256615166045108,0.859229867436198,0.958588509769612,0.9438125789831828,0.9920287741810052,0.03023045054375971,0.04864864864864865,0.01878673383711167,0.9359385632351512,0.18847113758956607,0.00364439853076216,0.00746097337006427,0.42480801010984737,0.8735296976766793,1,10302
ARG300280112,América del Sur,Argentina,ARG,Federación,Municipio,Local,2,Entre Ríos,Federación,19778,2022,0,0.02516671959352175,0.34834632965851037,0.5326662742789876,0.8158925573587017,0.9139689578713968,0.912860310421286,0.9940133037694012,0.03061080547326844,0.04530386740331491,0.02149062642889803,0.9188470066518848,0.26907396622015145,0.00347637772838661,0.0062118880720351,0.3893569844789357,0.8778270509977827,1,4571
ARG300280115,América del Sur,Argentina,ARG,Los Conquistadores,Municipio,Local,2,Entre Ríos,Los Conquistadores,1491,2022,0,0.06548279689234185,0.2675521821631879,0.30256410256410254,0.7462311557788944,0.9051724137931034,0.910919540229885,0.9885057471264368,0.02891566265060241,0.02542372881355932,0.0303030303030303,0.8994252873563219,0.4355300859598854,0.00233100233100233,7.7700077700077e-4,0.26436781609195403,0.9051724137931034,1,350
ARG300280119,América del Sur,Argentina,ARG,San Jaime de la Frontera,Municipio,Local,2,Entre Ríos,San Jaime de la Frontera,4825,2022,0,0.05763888888888889,0.24460011675423235,0.4045283018867925,0.7951176983435048,0.9445843828715366,0.821998320738875,0.9680940386230058,0.03453038674033149,0.04850746268656716,0.02631578947368421,0.929471032745592,0.32055749128919864,0.00184459303666128,0.00991468757205441,0.21578505457598657,0.8648194794290512,1,1193
ARG300280126,América del Sur,Argentina,ARG,Santa Ana,Municipio,Local,2,Entre Ríos,Santa Ana,1983,2022,0,0.02467232074016962,0.18303030303030304,0.4745762711864407,0.8827361563517915,0.4939516129032258,0.8608870967741935,0.9717741935483872,0.02267002518891687,0.04761904761904761,0.01107011070110701,0.5443548387096774,0.22641509433962265,0,0.00334261838440111,0.22379032258064516,0.8629032258064516,1,496
ARG300280133,América del Sur,Argentina,ARG,Villa del Rosario,Municipio,Local,2,Entre Ríos,Villa del Rosario,4401,2022,0,0.02042229145032883,0.19013698630136985,0.43014394580863674,0.8747300215982722,0.7193605683836589,0.9307282415630552,0.9920071047957372,0.01450957632037144,0.03543307086614173,0.00576131687242798,0.7060390763765542,0.11818879508825786,0.00201359174427384,0.003272086584445,0.31349911190053287,0.8543516873889876,1,1126
ARG300289135,América del Sur,Argentina,ARG,Colonia Alemana,Junta de gobierno,Local,2,Entre Ríos,Colonia Alemana,392,2022,0,0.04391891891891892,0.0989010989010989,0.3076923076923077,0.9078947368421052,0.33050847457627114,0.847457627118644,0.9322033898305084,0.01176470588235294,0.0625,0,0,0.03496503496503497,0,0,0.11016949152542373,0.9067796610169492,1,118
ARG300289143,América del Sur,Argentina,ARG,Colonia Santa María y Las Margaritas,Junta de gobierno,Local,2,Entre Ríos,Colonia Santa María y Las Margaritas,346,2022,0,0.06882591093117409,0.0625,0.4888888888888889,0.7333333333333333,0.01162790697674418,0.6627906976744186,0.8604651162790699,0.12121212121212122,0.3181818181818182,0.02272727272727272,0,0.04761904761904761,0,0,0.20930232558139536,0.813953488372093,1,86
ARG300289145,América del Sur,Argentina,ARG,Colonia Tunas,Comuna,Local,2,Entre Ríos,Colonia Tunas,110,2022,0,NA,NA,NA,NA,NA,NA,NA,NA,NA,NA,NA,NA,NA,NA,NA,NA,0,NA
ARG300289150,América del Sur,Argentina,ARG,Gualeguaycito,Comuna,Local,2,Entre Ríos,Gualeguaycito,731,2022,0,0.02570106931748695,0.1457064068239704,0.31753632658767045,0.8313004704345552,0.23824451410658304,0.8119122257053292,0.9686520376175548,0.02496438215930675,0.07655741360089185,0.00547881399106272,0,0.1074760987804466,8.695652173913e-4,0.00869565217391304,0.17045454545454544,1,1,319
ARG300289160,América del Sur,Argentina,ARG,La Fraternidad y Santa Juana,Junta de gobierno,Local,2,Entre Ríos,La Fraternidad y Santa Juana,78,2022,0,0.02904564315352697,0.07792207792207792,0.20408163265306123,0.8706896551724138,0,0.9302325581395348,0.9534883720930232,0.01652892561983471,0,0.0198019801980198,0,0.19607843137254904,0,0.00297619047619047,0.19767441860465115,0.9767441860465116,1,86
ARG300289175,América del Sur,Argentina,ARG,San Pedro,Comuna,Local,2,Entre Ríos,San Pedro,1063,2022,0,0.03019089291753397,0.09974719218864005,0.31704238983160205,0.9085305765560634,0.0758066450761665,0.8787518107417351,0.9798211863703048,0.02990868697684329,0.05208675933459122,0.02431051336154047,0,0.06263494013353893,0,0.0035486160397445,0.2652494440907539,0.9217021433646118,1,397
ARG300289180,América del Sur,Argentina,ARG,San Ramón,Junta de gobierno,Local,2,Entre Ríos,San Ramón,418,2022,0,0.03682719546742209,0.1761904761904762,0.25984251968503935,0.8372093023255814,0.00680272108843537,0.7482993197278912,0.9659863945578232,0.01129943502824858,0.0303030303030303,0.00694444444444444,0,0.12781954887218044,0.00655021834061135,0.00218340611353711,0.24489795918367344,0.9047619047619048,1,147
ARG300289185,América del Sur,Argentina,ARG,San Roque,Junta de gobierno,Local,2,Entre Ríos,San Roque,120,2022,0,0.02873563218390804,0.08490566037735849,0.375,0.97435897435897445,0,0.8983050847457628,1,0.01,0,0.0131578947368421,0,0.0625,0.0043859649122807,0,0.288135593220339,0.9661016949152542,1,59
ARG300350140,América del Sur,Argentina,ARG,Conscripto Bernardi,Municipio,Local,2,Entre Ríos,Conscripto Bernardi,1793,2022,0,0.06983511154219205,0.3277310924369748,0.3922413793103448,0.7213483146067415,0.964622641509434,0.7075471698113207,0.9221698113207548,0.02584493041749503,0.03846153846153846,0.01869158878504672,0.9787735849056604,0.5316455696202532,0,0.00472653612424037,0.2665094339622642,0.8584905660377359,1,425
ARG300350147,América del Sur,Argentina,ARG,Federal,Municipio,Local,2,Entre Ríos,Federal,21423,2022,0,0.050329967400811,0.3523372061604972,0.48433606265574936,0.7555007587253414,0.9323293172690764,0.7032128514056225,0.9664658634538152,0.06100835322195704,0.08930540242557883,0.04167712779312076,0.911847389558233,0.3878606965174129,0.00205384401887316,0.00538440188731612,0.31265060240963854,0.8409638554216867,1,4992
ARG300350154,América del Sur,Argentina,ARG,Sauce de Luna,Municipio,Local,2,Entre Ríos,Sauce de Luna,3268,2022,0,0.05989940557841793,0.360381861575179,0.39810924369747897,0.7067833698030634,0.9734888653234358,0.8186638388123011,0.9734888653234358,0.04390243902439024,0.0395778364116095,0.04643962848297214,0.9608050847457628,0.4298245614035088,3.3355570380253e-4,0.01200800533689126,0.28101802757158006,0.8441145281018028,1,947
ARG300352287,América del Sur,Argentina,ARG,El Cimarrón,Comuna,Local,2,Entre Ríos,El Cimarrón,517,2022,0,0.06320541760722348,0.2074688796680498,0.2988505747126437,0.7647058823529411,0.5666666666666667,0.5833333333333333,0.8722222222222221,0.08173076923076923,0.1346153846153846,0.0641025641025641,0.35,0.2465753424657534,0,0.02980132450331125,0.20555555555555555,0.7833333333333333,1,180
ARG300352308,América del Sur,Argentina,ARG,Nueva Vizcaya,Comuna,Local,2,Entre Ríos,Nueva Vizcaya,NA,2022,0,0.04946236559139785,0.1083916083916084,0.2569832402234637,0.8070175438596491,0.4829268292682926,0.6634146341463414,0.9073170731707316,0.08695652173913043,0.17391304347826086,0.06521739130434782,0.32195121951219513,0.18556701030927836,0.00146842878120411,0,0.14634146341463414,0.8439024390243902,1,205
ARG300359192,América del Sur,Argentina,ARG,Arroyo Las Tunas,Junta de gobierno,Local,2,Entre Ríos,Arroyo Las Tunas,127,2022,0,0.102803738317757,0.07352941176470588,0.38235294117647056,0.8333333333333334,0,0.2608695652173913,0.7826086956521738,0.03174603174603174,0.15384615384615383,0,0,0.078125,0,0,0.06521739130434782,0.8695652173913043,1,47
ARG300359193,América del Sur,Argentina,ARG,Banderas,Junta de gobierno,Local,2,Entre Ríos,Banderas,169,2022,0,0.06857142857142857,0.13725490196078433,0.15789473684210523,0.8020833333333334,0,0.18987341772151897,0.6835443037974682,0,0,0,0,0.10606060606060606,0,0.00425531914893617,0,0.8607594936708861,1,79
ARG300359195,América del Sur,Argentina,ARG,Distrito Diego López,Junta de gobierno,Local,2,Entre Ríos,Distrito Diego López,233,2022,0,0.0425531914893617,0.14705882352941177,0.2063492063492063,0.7692307692307693,0.00980392156862745,0.5588235294117646,0.911764705882353,0,0,0,0,0.10588235294117648,0,0.00353356890459363,0.1176470588235294,0.931372549019608,1,103
ARG300359205,América del Sur,Argentina,ARG,Arroyo del Medio El Gramiyal,Comuna,Local,2,Entre Ríos,Arroyo del Medio El Gramiyal,276,2022,0,0.0374830239927569,0.1803087192323738,0.41005350255070305,0.8409292102933545,0.08333333333333336,0.46875,0.8958333333333334,0.03278857025388015,0,0.04204660587639311,0,0.18368081730931513,0,0,0.09375,0.8958333333333333,1,96
ARG300359210,América del Sur,Argentina,ARG,El Gato - Loma Limpia,Junta de gobierno,Local,2,Entre Ríos,El Gato - Loma Limpia,NA,2022,0,NA,NA,NA,NA,NA,NA,NA,NA,NA,NA,NA,NA,NA,NA,NA,NA,0,NA
ARG300359220,América del Sur,Argentina,ARG,Paso Duarte,Junta de gobierno,Local,2,Entre Ríos,Paso Duarte,437,2022,0,0.02570694087403599,0.15021459227467812,0.2898550724637681,0.8704663212435233,0.0124223602484472,0.5527950310559007,0.8509316770186336,0.0048076923076923,0.025,0,0,0.1497326203208556,0,0,0.12422360248447203,0.8260869565217391,1,161
ARG300359225,América del Sur,Argentina,ARG,Santa Lucía,Junta de gobierno,Local,2,Entre Ríos,Santa Lucía,NA,2022,0,0.13953488372093023,0.06779661016949153,0.17647058823529413,0.8444444444444444,0,0.4390243902439024,0.7073170731707318,0.02272727272727272,0,0.02631578947368421,0,0.04761904761904761,0,0.00763358778625954,0.12195121951219512,0.8780487804878049,1,42
ARG300420161,América del Sur,Argentina,ARG,San José de Feliciano,Municipio,Local,2,Entre Ríos,San José de Feliciano,14410,2022,0,0.04215601434046236,0.3580425356184183,0.4333154793786824,0.7099083619702177,0.90391345847916,0.7823735284759784,0.9535475660197263,0.04320234317793507,0.05624227441285538,0.03469140782573618,0.821826280623608,0.44489541055260695,0.13753723932472692,0.00405494869248593,0.2958956411072224,0.8542793509385938,1,3151
ARG300422376,América del Sur,Argentina,ARG,San Víctor,Comuna,Local,2,Entre Ríos,San Víctor,605,2022,0,0.08713692946058091,0.13671875,0.22772277227722773,0.6575342465753424,0.5480225988700564,0.5141242937853108,0.7740112994350282,0.1368421052631579,0.2826086956521739,0.09027777777777778,0,0.1643835616438356,0.00138888888888888,0.00416666666666666,0.1016949152542373,0.7909604519774012,1,177
ARG300429230,América del Sur,Argentina,ARG,Chañar,Comuna,Local,2,Entre Ríos,Chañar,423,2022,0,0.0648978101903278,0.12788456345524085,0.1361497875619388,0.6686571263867229,0,0.3301435406698564,0.7703349282296651,0.04658925979680697,0.07022149302707137,0.04250248262164846,0,0.14480109356135815,0,0,0.09375,0.825,1,209
ARG300429235,América del Sur,Argentina,ARG,La Esmeralda,Junta de gobierno,Local,2,Entre Ríos,La Esmeralda,NA,2022,0,0.04417670682730924,0.08695652173913043,0.21782178217821785,0.7321428571428571,0,0.392156862745098,0.9509803921568628,0.03846153846153846,0.04545454545454545,0.03658536585365853,0,0.14444444444444443,0,0,0.06862745098039216,0.9215686274509804,1,102
ARG300429245,América del Sur,Argentina,ARG,La Verbena,Comuna,Local,2,Entre Ríos,La Verbena,367,2022,0,0.08039529606892341,0.1418604651162791,0.25182608695652176,0.7875210084033614,0.3703703703703704,0.4876543209876543,0.7777777777777778,0.02233970122952461,0.01071428571428571,0.02425203090945116,0,0.1579441834760984,0,0,0.10493827160493828,0.8518518518518519,1,162
ARG300429250,América del Sur,Argentina,ARG,Laguna Benítez,Junta de gobierno,Local,2,Entre Ríos,Laguna Benítez,251,2022,0,0.07023411371237458,0.1058201058201058,0.18032786885245905,0.6948051948051948,0,0.4396551724137931,0.8620689655172414,0,0,0,0,0.10891089108910892,0,0,0.09482758620689656,0.9482758620689656,1,116
ARG300490168,América del Sur,Argentina,ARG,General Galarza,Municipio,Local,2,Entre Ríos,General Galarza,5784,2022,0,0.02025732274842595,0.3896457765667575,0.543375924680565,0.8318062827225131,0.9735015772870662,0.9369085173501576,0.9949526813880126,0.03367003367003367,0.06188118811881188,0.01573564122738001,0.969735182849937,0.2660882140274765,0.00122549019607843,0.00551470588235294,0.3495268138801262,0.8372239747634069,1,1589
ARG300490175,América del Sur,Argentina,ARG,Gualeguay,Municipio,Local,2,Entre Ríos,Gualeguay,47688,2022,0,0.02716500693306441,0.4136012364760433,0.5451376280049386,0.8146379044684129,0.9491142103279306,0.8897097625329815,0.9934413871089331,0.05536504424778761,0.07900346389555023,0.03858520900321544,0.9173765548435732,0.27574276043625423,0.00209258527284986,0.0079518240368295,0.4044477949491142,0.8403316999623068,1,13291
ARG300492383,América del Sur,Argentina,ARG,Aldea Asunción,Comuna,Local,2,Entre Ríos,Aldea Asunción,452,2022,0,0.0284090909090909,0.1391304347826087,0.25925925925925924,0.7961783439490446,0.2670807453416149,0.38509316770186336,0.9503105590062112,0.0125,0.02857142857142857,0.008,0,0.09174311926605504,0,0,0.14285714285714285,0.8260869565217391,1,161
ARG300492411,América del Sur,Argentina,ARG,Distrito Sexto,Comuna,Local,2,Entre Ríos,Distrito Sexto,798,2022,0,0.0351493848857645,0.14195583596214512,0.2412280701754386,0.6769911504424779,0.02678571428571428,0.4866071428571429,0.9196428571428572,0.01442307692307692,0.01818181818181818,0.0130718954248366,0,0.22388059701492535,0,0,0.18303571428571427,0.9107142857142856,1,224
ARG300499275,América del Sur,Argentina,ARG,Distrito Cuarto,Junta de gobierno,Local,2,Entre Ríos,Distrito Cuarto,NA,2022,0,NA,NA,NA,NA,NA,NA,NA,NA,NA,NA,NA,NA,NA,NA,NA,NA,0,NA
ARG300499280,América del Sur,Argentina,ARG,Distrito Primero,Junta de gobierno,Local,2,Entre Ríos,Distrito Primero,250,2022,0,0.02577319587628866,0.2307692307692308,0.5833333333333334,0.8977272727272727,0.0119047619047619,0.5119047619047619,0.9523809523809524,0.02479338842975206,0.07142857142857142,0,0,0.07142857142857142,0,0.00829875518672199,0.13095238095238096,0.9285714285714286,1,84
ARG300499285,América del Sur,Argentina,ARG,Distrito Quinto,Junta de gobierno,Local,2,Entre Ríos,Distrito Quinto,NA,2022,0,NA,NA,NA,NA,NA,NA,NA,NA,NA,NA,NA,NA,NA,NA,NA,NA,0,NA
ARG300499295,América del Sur,Argentina,ARG,Estación Lazo,Junta de gobierno,Local,2,Entre Ríos,Estación Lazo,NA,2022,0,0.06598984771573604,0.1794871794871795,0.4358974358974359,0.8352941176470589,0.5657894736842105,0.6447368421052633,0.9736842105263158,0.04761904761904761,0.1176470588235294,0.01408450704225352,0,0.11904761904761904,0,0.03435114503816794,0.2631578947368421,0.9342105263157896,1,76
ARG300499300,América del Sur,Argentina,ARG,González Calderón,Junta de gobierno,Local,2,Entre Ríos,González Calderón,NA,2022,0,NA,NA,NA,NA,NA,NA,NA,NA,NA,NA,NA,NA,NA,NA,NA,NA,0,NA
ARG300499302,América del Sur,Argentina,ARG,Islas Las Lechiguanas,Junta de gobierno,Local,2,Entre Ríos,Islas Las Lechiguanas,180,2022,0.6898174985490707,0.15656565656565655,0.03508771929824561,0.05769230769230769,0.9133858267716536,0.08333333333333333,0.00925925925925925,0.7314814814814815,0.00840336134453781,0,0.00862068965517241,0.5185185185185185,0.05084745762711865,0.00383141762452107,0,0,0.8425925925925926,1,108
ARG300499305,América del Sur,Argentina,ARG,Monte Redondo,Junta de gobierno,Local,2,Entre Ríos,Monte Redondo,NA,2022,0,NA,NA,NA,NA,NA,NA,NA,NA,NA,NA,NA,NA,NA,NA,NA,NA,0,NA
ARG300499310,América del Sur,Argentina,ARG,Albardon - Punta Del Monte,Junta de gobierno,Local,2,Entre Ríos,Albardon - Punta Del Monte,NA,2022,0,NA,NA,NA,NA,NA,NA,NA,NA,NA,NA,NA,NA,NA,NA,NA,NA,0,NA
ARG300560182,América del Sur,Argentina,ARG,Aldea San Antonio,Municipio,Local,2,Entre Ríos,Aldea San Antonio,1723,2022,0,0.01635111876075731,0.29376854599406527,0.5355450236966824,0.9256900212314224,0.7393075356415478,0.914460285132383,0.9959266802443992,0.04682779456193353,0.06637168141592921,0.03669724770642202,0.7393075356415478,0.1925287356321839,0,0.01136363636363636,0.34012219959266804,0.8757637474541752,1,495
ARG300560184,América del Sur,Argentina,ARG,Enrique Carbó,Municipio,Local,2,Entre Ríos,Enrique Carbó,1326,2022,0,0.03010033444816053,0.27559055118110237,0.35924932975871315,0.8412698412698413,0.6105263157894737,0.5394736842105263,0.9657894736842104,0.03097345132743362,0.03731343283582089,0.02830188679245283,0.5921052631578947,0.19749216300940436,0.01251042535446205,8.3402835696413e-4,0.22631578947368425,0.8421052631578947,1,380
ARG300560185,América del Sur,Argentina,ARG,Gilbert,Municipio,Local,2,Entre Ríos,Gilbert,1012,2022,0,0.0288582183186951,0.2827586206896552,0.4551724137931034,0.8348348348348348,0.8764705882352941,0.6441176470588235,0.9823529411764704,0.03170731707317073,0.06060606060606061,0.01798561151079136,0.9088235294117648,0.3055555555555555,9.1157702825888e-4,9.1157702825888e-4,0.26176470588235295,0.7794117647058824,1,342
ARG300560189,América del Sur,Argentina,ARG,Gualeguaychú,Municipio,Local,2,Entre Ríos,Gualeguaychú,94780,2022,0.9732204317078592,0.01338996239138892,0.49600103199174406,0.5515299418058945,0.8323552123552124,0.9209343766948168,0.9408073138606958,0.99767567986364,0.07451445596998454,0.1104152484683458,0.0500510251414788,0.9347480927855012,0.2980777787665747,0.00434630804608772,0.00804247583043378,0.4931045169287983,0.859146199736577,1,25871
ARG300560196,América del Sur,Argentina,ARG,Larroque,Municipio,Local,2,Entre Ríos,Larroque,7596,2022,0,0.01666666666666666,0.42475809142475807,0.5290476190476191,0.8564331843020367,0.9821792260692463,0.8788187372708758,0.9964358452138492,0.03562610229276896,0.0522052205220522,0.02494199535962877,0.9557251908396946,0.2491103202846975,0.00184871360345093,0.00462178400862733,0.4862525458248472,0.9032586558044806,1,1967
ARG300560199,América del Sur,Argentina,ARG,Pueblo General Belgrano,Municipio,Local,2,Entre Ríos,Pueblo General Belgrano,3638,2022,0.7884199965868113,0.01802884615384615,0.4856879039704525,0.5813953488372093,0.8605898123324397,0.8736559139784946,0.7258064516129032,0.9986559139784946,0.06429942418426103,0.1025,0.04049844236760124,0.9210174029451138,0.28013029315960913,0.00274223034734917,0.0159963436928702,0.4973118279569893,0.913978494623656,1,748
ARG300560203,América del Sur,Argentina,ARG,Urdinarrain,Municipio,Local,2,Entre Ríos,Urdinarrain,10315,2022,0,0.01591473207767557,0.43115403665180785,0.569225119353654,0.8592592592592593,0.960223537146614,0.9237343852728468,0.9967126890203812,0.02960361264425489,0.04903225806451613,0.01724137931034482,0.928336620644313,0.2695547533092659,0.00166021029330381,0.00564471499723298,0.4266929651545036,0.8685075608152532,1,3049
ARG300562453,América del Sur,Argentina,ARG,Aldea San Juan,Comuna,Local,2,Entre Ríos,Aldea San Juan,307,2022,0,0.03508771929824561,0.15254237288135594,0.3069306930693069,0.8897058823529411,0.4705882352941176,0.6638655462184874,0.9747899159663864,0.0131578947368421,0.03225806451612903,0.00826446280991735,0,0.06329113924050633,0,0,0.24369747899159663,0.8739495798319328,1,119
ARG300562512,América del Sur,Argentina,ARG,Faustino M. Parera Pastor Britos,Comuna,Local,2,Entre Ríos,Faustino M. Parera Pastor Britos,367,2022,0,0.0668435494256468,0.2123986307978589,0.3528766769865841,0.7342621259029929,0.6472836472836473,0.26371826371826373,0.9635544635544636,0.02930622009569377,0.03907496012759171,0.02604997341839447,0.07316407316407317,0.2391056720602839,0,0.01169590643274853,0.15506415506415508,0.8812448812448813,1,111
ARG300562526,América del Sur,Argentina,ARG,Irazusta,Comuna,Local,2,Entre Ríos,Irazusta,366,2022,0,0.03461538461538462,0.29285714285714287,0.29545454545454547,0.6388888888888888,0.9478260869565216,0.591304347826087,0.982608695652174,0.04210526315789473,0,0.05797101449275362,0.9565217391304348,0.296875,0,0.01269841269841269,0.23478260869565215,0.7130434782608696,1,115
ARG300569325,América del Sur,Argentina,ARG,Costa San Antonio,Junta de gobierno,Local,2,Entre Ríos,Costa San Antonio,NA,2022,0,NA,NA,NA,NA,NA,NA,NA,NA,NA,NA,NA,NA,NA,NA,NA,NA,0,NA
ARG300569330,América del Sur,Argentina,ARG,Costa Uruguay Norte,Junta de gobierno,Local,2,Entre Ríos,Costa Uruguay Norte,63,2022,0,0.02469135802469135,0.0967741935483871,0.23636363636363636,0.581081081081081,0.0131578947368421,0.8026315789473685,1,0.01785714285714285,0.07692307692307693,0,0,0.10638297872340426,0,0,0.15789473684210523,0.9473684210526316,1,76
ARG300569335,América del Sur,Argentina,ARG,Costa Uruguay Sur,Junta de gobierno,Local,2,Entre Ríos,Costa Uruguay Sur,NA,2022,0,NA,NA,NA,NA,NA,NA,NA,NA,NA,NA,NA,NA,NA,NA,NA,NA,0,NA
ARG300569340,América del Sur,Argentina,ARG,Cuchilla Redonda,Junta de gobierno,Local,2,Entre Ríos,Cuchilla Redonda,83,2022,0,0.05042016806722689,0.3918918918918919,0.175,0.8484848484848485,0.2916666666666667,0.375,0.9375,0.01587301587301587,0,0.01785714285714285,0,0.075,0,0.0065359477124183,0.2708333333333333,0.8333333333333334,1,48
ARG300569345,América del Sur,Argentina,ARG,Distrito Talitas,Junta de gobierno,Local,2,Entre Ríos,Distrito Talitas,62,2022,0,0.02586206896551724,0.109375,0.2647058823529412,0.660377358490566,0,0.2222222222222222,0.9259259259259258,0.04545454545454545,0.1111111111111111,0.02857142857142857,0,0.14285714285714285,0,0,0.14814814814814814,0.8333333333333334,1,54
ARG300569355,América del Sur,Argentina,ARG,Estación Escriña,Junta de gobierno,Local,2,Entre Ríos,Estación Escriña,81,2022,0,0.05263157894736842,0.24242424242424243,0.23809523809523808,0.8285714285714286,0.3962264150943397,0.8301886792452831,1,0,0,0,0,0.15384615384615383,0,0,0.18867924528301888,0.9056603773584906,1,53
ARG300569365,América del Sur,Argentina,ARG,General Almada,Comuna,Local,2,Entre Ríos,General Almada,194,2022,0,0.02285714285714285,0.1523809523809524,0.2903225806451613,0.8552631578947368,0.6625,0.55,0.9875,0.02409638554216867,0.05555555555555555,0.01538461538461538,0.4625,0.1320754716981132,0,0,0.35,0.8125,1,80
ARG300569375,América del Sur,Argentina,ARG,Las Mercedes,Junta de gobierno,Local,2,Entre Ríos,Las Mercedes,91,2022,0,0.0273972602739726,0.15789473684210523,0.3888888888888889,0.7666666666666667,0.21621621621621623,0.24324324324324328,0.9189189189189187,0,0,0,0,0.13636363636363635,0,0,0.10810810810810811,0.8918918918918919,1,37
ARG300569385,América del Sur,Argentina,ARG,Perdices,Junta de gobierno,Local,2,Entre Ríos,Perdices,NA,2022,0,NA,NA,NA,NA,NA,NA,NA,NA,NA,NA,NA,NA,NA,NA,NA,NA,0,NA
ARG300569395,América del Sur,Argentina,ARG,Rincón del Cinto,Junta de gobierno,Local,2,Entre Ríos,Rincón del Cinto,60,2022,0,0,0.17073170731707318,0.34782608695652173,0.9642857142857144,0,0.7096774193548386,1,0.11428571428571428,0.25,0.07407407407407407,0,0,0,0,0.0967741935483871,0.935483870967742,1,31
ARG300569400,América del Sur,Argentina,ARG,Rincón del Gato,Junta de gobierno,Local,2,Entre Ríos,Rincón del Gato,32,2022,0,0.03448275862068965,0.14285714285714285,0.42857142857142855,1,0,0.6,1,0,0,0,0,0.07692307692307693,0.02777777777777777,0.02777777777777777,0.06666666666666667,1,1,15
ARG300630210,América del Sur,Argentina,ARG,Ceibas,Municipio,Local,2,Entre Ríos,Ceibas,2551,2022,0,0.08014247551202137,0.18397626112759644,0.35181644359464626,0.8292682926829268,0.9691629955947136,0.5925110132158591,0.986784140969163,0.0929054054054054,0.19021739130434784,0.04901960784313725,0.9691629955947136,0.38596491228070173,0.00225606316976875,0.01071630005640158,0.22687224669603523,0.8964757709251101,1,459
ARG300630217,América del Sur,Argentina,ARG,Ibicuy,Municipio,Local,2,Entre Ríos,Ibicuy,5682,2022,0,0.03424657534246575,0.3560311284046693,0.39864864864864863,0.7550881953867028,0.923076923076923,0.7171945701357466,0.9834087481146304,0.06635349383440986,0.09830508474576272,0.04941599281221923,0.806184012066365,0.4246339362618433,0,0.00693877551020408,0.3220211161387632,0.8763197586726998,1,1337
ARG300630224,América del Sur,Argentina,ARG,Villa Paranacito,Municipio,Local,2,Entre Ríos,Villa Paranacito,4748,2022,0,0.04359400998336106,0.3348339898705684,0.46373268133659334,0.8296130952380952,0.3549920760697306,0.615689381933439,0.9413629160063391,0.03800475059382423,0.06678383128295255,0.02331838565022421,0.5,0.41166936790923825,7.1174377224199e-4,0.01115065243179122,0.29952456418383516,0.9072900158478604,1,1274
ARG300639405,América del Sur,Argentina,ARG,Médanos,Comuna,Local,2,Entre Ríos,Médanos,643,2022,0,0.06005221932114883,0.2033195020746888,0.4228571428571429,0.7650602409638554,0.7318435754189944,0.4972067039106145,0.9664804469273744,0.08955223880597014,0.10810810810810811,0.07874015748031496,0,0.3125,0.00348432055749128,0.00348432055749128,0.15083798882681565,0.888268156424581,1,179
ARG300639410,América del Sur,Argentina,ARG,Ñancay,Junta de gobierno,Local,2,Entre Ríos,Ñancay,NA,2022,0,NA,NA,NA,NA,NA,NA,NA,NA,NA,NA,NA,NA,NA,NA,NA,NA,0,NA
ARG300700231,América del Sur,Argentina,ARG,Alcaraz,Municipio,Local,2,Entre Ríos,Alcaraz,2935,2022,0,0.05077010838562464,0.26433430515063167,0.43435754189944137,0.8002610966057441,0.9496503496503496,0.9006993006993007,0.9566433566433566,0.05086580086580086,0.08038585209003216,0.03588907014681892,0.951048951048951,0.33503401360544216,0.0577967416602017,0.00620636152055857,0.2111888111888112,0.8923076923076924,1,716
ARG300700238,América del Sur,Argentina,ARG,Bovril,Municipio,Local,2,Entre Ríos,Bovril,9619,2022,0,0.04406561595368286,0.38128909437041064,0.5136116152450091,0.7632175226586103,0.9816775244299674,0.9328175895765471,0.9812703583061888,0.03463329452852153,0.04169611307420495,0.02968827313211281,0.9535830618892508,0.3646551724137931,0.03219567690557452,0.00967007963594994,0.3562703583061889,0.8578990228013029,1,2462
ARG300700245,América del Sur,Argentina,ARG,La Paz,Municipio,Local,2,Entre Ríos,La Paz,30875,2022,0,0.03710492695661834,0.3857940035940603,0.5018960244648318,0.7636849132176236,0.9818361025063362,0.739791607997747,0.9746550267530272,0.04917031456785096,0.07067999025103583,0.03374125874125874,0.912865990990991,0.3704923173408592,0.03673279603223806,0.009221946683199,0.3437059983103351,0.8414531117994931,1,7121
ARG300700252,América del Sur,Argentina,ARG,Piedras Blancas,Municipio,Local,2,Entre Ríos,Piedras Blancas,2084,2022,0,0.05003849114703618,0.3221024258760108,0.3490909090909091,0.6861063464837049,0.8693957115009747,0.760233918128655,0.9473684210526316,0.05236486486486486,0.08854166666666667,0.035,0.7641325536062378,0.3986784140969163,0.04470854555744199,0.00282965478211658,0.3469785575048733,0.8518518518518519,1,513
ARG300700255,América del Sur,Argentina,ARG,San Gustavo,Municipio,Local,2,Entre Ríos,San Gustavo,1986,2022,0,0.07014542343883662,0.29204892966360857,0.3467741935483871,0.7582846003898636,0.7985781990521327,0.4312796208530806,0.9549763033175356,0.0338680926916221,0.0755813953488372,0.01542416452442159,0.7914691943127962,0.4362745098039216,0.00185414091470951,0.00556242274412855,0.2014218009478673,0.8862559241706162,1,423
ARG300700259,América del Sur,Argentina,ARG,Santa Elena,Municipio,Local,2,Entre Ríos,Santa Elena,20470,2022,0,0.03633387888707037,0.340463953326851,0.3509933774834437,0.5847070506454817,0.9545740004186728,0.8934477705673017,0.9788570232363408,0.08807339449541285,0.10402855685874554,0.07744565217391304,0.8808875863512665,0.47230320699708456,0.05317899681261533,0.0123021864340435,0.27402135231316727,0.8143186100062801,1,4784
ARG300702596,América del Sur,Argentina,ARG,Colonia Avigdor,Comuna,Local,2,Entre Ríos,Colonia Avigdor,685,2022,0,0.09574468085106384,0.1875,0.2708333333333333,0.7389162561576355,0.726775956284153,0.6338797814207651,0.912568306010929,0.01485148514851485,0.01923076923076923,0.01333333333333333,0.7377049180327869,0.3150684931506849,0,0,0.19672131147540983,0.8415300546448088,1,183
"ARG300702638,América del Sur,Argentina,ARG,""El Solar, San Carlos y Colonia Bertozzi"",Comuna,Local,2,Entre Ríos,El Solar,644,2022,0,0.06233062330623306,0.25,0.2972972972972973,0.8083832335329342,0.4539473684210526,0.611842105263158,0.9276315789473684,0.0111731843575419,0.04545454545454545,0,0.46710526315789475,0.2857142857142857,0.01123595505617977,0.00374531835205992,0.25,0.9210526315789472,1,152"
ARG300702666,América del Sur,Argentina,ARG,Ombú,Comuna,Local,2,Entre Ríos,Ombú,523,2022,0,0.1072961373390558,0.2196969696969697,0.20408163265306123,0.6481481481481481,0.6931818181818182,0.7954545454545454,0.8295454545454546,0.01111111111111111,0,0.01428571428571428,0.6931818181818182,0.3333333333333333,0.04953560371517028,0,0.17045454545454544,0.8409090909090909,1,88
ARG300709415,América del Sur,Argentina,ARG,Alcaraz Norte,Junta de gobierno,Local,2,Entre Ríos,Alcaraz Norte,243,2022,0,0.072992700729927,0.12658227848101267,0.3125,0.7894736842105263,0.17543859649122806,0.5263157894736842,0.8947368421052632,0.03333333333333333,0,0.04444444444444444,0,0.4,0,0,0.03508771929824561,0.8421052631578947,1,57
ARG300709420,América del Sur,Argentina,ARG,Alcaraz Sur,Junta de gobierno,Local,2,Entre Ríos,Alcaraz Sur,385,2022,0,0.05128205128205128,0.16265060240963855,0.2956521739130435,0.7737226277372263,0.05042016806722689,0.5966386554621849,0.9327731092436976,0.00714285714285714,0.02941176470588235,0,0.21008403361344535,0.1794871794871795,0.10462287104622872,0,0.24369747899159663,0.9411764705882352,1,120
ARG300709430,América del Sur,Argentina,ARG,Colonia Carrasco,Junta de gobierno,Local,2,Entre Ríos,Colonia Carrasco,97,2022,0,0.01234567901234567,0.205607476635514,0.2982456140350877,0.9,0,0.6031746031746033,0.9365079365079364,0,0,0,0,0.1794871794871795,0.1509433962264151,0,0.2222222222222222,0.9365079365079364,1,63
ARG300709435,América del Sur,Argentina,ARG,Colonia Oficial N° 13,Junta de gobierno,Local,2,Entre Ríos,Colonia Oficial N° 13,NA,2022,0,NA,NA,NA,NA,NA,NA,NA,NA,NA,NA,NA,NA,NA,NA,NA,NA,0,NA
ARG300709440,América del Sur,Argentina,ARG,Colonia Oficial Nº 3 y 14,Junta de gobierno,Local,2,Entre Ríos,Colonia Oficial Nº 3 y 14,302,2022,0,0.05806451612903226,0.10989010989010987,0.16666666666666666,0.8043478260869565,0,0.5963302752293578,0.834862385321101,0.08333333333333333,0.3333333333333333,0.03603603603603603,0,0.20987654320987653,0,0,0.13761467889908258,0.9174311926605504,1,109
ARG300709445,América del Sur,Argentina,ARG,Colonia Viraró,Junta de gobierno,Local,2,Entre Ríos,Colonia Viraró,36,2022,0,0.08333333333333333,0.04761904761904761,0.38461538461538464,0.7333333333333333,0.0625,0.375,0.8125,0,0,0,0,0,0,0,0.0625,1,1,16
ARG300709450,América del Sur,Argentina,ARG,El Quebracho,Junta de gobierno,Local,2,Entre Ríos,El Quebracho,241,2022,0,0.13414634146341464,0.18604651162790695,0.1095890410958904,0.5774647887323944,0.791044776119403,0.05970149253731343,0.8208955223880597,0,0,0,0,0.1944444444444444,0,0,0.1044776119402985,0.746268656716418,1,67
ARG300709460,América del Sur,Argentina,ARG,Estaquitas,Junta de gobierno,Local,2,Entre Ríos,Estaquitas,288,2022,0,0.06692913385826772,0.21052631578947367,0.20952380952380953,0.7363636363636363,0.0588235294117647,0.40196078431372545,0.8333333333333334,0.02912621359223301,0.04545454545454545,0.02469135802469135,0,0.1,0.0053050397877984,0.0053050397877984,0.2352941176470588,0.8921568627450981,1,102
ARG300709465,América del Sur,Argentina,ARG,La Providencia,Junta de gobierno,Local,2,Entre Ríos,La Providencia,320,2022,0,0.04385964912280701,0.3106060606060606,0.32222222222222224,0.7428571428571429,0.1827956989247312,0.4946236559139785,0.913978494623656,0.11214953271028036,0.2413793103448276,0.0641025641025641,0,0.19298245614035087,0,0,0.25806451612903225,0.9032258064516128,1,93
ARG300709470,América del Sur,Argentina,ARG,Las Toscas,Junta de gobierno,Local,2,Entre Ríos,Las Toscas,NA,2022,0,NA,NA,NA,NA,NA,NA,NA,NA,NA,NA,NA,NA,NA,NA,NA,NA,0,NA
ARG300709480,América del Sur,Argentina,ARG,Picada Berón,Junta de gobierno,Local,2,Entre Ríos,Picada Berón,137,2022,0,0.03816793893129771,0.14457831325301204,0.32142857142857145,0.6363636363636364,0.24561403508771928,0.5789473684210527,0.7543859649122806,0.13333333333333333,0.2222222222222222,0.09523809523809525,0,0.15,0,0,0.17543859649122806,0.8596491228070176,1,57
ARG300709485,América del Sur,Argentina,ARG,Puerto Algarrobo,Comuna,Local,2,Entre Ríos,Puerto Algarrobo,173,2022,0,0.06938775510204082,0.08783783783783784,0.18518518518518515,0.6696428571428571,0.5,0.27884615384615385,0.6923076923076923,0.1,0.2,0.08,0,0.2542372881355932,0,0,0.08653846153846154,0.8365384615384616,1,104
ARG300709495,América del Sur,Argentina,ARG,San Ramírez,Junta de gobierno,Local,2,Entre Ríos,San Ramírez,202,2022,0,0.09420289855072464,0.1282051282051282,0.21428571428571427,0.6461538461538462,0.37254901960784315,0.6470588235294118,0.8823529411764707,0.01851851851851851,0,0.0238095238095238,0,0.2571428571428571,0,0.01492537313432835,0.0588235294117647,0.8823529411764706,1,51
ARG300709497,América del Sur,Argentina,ARG,Saucecito,Junta de gobierno,Local,2,Entre Ríos,Saucecito,167,2022,0,0.10619469026548672,0.08974358974358974,0.17777777777777778,0.9375,0.02127659574468085,0.6808510638297872,0.7872340425531915,0.01470588235294117,0,0.01666666666666666,0,0.08333333333333333,0.0213903743315508,0,0.06382978723404255,0.9148936170212766,1,47
ARG300709500,América del Sur,Argentina,ARG,Sir Leonard,Comuna,Local,2,Entre Ríos,Sir Leonard,430,2022,0,0.0905511811023622,0.18571428571428572,0.31313131313131315,0.7155172413793104,0.4722222222222222,0.5185185185185185,0.8796296296296297,0.03508771929824561,0,0.04819277108433735,0,0.3472222222222222,0.0136986301369863,0,0.06481481481481481,0.8425925925925926,1,108
ARG300709505,América del Sur,Argentina,ARG,Yacaré,Junta de gobierno,Local,2,Entre Ríos,Yacaré,410,2022,0,0.0943952802359882,0.14917127071823205,0.2015503875968992,0.6890243902439024,0.025,0.3333333333333333,0.8750000000000001,0.03597122302158273,0.03846153846153846,0.03539823008849557,0,0.13043478260869565,0.02862985685071574,0,0.09166666666666666,0.85,1,120
ARG300709510,América del Sur,Argentina,ARG,Yeso Oeste,Junta de gobierno,Local,2,Entre Ríos,Yeso Oeste,643,2022,0,0.05637254901960784,0.13901345291479822,0.3081761006289308,0.7135416666666666,0.27976190476190477,0.4047619047619047,0.7857142857142857,0.01075268817204301,0.02040816326530612,0.0072992700729927,0,0.21768707482993196,0,0.01490066225165562,0.125,0.8988095238095238,1,168
ARG300770266,América del Sur,Argentina,ARG,Villa Aranguren,Municipio,Local,2,Entre Ríos,Villa Aranguren,2165,2022,0,0.02230215827338129,0.33826879271070615,0.48063380281690143,0.8351822503961965,0.8431703204047217,0.8145025295109614,0.9898819561551434,0.0325,0.05860805860805861,0.01897533206831119,0.8684654300168634,0.20925925925925928,0,0.01863684771033014,0.3305227655986509,0.863406408094435,1,593
ARG300770273,América del Sur,Argentina,ARG,Villa Sabá Z. Hernández,Municipio,Local,2,Entre Ríos,Villa Sabá Z. Hernández,2023,2022,0,0.01444043321299639,0.3948019801980198,0.5084745762711864,0.8324607329842932,0.8959627329192547,0.8618012422360248,0.9906832298136644,0.03614457831325301,0.05925925925925926,0.0230607966457023,0.9114906832298136,0.3653444676409186,0,0.01173184357541899,0.31521739130434784,0.8618012422360248,1,644
ARG300770280,América del Sur,Argentina,ARG,Lucas González,Municipio,Local,2,Entre Ríos,Lucas González,5044,2022,0,0.01611990950226244,0.3858942065491184,0.5191335740072203,0.8048069919883467,0.9676375404530744,0.7482200647249191,0.994822006472492,0.02905701754385965,0.03755215577190542,0.02352941176470588,0.941747572815534,0.38468309859154926,6.5387968613775e-4,0.01155187445510026,0.29320388349514565,0.7974110032362459,1,1548
ARG300770287,América del Sur,Argentina,ARG,Nogoyá,Municipio,Local,2,Entre Ríos,Nogoyá,27372,2022,0,0.01988962979995401,0.46735198933942507,0.5500603136308806,0.8130471618186953,0.9806201550387597,0.9036544850498338,0.9896179401993356,0.04421009937132427,0.06700779727095517,0.02796109760333449,0.941029900332226,0.3438399757539021,0.00223609821955953,0.00637077039912243,0.37763012181616834,0.8478682170542635,1,7240
ARG300772780,América del Sur,Argentina,ARG,Don Cristóbal II,Comuna,Local,2,Entre Ríos,Don Cristóbal II,616,2022,0,0.01776198934280639,0.21220930232558136,0.37383177570093457,0.7865612648221344,0.2600896860986547,0.4260089686098655,0.968609865470852,0.04659498207885305,0.075,0.03517587939698492,0,0.2702702702702703,0,0.00272108843537414,0.2600896860986547,0.9103139013452914,1,223
ARG300772787,América del Sur,Argentina,ARG,Febre,Comuna,Local,2,Entre Ríos,Febre,322,2022,0,0.04666666666666667,0.18134715025906736,0.26732673267326734,0.7902097902097902,0.5289855072463768,0.18840579710144928,0.9057971014492754,0.04285714285714286,0.03703703703703703,0.04424778761061947,0,0.19387755102040816,0.00785340314136125,0,0.14492753623188406,0.8333333333333334,1,138
ARG300772808,América del Sur,Argentina,ARG,XX de Septiembre,Comuna,Local,2,Entre Ríos,XX de Septiembre,544,2022,0,0.02507836990595611,0.3333333333333333,0.49572649572649574,0.8344827586206897,0.4275362318840579,0.4130434782608695,0.9130434782608696,0.0223463687150838,0.05172413793103448,0.00826446280991735,0,0.1926605504587156,0,0,0.2536231884057971,0.8260869565217391,1,138
ARG300779515,América del Sur,Argentina,ARG,Aldea San Miguel,Junta de gobierno,Local,2,Entre Ríos,Aldea San Miguel,305,2022,0,0.0131578947368421,0.2119205298013245,0.3333333333333333,0.8653846153846154,0.21505376344086025,0.5376344086021505,1,0.04065040650406504,0.12121212121212122,0.01111111111111111,0,0.12,0,0,0.3118279569892473,0.978494623655914,1,93
ARG300779520,América del Sur,Argentina,ARG,Betbeder,Comuna,Local,2,Entre Ríos,Betbeder,461,2022,0,0.01020408163265306,0.2413793103448276,0.4428571428571429,0.8349514563106796,0.5675675675675675,0.24324324324324328,0.9864864864864864,0.03418803418803419,0.12903225806451613,0,0,0.11594202898550723,0,0,0.1891891891891892,0.9324324324324323,1,74
ARG300779525,América del Sur,Argentina,ARG,Crucesitas Octava,Junta de gobierno,Local,2,Entre Ríos,Crucesitas Octava,654,2022,0,0.03733766233766233,0.1111111111111111,0.3659574468085106,0.7661870503597122,0.02419354838709677,0.2620967741935484,0.9112903225806452,0.01337792642140468,0.02325581395348837,0.00938967136150234,0,0.18791946308724833,0,0.00124069478908188,0.16129032258064516,0.907258064516129,1,248
ARG300779530,América del Sur,Argentina,ARG,Crucesitas Séptima,Junta de gobierno,Local,2,Entre Ríos,Crucesitas Séptima,NA,2022,0,NA,NA,NA,NA,NA,NA,NA,NA,NA,NA,NA,NA,NA,NA,NA,NA,0,NA
ARG300779535,América del Sur,Argentina,ARG,Crucesitas Tercera,Junta de gobierno,Local,2,Entre Ríos,Crucesitas Tercera,NA,2022,0,NA,NA,NA,NA,NA,NA,NA,NA,NA,NA,NA,NA,NA,NA,NA,NA,0,NA
ARG300779540,América del Sur,Argentina,ARG,Distrito Chiqueros,Junta de gobierno,Local,2,Entre Ríos,Distrito Chiqueros,132,2022,0,0.01986754966887417,0.13725490196078433,0.3703703703703703,0.8513513513513513,0.07575757575757576,0.21212121212121213,0.9696969696969696,0.01204819277108433,0.05,0,0,0.4,0.01052631578947368,0,0.09090909090909093,0.9242424242424242,1,67
ARG300779543,América del Sur,Argentina,ARG,Distrito Sauce,Junta de gobierno,Local,2,Entre Ríos,Distrito Sauce,NA,2022,0,NA,NA,NA,NA,NA,NA,NA,NA,NA,NA,NA,NA,NA,NA,NA,NA,0,NA
ARG300779545,América del Sur,Argentina,ARG,Don Cristóbal I,Comuna,Local,2,Entre Ríos,Don Cristóbal I,349,2022,0,0.0121580547112462,0.2216981132075472,0.4830508474576271,0.8866666666666667,0,0.2962962962962963,0.7851851851851852,0.05263157894736842,0.10526315789473684,0.03007518796992481,0,0.13861386138613865,0,0,0.1925925925925926,0.8296296296296296,1,135
ARG300779560,América del Sur,Argentina,ARG,Justo José de Urquiza,Junta de gobierno,Local,2,Entre Ríos,Justo José de Urquiza,354,2022,0,0.05679012345679012,0.1900826446280992,0.19745222929936307,0.6096256684491979,0,0.35064935064935066,0.8376623376623377,0.04827586206896552,0.0967741935483871,0.03508771929824561,0,0.40540540540540543,0,0,0.14285714285714285,0.8311688311688312,1,154
ARG300779565,América del Sur,Argentina,ARG,Laurencena,Junta de gobierno,Local,2,Entre Ríos,Laurencena,163,2022,0,0.05681818181818181,0.1885245901639344,0.4142857142857143,0.6666666666666666,0,0.22666666666666668,0.92,0.01149425287356321,0,0.01724137931034482,0,0.3142857142857143,0,0,0.16,0.92,1,75
ARG300840294,América del Sur,Argentina,ARG,Cerrito,Municipio,Local,2,Entre Ríos,Cerrito,6266,2022,0,0.01040703052728954,0.5251501501501501,0.5558598028477546,0.8183881952326901,0.9682912507339988,0.9577216676453318,0.995302407516148,0.03744403744403744,0.04827586206896552,0.02981969486823855,0.8978273634762184,0.3623468729851709,0.00249509891284975,0.00677241133487791,0.4803288314738696,0.8954785672342924,1,1710
ARG300840297,América del Sur,Argentina,ARG,Colonia Avellaneda,Municipio,Local,2,Entre Ríos,Colonia Avellaneda,9304,2022,0.9947167354331796,0.01396396396396396,0.4485344239945467,0.5535889872173058,0.8561643835616438,0.9308390022675735,0.3832199546485261,0.9954648526077098,0.05285118219749652,0.0905861456483126,0.02857142857142857,0.9342403628117912,0.3184713375796178,0.00514304082288653,0.02250080360012857,0.41723356009070295,0.9126984126984128,1,882
ARG300840301,América del Sur,Argentina,ARG,Crespo,Municipio,Local,2,Entre Ríos,Crespo,24394,2022,0,0.0109188429857608,0.4640562248995984,0.5860472064535405,0.8763806929944016,0.979871912168344,0.9603537663921928,0.9980176883196096,0.03108594956253217,0.05556971705327555,0.01450276243093922,0.9591463414634146,0.18499754861905535,0.00225955398369191,0.0114451321347873,0.4984751448612382,0.8932601402866728,1,6570
ARG300840308,América del Sur,Argentina,ARG,Hasenkamp,Municipio,Local,2,Entre Ríos,Hasenkamp,5579,2022,0,0.03131808278867102,0.43422222222222223,0.5134615384615384,0.8044041450777202,0.9797160243407708,0.9546991210277216,0.9945909398242057,0.04503181595692609,0.06491885143570537,0.0322061191626409,0.9790398918187964,0.3305084745762712,8.0726538849646e-4,0.00746720484359233,0.35294117647058826,0.8620689655172413,1,1482
ARG300840315,América del Sur,Argentina,ARG,Hernandarias,Municipio,Local,2,Entre Ríos,Hernandarias,6539,2022,0,0.03814973772055317,0.3634554140127389,0.4419134396355353,0.7335544499723604,0.9626006904487916,0.8158803222094361,0.969505178365938,0.04041844983357109,0.06958762886597938,0.02336096458176337,0.8883774453394706,0.3743386243386243,0.00292347377472055,0.01289767841788478,0.32623705408515535,0.8452243958573072,1,1745
ARG300840322,América del Sur,Argentina,ARG,María Grande,Municipio,Local,2,Entre Ríos,María Grande,9288,2022,0,0.02263829787234042,0.4163150492264416,0.5530748139443792,0.8063209076175041,0.9858392336526448,0.9042065805914205,0.990420658059142,0.05085243974132863,0.06515580736543909,0.0407035175879397,0.9821576763485476,0.34692028985507245,7.7319587628865e-4,0.00734536082474226,0.3536026655560183,0.8525614327363599,1,2413
ARG300840329,América del Sur,Argentina,ARG,Oro Verde,Municipio,Local,2,Entre Ríos,Oro Verde,7517,2022,0.9224565049134044,0.00489490354160668,0.6920955882352942,0.5738714090287278,0.6907216494845361,0.96978672985782,0.917654028436019,0.9988151658767772,0.06797066014669927,0.08462455303933254,0.05638474295190713,0.9621077560686796,0.4844674556213018,0.00686027898467871,0.02995655156643037,0.6812796208530806,0.9389810426540284,1,1697
ARG300840336,América del Sur,Argentina,ARG,Paraná,Municipio,Local,2,Entre Ríos,Paraná,268889,2022,0.9967973865224692,0.01199035684955095,0.6188269003876622,0.6296742778802061,0.8103956555469356,0.9858376963350786,0.8312827225130891,0.9982198952879582,0.05880780309433051,0.07855024588010061,0.04202565575339843,0.9631466673646464,0.4009380019274012,0.00384557899796814,0.01560448704742746,0.5720026178010471,0.8650392670157068,1,76503
ARG300840343,América del Sur,Argentina,ARG,San Benito,Municipio,Local,2,Entre Ríos,San Benito,16868,2022,0.999900010061042,0.01511138806667705,0.42965691918029014,0.5622476446837147,0.8352059925093633,0.9645984012181196,0.3875142748382185,0.99657403882756,0.06183317167798254,0.0957510472770796,0.03872808805544232,0.9703083365055196,0.30565371024734983,0.0056473095364944,0.01800745871070857,0.4198705748001523,0.9017891130567188,1,2627
ARG300840350,América del Sur,Argentina,ARG,Seguí,Municipio,Local,2,Entre Ríos,Seguí,4498,2022,0,0.01643115346697338,0.4270092946965555,0.5311475409836065,0.8234824281150159,0.9599395313681028,0.9040060468631896,0.9916855631141344,0.03275759380583681,0.05246913580246913,0.02036857419980601,0.9690098261526832,0.30430622009569375,0.00358882337862086,0.0215329402717252,0.35978835978835977,0.8397581254724111,1,1325
ARG300840357,América del Sur,Argentina,ARG,Tabossi,Municipio,Local,2,Entre Ríos,Tabossi,1762,2022,0,0.0324846356453029,0.3015427769985975,0.42998027613412226,0.8737060041407867,0.8565217391304348,0.5673913043478261,0.9739130434782608,0.0578125,0.10091743119266056,0.03554502369668246,0.8521739130434782,0.34704370179948585,0,0.00645994832041343,0.31956521739130433,0.8760869565217392,1,460
ARG300840364,América del Sur,Argentina,ARG,Viale,Municipio,Local,2,Entre Ríos,Viale,11141,2022,0,0.01566615832524608,0.4579031888047717,0.5572916666666666,0.8201652892561984,0.9721074380165288,0.9590220385674932,0.9955234159779616,0.03768185070355354,0.05081775700934579,0.02861749294639258,0.9696969696969696,0.3635687732342007,0.00102944204241301,0.00936792258595841,0.4400826446280991,0.8481404958677686,1,2911
ARG300840371,América del Sur,Argentina,ARG,Villa Urquiza,Municipio,Local,2,Entre Ríos,Villa Urquiza,1769,2022,0,0.01528559935639581,0.4016506189821183,0.5557894736842105,0.8211091234347049,0.702755905511811,0.5354330708661418,0.9763779527559056,0.02489626556016597,0.02651515151515151,0.02396514161220043,0.5019685039370079,0.5145631067961165,0.0043103448275862,0.01354679802955665,0.33070866141732286,0.8484251968503937,1,511
ARG300842836,América del Sur,Argentina,ARG,Aldea Santa María,Comuna,Local,2,Entre Ríos,Aldea Santa María,527,2022,0,0.00227790432801822,0.359504132231405,0.3916083916083916,0.7921348314606742,0.6507936507936508,0.42328042328042326,0.9947089947089948,0,0,0,0.5767195767195767,0.3058823529411765,0,0.00538599640933572,0.328042328042328,0.8677248677248677,1,189
ARG300842843,América del Sur,Argentina,ARG,Aldea Santa Rosa,Comuna,Local,2,Entre Ríos,Aldea Santa Rosa,338,2022,0,NA,NA,NA,NA,NA,NA,NA,NA,NA,NA,NA,NA,NA,NA,NA,NA,0,NA
ARG300842899,América del Sur,Argentina,ARG,Colonia Crespo,Comuna,Local,2,Entre Ríos,Colonia Crespo,238,2022,0,0.0466321243523316,0.36538461538461536,0.6216216216216216,0.927710843373494,0.3522727272727273,0.4431818181818182,1,0.008130081300813,0.0217391304347826,0,0.5113636363636364,0.1911764705882353,0,0.00374531835205992,0.375,0.9090909090909092,1,88
ARG300842927,América del Sur,Argentina,ARG,El Palenque,Comuna,Local,2,Entre Ríos,El Palenque,374,2022,0,0.01690821256038647,0.29831932773109243,0.35185185185185186,0.8064516129032258,0.4069767441860465,0.2616279069767442,0.9186046511627908,0.04830917874396135,0.12280701754385964,0.02,0.4011627906976744,0.256,0,0,0.2616279069767442,0.9534883720930232,1,172
ARG300842941,América del Sur,Argentina,ARG,Estación Sosa,Comuna,Local,2,Entre Ríos,Estación Sosa,553,2022,0,0.0130718954248366,0.21691176470588236,0.32275132275132273,0.8010204081632653,0.8152173913043478,0.29347826086956524,0.9347826086956522,0.05045871559633028,0.11475409836065574,0.02547770700636942,0.5760869565217391,0.33774834437086093,0,0.0032051282051282,0.21739130434782608,0.8097826086956522,1,184
ARG300842948,América del Sur,Argentina,ARG,Gobernador Etchevehere,Comuna,Local,2,Entre Ríos,Gobernador Etchevehere,450,2022,0,0,0.4387096774193549,0.5686274509803921,0.8918918918918919,0.6372549019607843,0.4117647058823529,1,0.07643312101910828,0.10344827586206896,0.06060606060606061,0.6568627450980392,0.388235294117647,0,0,0.37254901960784315,0.8921568627450981,1,103
ARG300842955,América del Sur,Argentina,ARG,La Picada,Comuna,Local,2,Entre Ríos,La Picada,800,2022,0,0.02294455066921606,0.3629893238434164,0.5445544554455446,0.8288770053475936,0.8226600985221675,0.645320197044335,0.9901477832512317,0.04905660377358491,0.05454545454545454,0.04516129032258064,0.8768472906403941,0.4715909090909091,0,0.01291248206599713,0.3399014778325123,0.8177339901477833,1,205
ARG300842962,América del Sur,Argentina,ARG,Las Garzas,Comuna,Local,2,Entre Ríos,Las Garzas,387,2022,0,0.044,0.15714285714285714,0.2631578947368421,0.7899159663865546,0.5656565656565656,0.2323232323232323,0.8080808080808081,0.0588235294117647,0.08,0.05319148936170213,0,0.30864197530864196,0,0.00569800569800569,0.1111111111111111,0.8585858585858586,1,99
ARG300842976,América del Sur,Argentina,ARG,Paraje Las Tunas,Comuna,Local,2,Entre Ríos,Paraje Las Tunas,347,2022,0,0.04534606205250596,0.17872340425531916,0.35668789808917195,0.7747252747252747,0.3508771929824561,0.27485380116959063,0.9707602339181286,0.01015228426395939,0.03571428571428571,0,0.2046783625730994,0.09523809523809525,0,0,0.2631578947368421,0.9239766081871345,1,172
ARG300842999,América del Sur,Argentina,ARG,Puerto Curtiembre,Comuna,Local,2,Entre Ríos,Puerto Curtiembre,646,2022,0,0.05165289256198347,0.13468013468013468,0.526595744680851,0.8863636363636364,0.5615763546798029,0.21182266009852216,0.9655172413793104,0.04421768707482993,0.09090909090909093,0.02051282051282051,0.4876847290640394,0.17763157894736842,0.00587371512481644,0.00881057268722467,0.2019704433497537,0.8817733990147784,1,203
ARG300843020,América del Sur,Argentina,ARG,Sauce Montrull,Comuna,Local,2,Entre Ríos,Sauce Montrull,1555,2022,0.8326358579941571,0.02006172839506172,0.4941176470588235,0.6652719665271967,0.873015873015873,0.7560975609756098,0.554006968641115,0.9930313588850176,0.05529953917050691,0.1069182389937107,0.02545454545454545,0.9233449477351916,0.3870967741935484,0.00237529691211401,0.01425178147268408,0.3240418118466899,0.9198606271777005,1,288
ARG300843027,América del Sur,Argentina,ARG,Sauce Pinto,Comuna,Local,2,Entre Ríos,Sauce Pinto,151,2022,0.00183873500655739,0.0101010101010101,0.42857142857142855,0.26666666666666666,0.7857142857142857,0.7222222222222222,0.6111111111111112,1,0.02222222222222222,0.08333333333333333,0,0,0.3333333333333333,0,0,0.4444444444444444,0.8888888888888888,1,36
ARG300843034,América del Sur,Argentina,ARG,Tezanos Pinto,Comuna,Local,2,Entre Ríos,Tezanos Pinto,260,2022,0.695525541685187,0.0074074074074074,0.2839506172839506,0.35294117647058826,0.819672131147541,0.4807692307692308,0.3269230769230769,1,0.01470588235294117,0,0.02,0.34615384615384615,0.3783783783783784,0,0,0.25,0.8076923076923077,1,52
ARG300843041,América del Sur,Argentina,ARG,Villa Fontana,Comuna,Local,2,Entre Ríos,Villa Fontana,280,2022,0.02571911965438616,0,0.28421052631578947,0.35294117647058826,0.796875,0.6617647058823529,0.4411764705882353,0.9852941176470588,0.01333333333333333,0.04166666666666666,0,0.5147058823529411,0.2,0,0,0.38235294117647056,0.7352941176470589,1,68
ARG300849580,América del Sur,Argentina,ARG,Aldea María Luisa,Municipio,Local,2,Entre Ríos,Aldea María Luisa,1367,2022,0.3158068902715387,0.00590318772136953,0.39344262295081966,0.5546448087431693,0.8541114058355438,0.7093023255813954,0.48255813953488375,1,0.02857142857142857,0.04926108374384237,0.015527950310559,0.6511627906976745,0.24050632911392408,0,0.00795755968169761,0.5290697674418605,0.8808139534883721,1,345
ARG300849585,América del Sur,Argentina,ARG,Aldea San Antonio,Junta de gobierno,Local,2,Entre Ríos,Aldea San Antonio,294,2022,0,0.01785714285714285,0.3382352941176471,0.32051282051282054,0.7864077669902912,0.26136363636363635,0.34090909090909094,0.9886363636363636,0.03773584905660377,0.04,0.03703703703703703,0,0.2272727272727273,0,0,0.23863636363636365,0.9659090909090908,1,88
ARG300849590,América del Sur,Argentina,ARG,Aldea San Rafael,Comuna,Local,2,Entre Ríos,Aldea San Rafael,346,2022,0,0.00706713780918727,0.15028901734104047,0.4196428571428571,0.9124087591240876,0.34285714285714286,0.580952380952381,0.9904761904761904,0.00581395348837209,0.02127659574468085,0,0,0.06557377049180328,0,0,0.380952380952381,0.9809523809523808,1,105
ARG300849605,América del Sur,Argentina,ARG,Antonio Tomás,Comuna,Local,2,Entre Ríos,Antonio Tomás,269,2022,0,0.01951219512195122,0.13559322033898305,0.25862068965517243,0.85,0.02439024390243902,0.17073170731707316,0.8536585365853658,0.02,0,0.02352941176470588,0,0.1176470588235294,0,0,0.12195121951219512,0.902439024390244,1,82
ARG300849610,América del Sur,Argentina,ARG,Arroyo Burgos,Junta de gobierno,Local,2,Entre Ríos,Arroyo Burgos,271,2022,0,0,0.1904761904761905,0,0.7142857142857143,0,0.4705882352941176,0.9411764705882352,0,NA,0,0,0,0,0,0.29411764705882354,1,1,17
ARG300849615,América del Sur,Argentina,ARG,Arroyo Corralito,Comuna,Local,2,Entre Ríos,Arroyo Corralito,303,2022,0,NA,NA,NA,NA,NA,NA,NA,NA,NA,NA,NA,NA,NA,NA,NA,NA,0,NA
ARG300849620,América del Sur,Argentina,ARG,Arroyo Maturrango,Junta de gobierno,Local,2,Entre Ríos,Arroyo Maturrango,33,2022,0,0,0,NA,1,0,0,1,0,NA,0,0,0,0,0,0.25,0.75,1,4
ARG300849625,América del Sur,Argentina,ARG,Arroyo Palo Seco,Junta de gobierno,Local,2,Entre Ríos,Arroyo Palo Seco,72,2022,0,0.03571428571428571,0.17525773195876287,0.492063492063492,0.8552631578947368,0.01538461538461538,0.24615384615384617,0.8923076923076922,0.04166666666666666,0.0967741935483871,0.01538461538461538,0,0.14634146341463414,0,0,0.15384615384615383,0.8923076923076924,1,65
ARG300849635,América del Sur,Argentina,ARG,Colonia Celina,Junta de gobierno,Local,2,Entre Ríos,Colonia Celina,200,2022,0,0.03592814371257485,0.18072289156626503,0.33962264150943394,0.8701298701298701,0.12857142857142856,0.3142857142857143,0.9571428571428572,0.03529411764705882,0,0.04477611940298507,0,0.3214285714285714,0,0.0179372197309417,0.1,0.8285714285714286,1,70
ARG300849650,América del Sur,Argentina,ARG,Eigenfeld Merou,Comuna,Local,2,Entre Ríos,Eigenfeld Merou,442,2022,0,0.01235041122171376,0.20091304839439167,0.5236153400028998,0.776302040367376,0.01680672268907563,0.3445378151260504,0.9747899159663866,0.00949343054606212,0.01070022256462934,0.00853125853125853,0,0.08169508707143114,0.00757575757575757,0,0.4117647058823529,0.9579831932773109,1,119
ARG300849655,América del Sur,Argentina,ARG,Colonia Reffino,Junta de gobierno,Local,2,Entre Ríos,Colonia Reffino,NA,2022,0,NA,NA,NA,NA,NA,NA,NA,NA,NA,NA,NA,NA,NA,NA,NA,NA,0,NA
ARG300849670,América del Sur,Argentina,ARG,Distrito Tala,Junta de gobierno,Local,2,Entre Ríos,Distrito Tala,34,2022,0,0.0410958904109589,0.17647058823529413,0.5,1,0.08108108108108109,0.5135135135135136,0.8918918918918919,0.0303030303030303,0,0.04166666666666666,0,0.2307692307692308,0,0,0.16216216216216217,0.8108108108108109,1,37
ARG300849680,América del Sur,Argentina,ARG,El Pingo,Municipio,Local,2,Entre Ríos,El Pingo,1273,2022,0,0.03303303303303303,0.22842639593908629,0.47470817120622566,0.803921568627451,0.8233082706766918,0.4285714285714286,0.9135338345864662,0.04619565217391304,0.07377049180327869,0.03252032520325203,0.8195488721804511,0.3495575221238938,0.00426894343649946,0.01173959445037353,0.22556390977443608,0.849624060150376,1,266
ARG300849685,América del Sur,Argentina,ARG,Espinillo Norte,Junta de gobierno,Local,2,Entre Ríos,Espinillo Norte,189,2022,0,0.02066115702479339,0.3333333333333333,0.3673469387755102,0.8762886597938144,0,0.5353535353535355,0.9898989898989898,0.00826446280991735,0.02777777777777777,0,0,0.2692307692307692,0,0.01337792642140468,0.3636363636363637,0.898989898989899,1,99
ARG300849705,América del Sur,Argentina,ARG,María Grande 2º,Junta de gobierno,Local,2,Entre Ríos,María Grande 2º,231,2022,0,0.05439330543933055,0.145985401459854,0.24175824175824176,0.7156862745098039,0.1386138613861386,0.32673267326732675,0.7623762376237624,0.03157894736842105,0,0.0410958904109589,0,0.2222222222222222,0,0,0.06930693069306931,0.8316831683168316,1,101
ARG300849710,América del Sur,Argentina,ARG,Paso de la Arena,Junta de gobierno,Local,2,Entre Ríos,Paso de la Arena,280,2022,0,0.02845528455284552,0.26282051282051283,0.43617021276595747,0.9107142857142856,0.1020408163265306,0.35714285714285715,0.9897959183673468,0,0,0,0,0.125,0,0,0.2346938775510204,0.9591836734693876,1,98
ARG300849715,América del Sur,Argentina,ARG,Paso de las Piedras,Junta de gobierno,Local,2,Entre Ríos,Paso de las Piedras,203,2022,0,0.01136363636363636,0.1875,0.4,0.7804878048780488,0,0.2162162162162162,0.8648648648648649,0,0,0,0,0.3636363636363637,0,0.01785714285714285,0.21621621621621623,0.8378378378378378,1,37
ARG300849720,América del Sur,Argentina,ARG,Pueblo Brugo,Municipio,Local,2,Entre Ríos,Pueblo Brugo,1212,2022,0,0.05069124423963134,0.216710182767624,0.336996336996337,0.7644927536231884,0.8406374501992032,0.25896414342629487,0.9482071713147412,0.0198019801980198,0.0217391304347826,0.01895734597156398,0.852589641434263,0.43181818181818177,0,0.00739176346356916,0.199203187250996,0.8645418326693227,1,252
ARG300849730,América del Sur,Argentina,ARG,Quebracho,Junta de gobierno,Local,2,Entre Ríos,Quebracho,436,2022,0,0.0131004366812227,0.3129251700680272,0.5238095238095238,0.9306930693069309,0.04950495049504951,0.6534653465346534,0.9801980198019802,0.0217391304347826,0.04545454545454545,0.01063829787234042,0,0.18072289156626503,0.01929260450160772,0.01286173633440514,0.22772277227722773,0.9504950495049505,1,101
ARG300849735,América del Sur,Argentina,ARG,Santa Luisa,Junta de gobierno,Local,2,Entre Ríos,Santa Luisa,183,2022,0,0.02508960573476702,0.24277456647398843,0.26732673267326734,0.762962962962963,0.07272727272727272,0.5,0.9272727272727272,0.06153846153846154,0.1111111111111111,0.04854368932038835,0,0.2361111111111111,0,0.0081081081081081,0.23636363636363636,0.9727272727272728,1,110
ARG300880378,América del Sur,Argentina,ARG,General Campos,Comuna,Local,2,Entre Ríos,General Campos,3705,2022,0,0.03142732431252728,0.35064935064935066,0.44654088050314467,0.7547368421052632,0.9616977225672878,0.937888198757764,0.9782608695652174,0.0542432195975503,0.06807511737089202,0.04602510460251046,0.9772256728778468,0.4010695187165776,3.1756113051762e-4,0.01047951730708161,0.35921325051759834,0.855072463768116,1,968
ARG300880385,América del Sur,Argentina,ARG,San Salvador,Municipio,Local,2,Entre Ríos,San Salvador,16169,2022,0,0.02702125387162234,0.34993903501132206,0.5097940733299849,0.8275347912524851,0.9858835391983868,0.8742122510713385,0.99092513234182,0.03899253731343283,0.05763546798029557,0.02762762762762763,0.9392488026216284,0.24077277970011535,0.00264590263078318,0.00287269428485031,0.407864885303756,0.8711872951852786,1,3970
ARG300889770,América del Sur,Argentina,ARG,Colonia Baylina,Comuna,Local,2,Entre Ríos,Colonia Baylina,180,2022,0,0.0291970802919708,0.189873417721519,0.3,0.9310344827586208,0.08771929824561403,0.8245614035087719,0.9473684210526316,0.0144927536231884,0.06666666666666667,0,0,0.17142857142857143,0,0,0.2631578947368421,0.9649122807017544,1,57
ARG300889775,América del Sur,Argentina,ARG,Colonia Oficial Nº 5,Junta de gobierno,Local,2,Entre Ríos,Colonia Oficial Nº 5,88,2022,0,0.0660377358490566,0.15517241379310345,0.16666666666666666,0.9375,0,0.54,0.82,0.02,0.2,0,0,0.18518518518518515,0,0,0.12,0.94,1,50
ARG300889780,América del Sur,Argentina,ARG,San Ernesto,Junta de gobierno,Local,2,Entre Ríos,San Ernesto,238,2022,0,0.0217391304347826,0.20833333333333337,0.25,0.7727272727272727,0,0.717948717948718,0.9615384615384616,0,0,0,0,0.46341463414634143,0,0,0.4230769230769231,0.9615384615384616,1,78
ARG300889785,América del Sur,Argentina,ARG,Walter Moss,Junta de gobierno,Local,2,Entre Ríos,Walter Moss,234,2022,0,0.06569343065693431,0.15625,0.14285714285714285,0.6164383561643836,0,0.8064516129032258,0.9516129032258064,0,0,0,0,0.07142857142857142,0.01595744680851063,0,0.06451612903225806,0.8225806451612904,1,62
ARG300910392,América del Sur,Argentina,ARG,Gobernador Mansilla,Municipio,Local,2,Entre Ríos,Gobernador Mansilla,2792,2022,0,0.02688787185354691,0.38461538461538464,0.5052316890881914,0.8002812939521801,0.9266750948166876,0.8596713021491783,0.9924146649810368,0.02205071664829106,0.04142011834319527,0.01054481546572935,0.8874841972187105,0.3620689655172413,0.00740418118466898,0.00609756097560975,0.2996207332490518,0.8053097345132744,1,792
ARG300910399,América del Sur,Argentina,ARG,Maciá,Municipio,Local,2,Entre Ríos,Maciá,8324,2022,0,0.02635526033854724,0.3635386819484241,0.5752302968270215,0.8302967204580948,0.9344827586206896,0.8354679802955666,0.9802955665024632,0.02684810592129459,0.04270462633451957,0.01567398119122257,0.9561576354679804,0.3716028840820854,0.00174437044084998,0.03837614969869965,0.3049261083743842,0.8458128078817734,1,2033
ARG300910406,América del Sur,Argentina,ARG,Rosario del Tala,Municipio,Local,2,Entre Ríos,Rosario del Tala,16810,2022,0,0.02899850523168909,0.43302286198137174,0.5418848167539267,0.7939989914271306,0.9454055268478994,0.702314086722085,0.9829251853516064,0.0278289716181349,0.03996486605182257,0.01905366783105748,0.9161986070545944,0.4720826353992183,0.00284194418130146,0.01267944327042192,0.36508649741631094,0.8496966973713772,1,4463
ARG300913091,América del Sur,Argentina,ARG,Durazno,Comuna,Local,2,Entre Ríos,Durazno,594,2022,0,0.06103286384976526,0.25225225225225223,0.4698795180722892,0.8809523809523809,0.9263157894736842,0.631578947368421,0.9052631578947368,0.01769911504424778,0,0.02702702702702703,0,0.3611111111111112,0,0.02040816326530612,0.1368421052631579,0.8,1,95
ARG300913098,América del Sur,Argentina,ARG,Gobernador Echagüe,Comuna,Local,2,Entre Ríos,Gobernador Echagüe,297,2022,0,0.02475247524752475,0.31666666666666665,0.5454545454545454,0.8850574712643678,0.8043478260869565,0.5543478260869565,0.9782608695652174,0.01680672268907563,0.04761904761904761,0,0.8043478260869565,0.33333333333333337,0,0,0.22826086956521735,0.8913043478260869,1,92
ARG300913112,América del Sur,Argentina,ARG,Gobernador Sola,Comuna,Local,2,Entre Ríos,Gobernador Sola,604,2022,0,0.04336734693877551,0.2775330396475771,0.3630952380952381,0.8650306748466258,0.9298245614035088,0.45614035087719296,0.9298245614035088,0.02475247524752475,0.03278688524590164,0.02127659574468085,0.9239766081871345,0.3014705882352941,0,0,0.23976608187134504,0.7953216374269005,1,171
ARG300913119,América del Sur,Argentina,ARG,Guardamonte,Comuna,Local,2,Entre Ríos,Guardamonte,310,2022,0,0.02362204724409448,0.08695652173913043,0.15555555555555556,0.7796610169491526,0.6101694915254238,0.3898305084745763,0.9152542372881356,0.01886792452830188,0,0.0217391304347826,0,0.2307692307692308,0,0.00613496932515337,0.2033898305084746,0.8305084745762712,1,59
ARG300919790,América del Sur,Argentina,ARG,Altamirano Sur,Junta de gobierno,Local,2,Entre Ríos,Altamirano Sur,167,2022,0,0.08196721311475409,0.07936507936507936,0.2619047619047619,0.9272727272727272,0.33898305084745767,0.4745762711864407,0.8983050847457628,0.1129032258064516,0,0.13725490196078433,0,0.3225806451612903,0,0,0.1864406779661017,0.8305084745762712,1,59
ARG300919795,América del Sur,Argentina,ARG,Arroyo Cle,Comuna,Local,2,Entre Ríos,Arroyo Cle,223,2022,0,0.01333333333333333,0.125,0.3225806451612903,0.7777777777777778,1,0.45714285714285713,1,0.02631578947368421,0,0.03571428571428571,0.8285714285714286,0.3846153846153846,0,0,0.22857142857142856,1,1,35
ARG300919820,América del Sur,Argentina,ARG,La Ollita,Junta de gobierno,Local,2,Entre Ríos,La Ollita,64,2022,0,0.04761904761904761,0.09090909090909093,0.06666666666666667,0.9047619047619048,0,0.2777777777777778,0.7777777777777778,0,0,0,0,0,0,0,0.1111111111111111,0.7777777777777778,1,18
ARG300919825,América del Sur,Argentina,ARG,Las Guachas,Junta de gobierno,Local,2,Entre Ríos,Las Guachas,104,2022,0,0.04,0.1724137931034483,0.2727272727272727,0.8444444444444444,0.5111111111111111,0.4222222222222222,0.8888888888888888,0.0425531914893617,0.2222222222222222,0,0,0.2916666666666667,0,0.00826446280991735,0.26666666666666666,0.8666666666666667,1,45
ARG300919830,América del Sur,Argentina,ARG,Sauce Sur,Junta de gobierno,Local,2,Entre Ríos,Sauce Sur,NA,2022,0,NA,NA,NA,NA,NA,NA,NA,NA,NA,NA,NA,NA,NA,NA,NA,NA,0,NA
ARG300980413,América del Sur,Argentina,ARG,Basavilbaso,Municipio,Local,2,Entre Ríos,Basavilbaso,10597,2022,0,0.0180940892641737,0.4447457627118644,0.5493968046951418,0.8258238063214526,0.9807398349128706,0.9614796698257414,0.9938856618771016,0.04032842308621106,0.05756676557863501,0.02850162866449511,0.9364108835218588,0.3442622950819672,0.01052631578947368,0.0109235352532274,0.4350351574442067,0.8532558850504433,1,3279
ARG300980420,América del Sur,Argentina,ARG,Caseros,Municipio,Local,2,Entre Ríos,Caseros,2806,2022,0,0.01018766756032171,0.35399820305480684,0.5188172043010753,0.8316062176165803,0.8474784747847478,0.943419434194342,0.9963099630996308,0.03404669260700389,0.06735751295336788,0.01401869158878504,0.8130381303813038,0.2568493150684932,0.00247422680412371,0.00659793814432989,0.4132841328413284,0.8364083640836408,1,815
ARG300980423,América del Sur,Argentina,ARG,Colonia Elía,Municipio,Local,2,Entre Ríos,Colonia Elía,1474,2022,0,0.02615518744551002,0.1925207756232687,0.3696682464454976,0.8787878787878788,0.5641547861507128,0.684317718940937,0.9572301425661914,0.01386748844375963,0.03846153846153846,0.00608519269776876,0.3095723014256619,0.17255717255717257,0.03090234857849196,0.02163164400494437,0.2525458248472505,0.8635437881873728,1,491
ARG300980427,América del Sur,Argentina,ARG,Concepción del Uruguay,Municipio,Local,2,Entre Ríos,Concepción del Uruguay,86001,2022,0.9158772502486132,0.00991462407050399,0.5058805925482568,0.606957268627872,0.8320814258411485,0.9367899547279404,0.8978388998035363,0.9973520116169814,0.05509222621294211,0.08264345857213613,0.03429303990171465,0.9802390098164746,0.3256417136213219,0.03652817770464829,0.01454819690113807,0.5447168360809772,0.8741778423165627,1,23485
ARG300980434,América del Sur,Argentina,ARG,Herrera,Municipio,Local,2,Entre Ríos,Herrera,2174,2022,0,0.02158273381294964,0.31592039800995025,0.4467289719626169,0.8411371237458194,0.767479674796748,0.8357723577235772,0.9902439024390244,0.02695417789757412,0.05439330543933055,0.01391650099403578,0.7495934959349594,0.23777777777777775,0.00108108108108108,0.00702702702702702,0.2975609756097561,0.832520325203252,1,615
ARG300980437,América del Sur,Argentina,ARG,1º de Mayo,Municipio,Local,2,Entre Ríos,1º de Mayo,1290,2022,0,0.01356993736951983,0.22900763358778625,0.5619596541786743,0.8753056234718827,0.6296296296296297,0.7925925925925925,0.9827160493827162,0.02350813743218806,0.06153846153846154,0.00279329608938547,0.6691358024691358,0.2059800664451827,0.00665557404326123,0.00915141430948419,0.2765432098765432,0.8493827160493828,1,405
ARG300980441,América del Sur,Argentina,ARG,Pronunciamiento,Municipio,Local,2,Entre Ríos,Pronunciamiento,1656,2022,0,0.02032520325203252,0.234375,0.5394736842105263,0.9178743961352656,0.836027713625866,0.74364896073903,0.9930715935334872,0.01367521367521367,0.02439024390243902,0.00789473684210526,0.7782909930715936,0.17941952506596304,0,0.00462962962962962,0.2956120092378753,0.7990762124711316,1,433
ARG300980448,América del Sur,Argentina,ARG,San Justo,Municipio,Local,2,Entre Ríos,San Justo,2348,2022,0,0.02455871066768994,0.20284237726098192,0.5146520146520146,0.8719723183391004,0.7797513321492007,0.7548845470692718,0.9786856127886324,0.01910828025477707,0.0498220640569395,0.00198412698412698,0.8365896980461812,0.15412186379928317,0.00338791643139469,0.01411631846414455,0.2753108348134991,0.8401420959147424,1,563
ARG300980455,América del Sur,Argentina,ARG,Santa Anita,Municipio,Local,2,Entre Ríos,Santa Anita,1649,2022,0,0.02705139765554553,0.3227848101265823,0.49635036496350365,0.8660714285714286,0.8876190476190475,0.8990476190476191,0.9828571428571428,0.02533783783783784,0.05392156862745098,0.01030927835051546,0.8666666666666667,0.27225130890052357,0.0035385704175513,0.00212314225053078,0.30095238095238097,0.72,1,526
ARG300980462,América del Sur,Argentina,ARG,Villa Mantero,Municipio,Local,2,Entre Ríos,Villa Mantero,1683,2022,0,0.02222222222222222,0.26031746031746034,0.4212860310421286,0.8004434589800443,0.9449901768172888,0.8172888015717092,0.9783889980353634,0.04718693284936479,0.04736842105263158,0.04709141274238227,0.8762278978388998,0.3423913043478261,0.1817593790426908,0.00711513583441138,0.27111984282907664,0.8664047151277013,1,511
ARG300983154,América del Sur,Argentina,ARG,Comuna Tala,Comuna,Local,2,Entre Ríos,Comuna Tala,637,2022,0,0.01619433198380566,0.17288135593220338,0.3516483516483517,0.8229665071770335,0.0091324200913242,0.8401826484018264,0.9954337899543378,0.00847457627118644,0.015625,0.00581395348837209,0,0.18000000000000002,0.04897314375987362,0.00157977883096366,0.3515981735159817,0.9771689497716894,1,219
ARG300983161,América del Sur,Argentina,ARG,Las Moscas,Comuna,Local,2,Entre Ríos,Las Moscas,429,2022,0,0.03107344632768361,0.13846153846153847,0.3359375,0.7755102040816326,0.8220858895705522,0.44171779141104295,0.950920245398773,0.02547770700636942,0.06976744186046512,0.0087719298245614,0.7668711656441718,0.2882882882882883,0.1276595744680851,0.00425531914893617,0.1840490797546012,0.8466257668711656,1,164
ARG300983168,América del Sur,Argentina,ARG,Líbaros,Comuna,Local,2,Entre Ríos,Líbaros,NA,2022,0,0.00465116279069767,0.11029411764705882,0.2682926829268293,0.8712871287128713,0.8383838383838383,0.30303030303030304,0.98989898989899,0,0,0,0.48484848484848486,0.326530612244898,0.08029197080291971,0,0.15151515151515152,0.8484848484848485,1,99
ARG300983175,América del Sur,Argentina,ARG,Rocamora,Comuna,Local,2,Entre Ríos,Rocamora,534,2022,0,0.01573033707865168,0.2272727272727273,0.3875,0.798941798941799,0.3140096618357488,0.6473429951690821,0.966183574879227,0.00469483568075117,0.01612903225806451,0,0.21256038647342995,0.1885245901639344,0.0512396694214876,0.00495867768595041,0.21739130434782608,0.9082125603864736,1,207
ARG300983182,América del Sur,Argentina,ARG,San Cipriano,Comuna,Local,2,Entre Ríos,San Cipriano,511,2022,0,0.01155115511551155,0.17630057803468208,0.4923857868020304,0.8694029850746269,0.17509727626459143,0.9027237354085602,0.9922178988326849,0.01212121212121212,0.03092783505154639,0.00429184549356223,0,0.16,0.00384615384615384,0.00128205128205128,0.33852140077821014,0.9221789883268484,1,257
ARG300983189,América del Sur,Argentina,ARG,San Marcial,Comuna,Local,2,Entre Ríos,San Marcial,863,2022,0,0.03752039151712887,0.2668711656441718,0.3305439330543933,0.8627450980392157,0.8138686131386862,0.7773722627737226,0.9489051094890512,0.04347826086956521,0.12658227848101267,0.01363636363636363,0.8102189781021898,0.2094240837696335,0.1145320197044335,0.02463054187192118,0.18613138686131384,0.8795620437956204,1,274
ARG300989832,América del Sur,Argentina,ARG,Arroyo Gená,Junta de gobierno,Local,2,Entre Ríos,Arroyo Gená,139,2022,0,0,0.11940298507462686,0.358974358974359,0.6415094339622641,0.02439024390243902,0.6341463414634145,1,0.02083333333333333,0.07142857142857142,0,0.3170731707317073,0.07894736842105263,0,0,0.2926829268292683,0.975609756097561,1,41
ARG301050469,América del Sur,Argentina,ARG,Victoria,Municipio,Local,2,Entre Ríos,Victoria,36636,2022,0.1400706447764033,0.02825640380664906,0.4712096106048053,0.5919012345679012,0.8191800141029515,0.940529531568228,0.7910386965376782,0.9824847250509166,0.05394690265486725,0.07391957283497413,0.03922774225282833,0.934928716904277,0.3212542041879136,0.00150744299981156,0.00738018968657747,0.38177189409368634,0.8312627291242363,1,9853
ARG301053196,América del Sur,Argentina,ARG,Antelo,Comuna,Local,2,Entre Ríos,Antelo,NA,2022,0,0.04784688995215311,0.21008403361344535,0.4155844155844156,0.7228915662650602,0.6907216494845361,0.5567010309278351,0.9690721649484536,0.0108695652173913,0,0.01666666666666666,0,0.22413793103448276,0,0.007168458781362,0.13402061855670103,0.8247422680412371,1,97
ARG301053245,América del Sur,Argentina,ARG,Rincón de Nogoyá,Comuna,Local,2,Entre Ríos,Rincón de Nogoyá,643,2022,0,0.06725146198830409,0.2272727272727273,0.24904214559386972,0.7019867549668874,0.27238805970149255,0.3283582089552239,0.8768656716417911,0.02527075812274368,0.03076923076923077,0.02358490566037736,0,0.19014084507042253,0,0,0.13059701492537312,0.8208955223880597,1,268
ARG301053252,América del Sur,Argentina,ARG,Rincón del Doll,Comuna,Local,2,Entre Ríos,Rincón del Doll,640,2022,0,0.1019522776572668,0.2134387351778656,0.38333333333333336,0.6941747572815534,0.5602094240837696,0.2617801047120419,0.9057591623036648,0.01415094339622641,0,0.02097902097902098,0,0.1917808219178082,0,0.0083752093802345,0.12041884816753928,0.774869109947644,1,191
ARG301059880,América del Sur,Argentina,ARG,Chilcas,Junta de gobierno,Local,2,Entre Ríos,Chilcas,122,2022,0,0.01398601398601398,0.18518518518518515,0.30612244897959184,0.703125,0,0.18181818181818185,0.9454545454545454,0.01666666666666666,0.06666666666666667,0,0,0.1724137931034483,0.01578947368421052,0.02105263157894736,0.21818181818181817,0.8181818181818182,1,55
ARG301059885,América del Sur,Argentina,ARG,Distrito Pajonal,Junta de gobierno,Local,2,Entre Ríos,Distrito Pajonal,129,2022,0,0.06306306306306306,0.34375,0.4390243902439024,0.8913043478260869,0,0.6382978723404256,0.9148936170212766,0.05084745762711865,0,0.07317073170731707,0,0.18421052631578944,0,0,0.2127659574468085,0.8936170212765957,1,48
ARG301059890,América del Sur,Argentina,ARG,Hinojal,Junta de gobierno,Local,2,Entre Ríos,Hinojal,41,2022,0,0.03508771929824561,0.25,0.25,0.6296296296296297,0,0.41379310344827586,0.8965517241379309,0,0,0,0,0.09090909090909093,0.04615384615384615,0,0.27586206896551724,1,1,29
ARG301059895,América del Sur,Argentina,ARG,Laguna del Pescado,Comuna,Local,2,Entre Ríos,Laguna del Pescado,55,2022,0,0.03738317757009345,0.2307692307692308,0.4166666666666667,0.86,0.02325581395348837,0.48837209302325585,0.9069767441860466,0.03448275862068965,0.06666666666666667,0.02325581395348837,0,0.18181818181818185,0,0,0.16279069767441862,0.7906976744186046,1,43
ARG301059900,América del Sur,Argentina,ARG,Molino Doll,Junta de gobierno,Local,2,Entre Ríos,Molino Doll,NA,2022,0,0.01818181818181818,0.32727272727272727,0.2558139534883721,0.9210526315789472,0.7777777777777778,0.4,0.9777777777777776,0.0217391304347826,0.09090909090909093,0,0,0.14814814814814814,0.05035971223021582,0.02877697841726619,0.24444444444444444,0.9111111111111112,1,45
ARG301059905,América del Sur,Argentina,ARG,Montoya,Junta de gobierno,Local,2,Entre Ríos,Montoya,NA,2022,0,NA,NA,NA,NA,NA,NA,NA,NA,NA,NA,NA,NA,NA,NA,NA,NA,0,NA
ARG301130476,América del Sur,Argentina,ARG,Villa Clara,Municipio,Local,2,Entre Ríos,Villa Clara,3168,2022,0,0.04700854700854701,0.27202323330106487,0.4149214659685864,0.7825552825552825,0.9756722151088348,0.941101152368758,0.9769526248399488,0.04192872117400419,0.05993690851735016,0.03296703296703297,0.9731113956466068,0.2807017543859649,0.0010752688172043,0.01362007168458781,0.25480153649167736,0.8117797695262484,1,781
ARG301130483,América del Sur,Argentina,ARG,Villa Domínguez,Municipio,Local,2,Entre Ríos,Villa Domínguez,1809,2022,0,0.04772902232486528,0.27158774373259054,0.3867403314917127,0.7811320754716982,0.9515828677839852,0.8007448789571694,0.9739292364990688,0.02884615384615384,0.04761904761904761,0.01932367149758454,0.9553072625698324,0.5357873210633947,0.0053821313240043,0.01291711517761033,0.24394785847299813,0.839851024208566,1,540
ARG301130490,América del Sur,Argentina,ARG,Villaguay,Municipio,Local,2,Entre Ríos,Villaguay,41753,2022,0,0.02511296836885672,0.43808681453258946,0.5204594400574301,0.7773367731692796,0.9617183770883057,0.9045346062052506,0.98673031026253,0.03946017309667009,0.05413793103448276,0.0285933112075568,0.9153221957040572,0.37500000000000006,0.00233853971186881,0.01336720847648468,0.3806205250596658,0.8698806682577566,1,10494
ARG301133273,América del Sur,Argentina,ARG,Ingeniero Sajaroff,Comuna,Local,2,Entre Ríos,Ingeniero Sajaroff,827,2022,0,0.06557377049180328,0.23837209302325585,0.29545454545454547,0.7615384615384615,0.926829268292683,0.4390243902439024,0.991869918699187,0.05072463768115942,0.1282051282051282,0.0202020202020202,0,0.1263157894736842,0.00934579439252336,0.00233644859813084,0.17886178861788618,0.8455284552845529,1,123
ARG301133280,América del Sur,Argentina,ARG,Jubileo,Comuna,Local,2,Entre Ríos,Jubileo,842,2022,0,0.02956521739130434,0.1529051987767584,0.3347826086956522,0.8527131782945736,0.8464730290456431,0.6473029045643154,0.966804979253112,0.03367003367003367,0.03896103896103896,0.03181818181818181,0.95850622406639,0.16990291262135923,0,0.00124069478908188,0.29045643153526973,0.8796680497925311,1,241
ARG301133329,América del Sur,Argentina,ARG,Paso de La Laguna,Comuna,Local,2,Entre Ríos,Paso de La Laguna,796,2022,0,0.04805914972273567,0.14,0.3674418604651163,0.8281938325991189,0.5795918367346939,0.5102040816326531,0.9224489795918368,0.05243445692883895,0.02531645569620253,0.06382978723404255,0.5918367346938775,0.15757575757575756,0.00133868808567603,0.06291834002677377,0.13877551020408163,0.8448979591836735,1,245
ARG301139917,América del Sur,Argentina,ARG,Colonia Adivino,Junta de gobierno,Local,2,Entre Ríos,Colonia Adivino,146,2022,0,0.01744186046511628,0.1864406779661017,0.25,0.6385542168674698,0,0.3974358974358974,0.8205128205128205,0.01428571428571428,0,0.01886792452830188,0,0.03703703703703703,0,0,0.1282051282051282,0.8589743589743589,1,78
ARG301139920,América del Sur,Argentina,ARG,Estación Raíces,Comuna,Local,2,Entre Ríos,Estación Raíces,392,2022,0,0.04545454545454545,0.1588235294117647,0.3106796116504854,0.8161764705882353,0.41129032258064513,0.4758064516129033,0.9112903225806452,0.01398601398601398,0.03125,0.009009009009009,0,0.12871287128712872,0.00259067357512953,0,0.08870967741935484,0.8709677419354839,1,124
ARG301139935,América del Sur,Argentina,ARG,Lucas Norte,Comuna,Local,2,Entre Ríos,Lucas Norte,1246,2022,0,0.09245283018867924,0.11292962356792144,0.1995192307692308,0.8148893360160966,0.05411764705882353,0.5011764705882352,0.7741176470588235,0.05532786885245901,0.10843373493975904,0.04444444444444444,0,0.15719063545150502,0,0.00579896907216494,0.1011764705882353,0.8752941176470588,1,425
ARG301139940,América del Sur,Argentina,ARG,Lucas Sur Primero,Junta de gobierno,Local,2,Entre Ríos,Lucas Sur Primero,541,2022,0,0.04878048780487805,0.172,0.2702702702702703,0.8613861386138614,0.05,0.575,0.81,0.04205607476635514,0.05,0.04022988505747126,0,0.145985401459854,0,0.0032258064516129,0.135,0.89,1,200
ARG301139945,América del Sur,Argentina,ARG,Lucas Sur Segundo,Junta de gobierno,Local,2,Entre Ríos,Lucas Sur Segundo,833,2022,0,0.03607666290868094,0.13432835820895522,0.271875,0.8549450549450549,0.1643454038997215,0.5181058495821727,0.841225626740947,0.0273109243697479,0.02298850574712643,0.02827763496143958,0,0.1176470588235294,0.00632411067193675,0.01343873517786561,0.07520891364902507,0.9080779944289692,1,359
ARG301139950,América del Sur,Argentina,ARG,Mojones Norte,Junta de gobierno,Local,2,Entre Ríos,Mojones Norte,872,2022,0,0.06726457399103139,0.0847953216374269,0.2653061224489796,0.7446808510638298,0.10437710437710436,0.3838383838383838,0.8047138047138047,0,0,0,0,0.1775147928994083,0.00225733634311512,0.00338600451467268,0.09764309764309764,0.8316498316498316,1,297
ARG301139955,América del Sur,Argentina,ARG,Mojones Sur,Junta de gobierno,Local,2,Entre Ríos,Mojones Sur,598,2022,0,0.05719921104536489,0.1082089552238806,0.30412371134020616,0.6933333333333334,0.1519607843137255,0.40196078431372545,0.857843137254902,0.04186046511627907,0.05084745762711865,0.03846153846153846,0,0.1323529411764706,0,0.01018922852983988,0.08823529411764706,0.8774509803921569,1,204
ARG301139957,América del Sur,Argentina,ARG,Paraje Los Algarrobos,Junta de gobierno,Local,2,Entre Ríos,Paraje Los Algarrobos,316,2022,0,0.10491803278688525,0.09696969696969696,0.25,0.8095238095238095,0.3007518796992481,0.48120300751879697,0.887218045112782,0.00689655172413793,0,0.00840336134453781,0,0.12598425196850394,0.02564102564102564,0.03333333333333333,0.05263157894736842,0.8872180451127819,1,133
ARG301139965,América del Sur,Argentina,ARG,Raíces Oeste,Junta de gobierno,Local,2,Entre Ríos,Raíces Oeste,1020,2022,0,0.05979643765903308,0.10927835051546392,0.24647887323943665,0.8293333333333334,0.3333333333333333,0.3975535168195719,0.8654434250764526,0.01312335958005249,0,0.01607717041800643,0,0.11827956989247312,0,0,0.12232415902140673,0.8899082568807339,1,327
ARG34,América del Sur,Argentina,ARG,Formosa,Provincia,Regional,1,Formosa,NA,607419,2022,NA,0.04719970269637868,0.3909965908624159,0.4505596112937536,0.7171925574000113,0.8423795638131769,0.640726930508124,0.9290536927585002,0.04825607650418382,0.06507947153108444,0.03722178235242368,0.657444700280152,0.4643302758481149,0.00403861679732594,0.06076977054771265,0.25917396853009744,0.8096477281639229,1,140517
ARG340070007,América del Sur,Argentina,ARG,Laguna Yema,Municipio,Local,2,Formosa,Laguna Yema,7888,2022,0,0.08314606741573034,0.25428784489187173,0.4846686449060336,0.7844488188976378,0.9787460148777896,0.31243358129649307,0.89798087141339,0.03185703185703185,0.04285714285714286,0.02509410288582183,0.8289054197662061,0.9724061810154526,0.00414708321813657,0.12026541332596076,0.1392136025504782,0.7513283740701382,1,945
ARG340075007,América del Sur,Argentina,ARG,Los Chiriguanos,Comisión de fomento,Local,2,Formosa,Los Chiriguanos,1747,2022,0,0.06900878293601004,0.21348314606741572,0.3743016759776536,0.7464387464387464,0.8996960486322187,0.182370820668693,0.8662613981762918,0.06060606060606061,0.08208955223880597,0.04961832061068702,0.04848484848484848,0.9736842105263158,0.01224489795918367,0.04816326530612245,0.10030395136778116,0.8328267477203647,1,334
ARG340075035,América del Sur,Argentina,ARG,Pozo de Maza,Comisión de fomento,Local,2,Formosa,Pozo de Maza,5975,2022,0,0.18635170603674545,0.175,0.3820224719101123,0.6157894736842106,0.7023809523809523,0.1904761904761905,0.6488095238095238,0.01081081081081081,0.01470588235294117,0.00854700854700854,0,1,0.01222826086956521,0.6331521739130435,0.0238095238095238,0.09523809523809525,1,168
ARG340079007,América del Sur,Argentina,ARG,Pozo del Mortero,Junta vecinal,Local,2,Formosa,Pozo del Mortero,NA,2022,0,0.09467455621301776,0.1691542288557214,0.3464566929133858,0.5900621118012422,0.9615384615384616,0.2628205128205128,0.923076923076923,0.04316546762589928,0.02272727272727272,0.05263157894736842,0,1,0,0,0.05769230769230769,0.7884615384615384,1,156
ARG340140028,América del Sur,Argentina,ARG,Formosa,Municipio,Local,2,Formosa,Formosa,263417,2022,0.9724543831769028,0.02355635890386379,0.49118513514517737,0.5043241481817583,0.7324911891316354,0.967971764639606,0.8780982503179784,0.9745339292743608,0.05411542988564694,0.06924985901126876,0.04255610590237141,0.8748172724990438,0.46441566132302614,0.00641340838956899,0.01685374207331547,0.3654224890661218,0.8766398618547798,1,63158
ARG340145014,América del Sur,Argentina,ARG,Colonia Pastoril,Comisión de fomento,Local,2,Formosa,Colonia Pastoril,1475,2022,0,NA,NA,NA,NA,NA,NA,NA,NA,NA,NA,NA,NA,NA,NA,NA,NA,0,NA
ARG340145021,América del Sur,Argentina,ARG,Gran Guardia,Comisión de fomento,Local,2,Formosa,Gran Guardia,2488,2022,0,NA,NA,NA,NA,NA,NA,NA,NA,NA,NA,NA,NA,NA,NA,NA,NA,0,NA
ARG340145028,América del Sur,Argentina,ARG,San Hilario,Comisión de fomento,Local,2,Formosa,San Hilario,1626,2022,0,NA,NA,NA,NA,NA,NA,NA,NA,NA,NA,NA,NA,NA,NA,NA,NA,0,NA
ARG340149014,América del Sur,Argentina,ARG,Mariano Boedo,Junta vecinal,Local,2,Formosa,Mariano Boedo,NA,2022,0,NA,NA,NA,NA,NA,NA,NA,NA,NA,NA,NA,NA,NA,NA,NA,NA,0,NA
ARG340149021,América del Sur,Argentina,ARG,Mojón de Fierro,Junta vecinal,Local,2,Formosa,Mojón de Fierro,NA,2022,0,NA,NA,NA,NA,NA,NA,NA,NA,NA,NA,NA,NA,NA,NA,NA,NA,0,NA
ARG340210049,América del Sur,Argentina,ARG,General Lucio Victorio Mansilla,Municipio,Local,2,Formosa,General Lucio Victorio Mansilla,3575,2022,0,0.05593667546174143,0.3535173642030276,0.3734939759036144,0.6963855421686747,0.993234100135318,0.6806495263870095,0.979702300405954,0.04054054054054054,0.07096774193548387,0.02422145328719723,0.9228687415426252,0.4672619047619048,0.00428265524625267,0.00142755174875089,0.19621109607577808,0.8876860622462788,1,739
ARG340210056,América del Sur,Argentina,ARG,Herradura,Municipio,Local,2,Formosa,Herradura,4133,2022,0,0.05317324185248713,0.31991744066047473,0.38491547464239273,0.6860759493670886,0.9907834101382488,0.4270353302611367,0.978494623655914,0.03460620525059665,0.03716216216216216,0.03321033210332103,0.08448540706605223,0.4006849315068493,0.00225563909774436,3.7593984962406e-4,0.14592933947772657,0.837173579109063,1,653
ARG340210063,América del Sur,Argentina,ARG,Misión San Francisco de Laishi,Municipio,Local,2,Formosa,Misión San Francisco de Laishi,8804,2022,0,0.05182926829268292,0.3103248259860789,0.3558823529411765,0.6533957845433255,0.8674496644295302,0.5612416107382551,0.9689597315436242,0.05223315669947009,0.06611570247933884,0.04420549581839905,0.834731543624161,0.4013781223083549,0.00324114088159032,0.11797752808988764,0.17533557046979867,0.8364093959731543,1,1195
ARG340210070,América del Sur,Argentina,ARG,Villa Escolar,Municipio,Local,2,Formosa,Villa Escolar,2521,2022,0,0.03919372900335946,0.4718045112781955,0.3357142857142857,0.6649874055415617,0.7771739130434783,0.4619565217391305,0.9809782608695652,0.03950617283950617,0.07801418439716312,0.01893939393939394,1,0.6688524590163935,0.00155038759689922,7.7519379844961e-4,0.20923913043478265,0.8206521739130435,1,368
ARG340219035,América del Sur,Argentina,ARG,Banco Payaguá,Junta vecinal,Local,2,Formosa,Banco Payaguá,NA,2022,0,0.1,0.17647058823529413,0.20388349514563103,0.4895833333333333,0.931372549019608,0.2352941176470588,0.8627450980392157,0.07352941176470588,0.1904761904761905,0.02127659574468085,0,0.43478260869565216,0,0.0053475935828877,0.06862745098039216,0.6274509803921569,1,102
ARG340219042,América del Sur,Argentina,ARG,Tatané,Junta vecinal,Local,2,Formosa,Tatané,NA,2022,0,0.06116207951070336,0.20435967302452315,0.3107142857142857,0.7162162162162162,0.5503875968992248,0.36046511627906974,0.9302325581395348,0.05685618729096989,0.10344827586206896,0.03773584905660377,0,0.2437810945273632,0.00284090909090909,0.00189393939393939,0.1007751937984496,0.8488372093023255,1,258
ARG340280077,América del Sur,Argentina,ARG,Ingeniero Guillermo Nicasio Juárez,Municipio,Local,2,Formosa,Ingeniero Guillermo Nicasio Juárez,17024,2022,0,0.06714089604392862,0.3041377861793741,0.3873897249610794,0.6418202121719709,0.9406836461126006,0.40650134048257375,0.8800268096514745,0.11102320675105486,0.13864701942397856,0.09308394954327968,0.3904155495978552,0.5270916334661355,6.2509767151117e-4,0.23855289889045164,0.1836461126005362,0.7020777479892761,1,2993
ARG340350091,América del Sur,Argentina,ARG,Comandante Fontana,Municipio,Local,2,Formosa,Comandante Fontana,10185,2022,0,0.05217391304347826,0.3921643210346139,0.40980392156862744,0.6915789473684211,0.8063135366506153,0.49331193151417874,0.9593365436062066,0.03860465116279069,0.04784688995215311,0.03272450532724505,0.7972177635098984,0.5166548547129696,0.00272108843537414,0.0219198790627362,0.227394328517924,0.8592830390583199,1,1877
ARG340350098,América del Sur,Argentina,ARG,Estanislao del Campo,Municipio,Local,2,Formosa,Estanislao del Campo,7042,2022,0,0.06735086593970493,0.30887372013651876,0.35811293781272335,0.6135303265940902,0.824782951854775,0.39857932123125495,0.9502762430939226,0.02945736434108527,0.03193612774451097,0.02788339670468948,0.12075769534333072,0.5539803707742639,0.0015476453681185,0.00442184390891001,0.15232833464877665,0.8184688239936859,1,1271
ARG340350112,América del Sur,Argentina,ARG,General Manuel Belgrano,Municipio,Local,2,Formosa,General Manuel Belgrano,7072,2022,0,0.06073680716893462,0.29845626072041165,0.4180505415162455,0.7549467275494672,0.9254457050243112,0.4043760129659643,0.946515397082658,0.0483768300445576,0.07426597582037997,0.03326612903225806,0.6521035598705501,0.3948763250883392,0.00149700598802395,0.00384944396920444,0.18962722852512157,0.8727714748784441,1,1246
ARG340350119,América del Sur,Argentina,ARG,Villa General Güemes,Municipio,Local,2,Formosa,Villa General Güemes,5322,2022,0,0.06191061910619106,0.30913978494623656,0.4868881118881119,0.7682119205298014,0.659047619047619,0.35714285714285715,0.9304761904761903,0.01533966398831263,0.01974865350089766,0.01231527093596059,0.7838095238095238,0.53276955602537,0.0017916560020476,0.01279754287176862,0.16285714285714287,0.8647619047619047,1,1059
ARG340350126,América del Sur,Argentina,ARG,Ibarreta,Municipio,Local,2,Formosa,Ibarreta,11721,2022,0,0.06098892528466698,0.3425429184549356,0.4415718717683557,0.6906873614190687,0.8869760479041916,0.39857784431137727,0.9528443113772456,0.02793650793650793,0.0312256049960968,0.02568218298555377,0.7425149700598802,0.4181818181818182,0.00233322727754799,0.06204263442570792,0.23203592814371257,0.8042664670658682,1,2680
ARG340350133,América del Sur,Argentina,ARG,Las Lomitas,Municipio,Local,2,Formosa,Las Lomitas,21988,2022,0,0.06893647738209817,0.35149638802889577,0.46608603853259434,0.7560156687185227,0.8637853949329359,0.4587183308494784,0.9394932935916542,0.04476275738585496,0.05719139297848245,0.03663952627683198,0.8089418777943368,0.39455330454998344,0.00250020162916364,0.1000887168320026,0.2143070044709389,0.7815201192250373,1,3357
ARG340350140,América del Sur,Argentina,ARG,Pozo del Tigre,Municipio,Local,2,Formosa,Pozo del Tigre,8148,2022,0,0.09142475809142477,0.3385326400924321,0.4666666666666667,0.6774193548387096,0.944253859348199,0.25900514579759865,0.8739279588336192,0.05414220482713633,0.08045977011494253,0.0367965367965368,0.155955441302485,0.48830111902339773,0.00132831525348682,0.11888421518707108,0.13807890222984562,0.7315608919382505,1,1171
ARG340350147,América del Sur,Argentina,ARG,San Martín Dos,Municipio,Local,2,Formosa,San Martín Dos,5279,2022,0,0.05542396968261488,0.35942492012779553,0.5020366598778004,0.7248618784530386,0.8705501618122977,0.3085221143473571,0.930960086299892,0.01218450826805918,0.01419878296146044,0.01067073170731707,0.2254584681769148,0.4887039239001189,0.0118627765309394,0.00256492465533824,0.15641855447680691,0.8781014023732471,1,931
ARG340355042,América del Sur,Argentina,ARG,Fortín Lugones,Comisión de fomento,Local,2,Formosa,Fortín Lugones,3859,2022,0,0.08495145631067962,0.2658486707566462,0.40214477211796246,0.6745406824146981,0.638728323699422,0.24566473988439305,0.8583815028901735,0.03194103194103194,0.06,0.01556420233463035,0.6473988439306358,0.627906976744186,0,0.08290155440414508,0.17630057803468208,0.846820809248555,1,346
ARG340355049,América del Sur,Argentina,ARG,Subteniente Perín,Comisión de fomento,Local,2,Formosa,Subteniente Perín,2476,2022,0,0.07547169811320754,0.3238512035010941,0.3852941176470589,0.6819484240687679,0.8970099667774086,0.3720930232558139,0.9767441860465116,0.02168021680216802,0.03816793893129771,0.01260504201680672,1,0.5120967741935484,0,0.01977644024075666,0.132890365448505,0.8704318936877077,1,304
ARG340359049,América del Sur,Argentina,ARG,Bartolomé de las Casas,Junta vecinal,Local,2,Formosa,Bartolomé de las Casas,NA,2022,0,0.1550632911392405,0.06024096385542168,0.3,0.6341463414634146,0.21810699588477367,0.05761316872427983,0.8930041152263374,0.0075187969924812,0.0119047619047619,0.00549450549450549,0,0.7761194029850746,0.03703703703703703,0.6798941798941799,0.01646090534979424,0.3333333333333333,1,244
ARG340359056,América del Sur,Argentina,ARG,Colonia Sarmiento,Junta vecinal,Local,2,Formosa,Colonia Sarmiento,NA,2022,0,0.1875,0.02,0.18604651162790695,0.8695652173913043,0.025,0.02499999999999999,0.325,0,0,0,0,0.5,0,0,0,0.775,1,40
ARG340359063,América del Sur,Argentina,ARG,El Recreo,Junta vecinal,Local,2,Formosa,El Recreo,NA,2022,0,0.0867579908675799,0.2786885245901639,0.25806451612903225,0.7547169811320755,0.58,0.45,0.78,0.01923076923076923,0.04166666666666666,0.0125,0.36,0.2857142857142857,0,0,0.15,0.89,1,100
ARG340359070,América del Sur,Argentina,ARG,Fortín Sargento 1º Leyes,Junta vecinal,Local,2,Formosa,Fortín Sargento 1º Leyes,NA,2022,0,0.02777777777777777,0.12121212121212122,0.13333333333333333,0.5625,0.90625,0.34375,1,0,0,0,0,0.2352941176470588,0,0,0.0625,0.71875,1,32
ARG340359077,América del Sur,Argentina,ARG,Juan G. Bazán,Junta vecinal,Local,2,Formosa,Juan G. Bazán,NA,2022,0,0.07228915662650602,0.0588235294117647,0.2782608695652174,0.6347826086956522,0.5904761904761905,0.17142857142857143,0.9047619047619048,0.04761904761904761,0.03125,0.0547945205479452,0,0.32558139534883723,0,0.2106537530266344,0.05714285714285714,0.6952380952380952,1,105
ARG340359084,América del Sur,Argentina,ARG,Posta Cambio Zalazar,Junta vecinal,Local,2,Formosa,Posta Cambio Zalazar,NA,2022,0,0.0225563909774436,0.2188679245283019,0.4512195121951219,0.8495145631067961,0.8554216867469879,0.5180722891566265,0.927710843373494,0.05220883534136546,0.10810810810810811,0.02857142857142857,0,0.3666666666666667,0,0.01990049751243781,0.15060240963855423,0.8674698795180723,1,166
ARG340359091,América del Sur,Argentina,ARG,San Martín I,Junta vecinal,Local,2,Formosa,San Martín I,NA,2022,0,0.09090909090909093,0.375,0.5333333333333333,0.7647058823529411,0,0.2,0.05,0.04761904761904761,0.125,0,0,1,0,0.01515151515151515,0,0.85,1,21
ARG340420168,América del Sur,Argentina,ARG,El Espinillo,Municipio,Local,2,Formosa,El Espinillo,6583,2022,0,0.0359304084720121,0.35617283950617284,0.39254559873116573,0.6904761904761905,0.9645454545454546,0.4781818181818182,0.9754545454545454,0.02738654147104851,0.03434343434343434,0.02298850574712643,0.1009090909090909,0.44760820045558086,0.00172413793103448,0.00320197044334975,0.20272727272727273,0.8445454545454546,1,1102
ARG340420175,América del Sur,Argentina,ARG,Misión Tacaaglé,Municipio,Local,2,Formosa,Misión Tacaaglé,5056,2022,0,0.05302515295717199,0.2965821389195149,0.3996983408748115,0.7503805175038052,0.8851913477537438,0.4908485856905158,0.961730449251248,0.05804749340369393,0.09056603773584904,0.04056795131845842,0.3777038269550749,0.44485981308411215,0,0.00579322638146167,0.17637271214642264,0.8369384359400999,1,604
ARG340425056,América del Sur,Argentina,ARG,Buena Vista,Comisión de fomento,Local,2,Formosa,Buena Vista,3015,2022,0,0.03945111492281304,0.41397849462365593,0.4050179211469534,0.7538461538461538,0.8559670781893004,0.6008230452674898,0.9423868312757202,0.02265372168284789,0.04424778761061947,0.01020408163265306,0.9012345679012346,0.5769230769230769,0.00338218714768883,0.01578354002254791,0.2222222222222222,0.8106995884773662,1,243
ARG340425063,América del Sur,Argentina,ARG,Tres Lagunas,Comisión de fomento,Local,2,Formosa,Tres Lagunas,4548,2022,0,0.05163853028798411,0.2878787878787879,0.3403805496828753,0.6729411764705883,0.7305825242718447,0.5946601941747574,0.9490291262135924,0.05369127516778523,0.05590062111801242,0.05244755244755245,0.7257281553398058,0.6051779935275081,0.00500625782227784,0.00938673341677096,0.18932038834951456,0.8422330097087378,1,414
ARG340429098,América del Sur,Argentina,ARG,Laguna Gallo,Junta vecinal,Local,2,Formosa,Laguna Gallo,NA,2022,0,0.0160427807486631,0.18888888888888888,0.38461538461538464,0.5797101449275363,0.03389830508474576,0.1694915254237288,0.9322033898305084,0.01666666666666666,0,0.025,0,0.6111111111111112,0,0,0.06779661016949153,0.7457627118644068,1,61
ARG340429105,América del Sur,Argentina,ARG,Portón Negro,Junta vecinal,Local,2,Formosa,Portón Negro,NA,2022,0,0.05703422053231939,0.2874251497005988,0.2631578947368421,0.6967213114754098,0.5233644859813084,0.29906542056074764,0.9345794392523364,0.00869565217391304,0,0.01176470588235294,0,0.5,0.00479616306954436,0.00959232613908872,0.12149532710280374,0.8037383177570093,1,108
ARG340490189,América del Sur,Argentina,ARG,Clorinda,Municipio,Local,2,Formosa,Clorinda,59929,2022,0.00166199250016141,0.03995864409971794,0.3992003329158384,0.45194598194130214,0.7109246216690974,0.9328367181132208,0.7841446808007968,0.9801287027934442,0.05545730791931916,0.08283206577067331,0.03660464578580094,0.6358296002971554,0.4390091783339119,7.1005917159763e-4,0.02714610832954028,0.25945066835894726,0.7535445030850869,1,13656
ARG340490196,América del Sur,Argentina,ARG,Laguna Blanca,Municipio,Local,2,Formosa,Laguna Blanca,14545,2022,0,0.02682067345340642,0.485,0.49896822121337187,0.7684210526315789,0.8746530989824237,0.6211840888066604,0.9838112858464384,0.02700831024930747,0.02233250620347394,0.03037522334723049,0.8395004625346901,0.4856704196519959,0.00148428012413979,0.00202401835109971,0.2641073080481036,0.8487511563367253,1,2162
ARG340490203,América del Sur,Argentina,ARG,Laguna Naick Neck,Municipio,Local,2,Formosa,Laguna Naick Neck,9368,2022,0,0.02611275964391691,0.4182825484764543,0.4511742892459827,0.7468879668049793,0.30142857142857143,0.5814285714285715,0.9771428571428572,0.03867403314917127,0.0547945205479452,0.02777777777777777,0.5785714285714286,0.4922547332185886,0.0036304961678096,0.01129487696651875,0.27285714285714285,0.8357142857142857,1,702
ARG340490210,América del Sur,Argentina,ARG,Riacho He He,Municipio,Local,2,Formosa,Riacho He He,7473,2022,0,0.02777777777777777,0.3303370786516854,0.3702882483370288,0.6713947990543735,0.9278523489932886,0.5369127516778524,0.979026845637584,0.04951958610495196,0.0718562874251497,0.03638497652582159,0.9362416107382552,0.5322033898305085,9.2936802973977e-4,0.00278810408921933,0.1854026845637584,0.8666107382550335,1,1192
ARG340495070,América del Sur,Argentina,ARG,Siete Palmas,Comisión de fomento,Local,2,Formosa,Siete Palmas,2628,2022,0,0.02199661590524534,0.3070652173913043,0.352059925093633,0.6067415730337079,0.7111111111111111,0.4266666666666667,0.9377777777777778,0.09375,0.14893617021276595,0.06172839506172839,0,0.6686746987951806,0,0.00231749710312862,0.18222222222222223,0.8,1,226
ARG340499112,América del Sur,Argentina,ARG,Palma Sola,Junta vecinal,Local,2,Formosa,Palma Sola,NA,2022,0,0.05128205128205128,0.16666666666666666,0.41379310344827586,0.7857142857142857,0.01818181818181818,0.2727272727272727,0.9090909090909092,0.01265822784810126,0.04166666666666666,0,0,0.10344827586206896,0,0,0.05454545454545454,0.7090909090909091,1,55
ARG340560224,América del Sur,Argentina,ARG,El Colorado,Municipio,Local,2,Formosa,El Colorado,18068,2022,0,0.05801416983263169,0.3695991671004686,0.4642537980339589,0.7371319128561168,0.994752623688156,0.5909545227386307,0.966766616691654,0.03218925732014737,0.03753609239653513,0.02858070802208509,0.8888333749687735,0.4048754636989931,0.00161653078436885,0.04090525723924655,0.2576211894052973,0.8145927036481759,1,4008
ARG340560231,América del Sur,Argentina,ARG,Mayor Villafañe,Municipio,Local,2,Formosa,Mayor Villafañe,9614,2022,0,0.06567933032839665,0.2799145299145299,0.4009595613433859,0.7071097372488409,0.9955423476968795,0.5401188707280832,0.9665676077265972,0.03733333333333333,0.04786324786324787,0.03060109289617486,0.9160475482912332,0.5774011299435028,0.00133511348464619,0.00912327547841566,0.20579494799405643,0.8432392273402675,1,1348
ARG340560238,América del Sur,Argentina,ARG,Palo Santo,Municipio,Local,2,Formosa,Palo Santo,10235,2022,0,0.0496850944716585,0.23410066328521265,0.37954309449636553,0.7796791443850267,0.9010416666666666,0.41782407407407407,0.9704861111111112,0.02603928734582001,0.04651162790697674,0.01577503429355281,0.5369515011547344,0.3593974175035868,0.00109735068192506,0.00454616711083241,0.1579861111111111,0.8350694444444444,1,1736
ARG340560245,América del Sur,Argentina,ARG,Pirané,Municipio,Local,2,Formosa,Pirané,27438,2022,0,0.04687385740402194,0.30950347688178603,0.4387755102040816,0.7758327668252889,0.8657047724750278,0.5125786163522013,0.9581945985941548,0.03192934782608696,0.04651162790697674,0.02300109529025191,0.6987238764564454,0.4087360202574382,0.00142611261372018,0.00481927710843373,0.23714391416944136,0.8179800221975583,1,5421
ARG340560252,América del Sur,Argentina,ARG,Villa Dos Trece,Municipio,Local,2,Formosa,Villa Dos Trece,7041,2022,0,0.06378865979381443,0.32119565217391305,0.4166666666666667,0.7441509433962264,0.996206373292868,0.5948406676783005,0.956752655538695,0.02576995600251414,0.03801652892561983,0.01825557809330628,0.9301972685887708,0.5325977933801405,0.0055614973262032,0.01262032085561497,0.19119878603945373,0.8376327769347496,1,1318
ARG340630259,América del Sur,Argentina,ARG,El Chorro,Municipio,Local,2,Formosa,El Chorro,16049,2022,0,0.136231884057971,0.29930795847750863,0.3617021276595745,0.6195426195426196,0.8911392405063291,0.24556962025316456,0.949367088607595,0.02061855670103092,0.0267379679144385,0.01677852348993288,0,0.7249999999999999,0,0.37171398527865407,0.19746835443037977,0.6455696202531646,1,399
ARG340639126,América del Sur,Argentina,ARG,El Potrillo,Junta vecinal,Local,2,Formosa,El Potrillo,NA,2022,0,0.14809000523286237,0.2869158878504673,0.2887700534759358,0.4575311438278596,0.9699042407660738,0.1176470588235294,0.9439124487004104,0.03560830860534125,0.04444444444444444,0.0297029702970297,0,0.7007481296758105,0.00266983091070898,0.5811331948976565,0.14774281805745554,0.5088919288645691,1,731
ARG38,América del Sur,Argentina,ARG,Jujuy,Provincia,Regional,1,Jujuy,NA,811611,2022,NA,0.0350852576158025,0.45733103950152754,0.5439611705819357,0.7720981311350101,0.956523481556544,0.7380760180684609,0.960324957491026,0.05844003986428872,0.07941832561597999,0.04288354898336414,0.8910123996498115,0.41090471884456253,0.00354378286572819,0.07800924620012055,0.3370546576667869,0.7908157715450366,1,175264
ARG380070014,América del Sur,Argentina,ARG,Abra Pampa,Municipio,Local,2,Jujuy,Abra Pampa,12484,2022,0,0.04479248238057948,0.3153515834675255,0.4720496894409938,0.6662781662781663,0.8508019395747856,0.4345393509884372,0.8847444983215219,0.08863564419119975,0.1128808864265928,0.06822157434402332,0.7826249067859806,0.8781634128705712,0.00255402750491159,0.40216110019646367,0.23013800820589336,0.6676613204028348,1,2695
ARG380076007,América del Sur,Argentina,ARG,Abdón Castro Tolay,Comisión municipal,Local,2,Jujuy,Abdón Castro Tolay,1294,2022,0,0.03652392947103274,0.1172566371681416,0.44352617079889806,0.7026239067055393,0.6723646723646723,0.15384615384615383,0.735042735042735,0.02736318407960199,0.0186335403726708,0.03319502074688797,0.3703703703703703,1,0,0.6292974588938715,0.10826210826210826,0.1737891737891738,1,358
ARG380076014,América del Sur,Argentina,ARG,Abralaite,Comisión municipal,Local,2,Jujuy,Abralaite,508,2022,0,0.12371134020618556,0.11585365853658536,0.4615384615384616,0.6285714285714286,0.7357142857142857,0.14285714285714285,0.807142857142857,0.03968253968253968,0.03333333333333333,0.04545454545454545,0,1,0.00233100233100233,0.5501165501165501,0.06428571428571428,0.07857142857142857,1,143
ARG380076021,América del Sur,Argentina,ARG,Puesto del Marquez,Comisión municipal,Local,2,Jujuy,Puesto del Marquez,712,2022,0,0.06573705179282868,0.15444015444015444,0.4036697247706422,0.689119170984456,0.38805970149253727,0.1144278606965174,0.6616915422885572,0.09502262443438914,0.125,0.07518796992481203,0.13432835820895522,0.9488372093023256,0,0.3765867418899859,0.07462686567164178,0.3930348258706467,1,203
ARG380140049,América del Sur,Argentina,ARG,Aguas Calientes,Municipio,Local,2,Jujuy,Aguas Calientes,4635,2022,0,0.07861635220125786,0.15855263157894736,0.5106007067137809,0.8807045636509208,0.8690344062153164,0.4361820199778024,0.9556048834628192,0.02562574493444577,0.03806228373702422,0.01909090909090909,0.6139380530973452,0.4172494172494173,0.00248880039820806,0.03061224489795918,0.08879023307436182,0.7469478357380688,1,905
ARG380140056,América del Sur,Argentina,ARG,El Carmen,Municipio,Local,2,Jujuy,El Carmen,22413,2022,0,0.035583240890861,0.4454790823211876,0.5272931907709623,0.7940726577437859,0.9506317267197004,0.6984089845577912,0.9733270940570894,0.0483917288914417,0.07079331198861614,0.03322899109077775,0.812821712681329,0.3079818096283519,0.00327252893764014,0.02011999272771347,0.30673841834347215,0.8182030884417407,1,4276
ARG380140063,América del Sur,Argentina,ARG,Monterrico,Municipio,Local,2,Jujuy,Monterrico,23879,2022,0,0.06422497389228704,0.28460511949532935,0.456651224354732,0.82626647609973,0.9824561403508772,0.5571195430436557,0.9865361077111384,0.04508351123948261,0.08514492753623189,0.02383240438208725,0.711546307629539,0.2259894289029264,0.00242718446601941,0.02689716663364375,0.17972256221950225,0.8196654426764586,1,4905
ARG380140070,América del Sur,Argentina,ARG,Pampa Blanca,Municipio,Local,2,Jujuy,Pampa Blanca,4919,2022,0,0.06639004149377593,0.1960447119518487,0.45970488081725314,0.8389553862894451,0.9413533834586466,0.5263157894736842,0.9789473684210528,0.02465986394557823,0.05185185185185185,0.01037613488975356,0.8526315789473684,0.30724396336386345,0.0016260162601626,0.0351219512195122,0.15037593984962405,0.8406015037593985,1,665
ARG380140074,América del Sur,Argentina,ARG,Puesto Viejo,Municipio,Local,2,Jujuy,Puesto Viejo,5088,2022,0,0.05457122608079376,0.2693194925028835,0.4705882352941176,0.8488120950323974,0.7634615384615384,0.5259615384615384,0.9471153846153846,0.03491700057240984,0.06161971830985915,0.02205258693808312,0.7337164750957854,0.3584693303320203,0.00556631171345595,0.02904162633107454,0.18846153846153849,0.8134615384615385,1,1046
ARG380140077,América del Sur,Argentina,ARG,Perico,Municipio,Local,2,Jujuy,Perico,61325,2022,0,0.05318897171932316,0.3662417418814553,0.5002885170225043,0.7905115189379148,0.9882169468029804,0.7598336510136892,0.9860509443770576,0.05328320802005013,0.078559528386518,0.03704618424302296,0.9073673275041122,0.2883061931016797,0.00156743002544529,0.01923664122137404,0.2857390400277248,0.8186622769017501,1,11560
ARG380210035,América del Sur,Argentina,ARG,San Salvador de Jujuy,Municipio,Local,2,Jujuy,San Salvador de Jujuy,310943,2022,0.9856502210598632,0.02117654451577767,0.5470056765590059,0.6210042560898307,0.7884164713759625,0.9896137757148588,0.8284625522892671,0.984785972150593,0.05824545999476559,0.07715723087018336,0.04192812770307462,0.9596672584617146,0.45066183784335223,0.00433815350389321,0.04555636531011468,0.4362787232823334,0.8508394934387714,1,69943
ARG380210042,América del Sur,Argentina,ARG,Yala,Municipio,Local,2,Jujuy,Yala,8526,2022,0.3916393839882531,0.042358328563251287,0.4685247477174435,0.5429326287978864,0.7352742044685172,0.8168168168168168,0.4699699699699699,0.9286786786786786,0.04350104821802935,0.05474452554744526,0.03499079189686924,0.7935435435435435,0.3838664812239221,0.00228547683357573,0.0903802202368585,0.2807807807807808,0.7364864864864865,1,1338
ARG380280091,América del Sur,Argentina,ARG,El Aguilar,Municipio,Local,2,Jujuy,El Aguilar,1362,2022,0,0.03714622641509434,0.3127792672028597,0.2900552486187845,0.796875,0.8650674662668666,0.7631184407796102,0.9205397301349326,0.03321878579610538,0.06666666666666667,0.02262443438914027,0.8050974512743628,0.18157181571815717,3.7147102526002e-4,0.2812035661218425,0.42128935532233885,0.7796101949025487,1,676
ARG380280105,América del Sur,Argentina,ARG,Humahuaca,Municipio,Local,2,Jujuy,Humahuaca,15955,2022,0,0.05438826876778288,0.4070829450139795,0.5345480359678183,0.761036214644462,0.8751375137513752,0.5588558855885589,0.8336083608360836,0.04126119112495134,0.05444887118193891,0.03091351163598471,0.7760373729046441,0.5045582047685834,0.00771967002194808,0.33913569968969953,0.24614961496149615,0.6804180418041804,1,3676
ARG380286056,América del Sur,Argentina,ARG,Hipólito Yrigoyen,Comisión municipal,Local,2,Jujuy,Hipólito Yrigoyen,762,2022,0,0.10526315789473684,0.16023738872403562,0.44680851063829785,0.6352459016393442,0.5795053003533569,0.04240282685512368,0.6996466431095406,0.08185053380782918,0.09523809523809525,0.07096774193548387,0.3274647887323944,0.6796116504854368,0.0069101678183613,0.3464955577492596,0.0636042402826855,0.176678445229682,1,285
ARG380286063,América del Sur,Argentina,ARG,Tres Cruces,Comisión municipal,Local,2,Jujuy,Tres Cruces,631,2022,0,0.08059701492537313,0.25,0.4451612903225806,0.7348484848484849,0.7371794871794871,0.5705128205128205,0.7628205128205128,0.05421686746987952,0.02898550724637681,0.07216494845360824,0.7435897435897436,0.6166666666666667,0,0.203125,0.07692307692307693,0.5705128205128205,1,159
ARG380350119,América del Sur,Argentina,ARG,Caimancito,Municipio,Local,2,Jujuy,Caimancito,6295,2022,0,0.04676454594888527,0.32057631697433586,0.33918495297805645,0.7197604790419162,0.9885151763740772,0.7465135356849877,0.9688269073010664,0.06253585771658061,0.1256931608133087,0.03410981697171381,0.9581624282198524,0.2965116279069767,0.00240295748613678,0.13918669131238448,0.16324856439704677,0.7621000820344545,1,1222
ARG380350126,América del Sur,Argentina,ARG,Calilegua,Municipio,Local,2,Jujuy,Calilegua,12812,2022,0.966556606586578,0.02907915993537964,0.35509904622157007,0.4552083333333333,0.7671641791044777,0.9280926264472884,0.6508226691042047,0.95551492992078,0.06788079470198675,0.09725400457665904,0.05123216601815823,0.987812309567337,0.3729786124152321,0.00363693864642631,0.12539531941808982,0.2041438147471054,0.6892138939670932,1,1644
ARG380350133,América del Sur,Argentina,ARG,Fraile Pintado,Municipio,Local,2,Jujuy,Fraile Pintado,17628,2022,0,0.05442629179331307,0.28900060938452166,0.37941054379410544,0.7119428090832632,0.9408733387577976,0.6986710062381339,0.93246541903987,0.06866129650939777,0.1061269146608315,0.04843473124630833,0.9148590021691974,0.29620726495726496,0.00204498977505112,0.09347582294346592,0.16842961757526445,0.7350149172769189,1,3693
ARG380350140,América del Sur,Argentina,ARG,Libertador General San Martín,Municipio,Local,2,Jujuy,Libertador General San Martín,47973,2022,0.9484287063557364,0.03133700610153427,0.46047213834751577,0.5230709826887187,0.7787164463823409,0.9943224513651164,0.9291976287885112,0.9809635134006848,0.06917885264341957,0.0921505905511811,0.05284339457567804,0.9829687760894974,0.3262689343608823,0.00372609973172081,0.04034833709491973,0.3672038072973199,0.7744009351256576,1,12003
ARG380350147,América del Sur,Argentina,ARG,Yuto,Municipio,Local,2,Jujuy,Yuto,9424,2022,0,0.04991226359914213,0.2218905472636816,0.3956043956043956,0.7827181208053692,0.9555189456342668,0.5453047775947282,0.9187259747391544,0.05820679681851049,0.08888888888888889,0.04340836012861737,0.7677100494233937,0.30617051342439944,0.00504350018913125,0.1867355945025848,0.12959912136188906,0.7073036792970895,1,1823
ARG380420154,América del Sur,Argentina,ARG,Palpalá,Municipio,Local,2,Jujuy,Palpalá,65522,2022,0.9648346863610364,0.0303174729260995,0.4937729856235373,0.5147925574945106,0.74884512521274,0.9932703213610586,0.8414366729678638,0.9832136105860114,0.06919779546846296,0.0938376922213492,0.05137987012987013,0.9181976260678916,0.3921899325376232,0.00338203720240922,0.04117345290798199,0.36340264650283555,0.8059735349716446,1,13238
ARG380496070,América del Sur,Argentina,ARG,Mina Pirquitas,Comisión municipal,Local,2,Jujuy,Mina Pirquitas,614,2022,0,0.03986710963455149,0.0995850622406639,0.3619047619047619,0.6830601092896175,0.6020408163265306,0.09183673469387756,0.8010204081632653,0.0845771144278607,0.09210526315789472,0.08,0.28061224489795916,0.3916083916083916,0.00735294117647058,0.3047385620915033,0.05612244897959184,0.4387755102040816,1,201
ARG380496077,América del Sur,Argentina,ARG,Rinconada,Comisión municipal,Local,2,Jujuy,Rinconada,1006,2022,0,0.09968354430379749,0.11320754716981132,0.5588235294117647,0.7142857142857143,0.40893470790378006,0.17525773195876287,0.8144329896907216,0.01892744479495268,0.01973684210526315,0.01818181818181818,0.26804123711340205,0.7196969696969697,0,0.4254032258064516,0.06872852233676977,0.06529209621993128,1,299
ARG380560161,América del Sur,Argentina,ARG,San Antonio,Municipio,Local,2,Jujuy,San Antonio,6729,2022,0.21496987879085885,0.03323836657169991,0.36103896103896105,0.5149308084486526,0.7980569049271339,0.7804681194511702,0.5165456012913641,0.9144471347861178,0.04523424878836833,0.06930693069306931,0.03043478260869565,0.6448748991121872,0.3646131805157593,0.0044782803403493,0.02821316614420063,0.22195318805488295,0.7667473769168685,1,1239
ARG380630196,América del Sur,Argentina,ARG,La Esperanza,Municipio,Local,2,Jujuy,La Esperanza,6884,2022,0.8915428700017403,0.03787195671776375,0.33185185185185184,0.40436005625879046,0.7622107969151671,0.7666051660516606,0.5055350553505535,0.9787822878228782,0.03975014196479273,0.08,0.02023608768971332,0.9012915129151292,0.3290540540540541,0.00717753852649356,0.06776440785307157,0.22970479704797048,0.8376383763837638,1,1089
ARG380630203,América del Sur,Argentina,ARG,La Mendieta,Municipio,Local,2,Jujuy,La Mendieta,4591,2022,0,0.0188929400066291,0.5096203848153926,0.5752078609221466,0.7888059701492537,0.9934518241347052,0.9494855004677268,0.9887745556594948,0.03850385038503851,0.05519053876478318,0.02649006622516556,0.9878391019644528,0.6421961752004935,0.00245037980887037,0.01421220289144817,0.37792329279700654,0.8652946679139383,1,1072
ARG380630224,América del Sur,Argentina,ARG,San Pedro de Jujuy,Municipio,Local,2,Jujuy,San Pedro de Jujuy,72067,2022,0.9536906898194614,0.02764216461527882,0.4976968796433878,0.5215444015444015,0.7451389250899234,0.9883239636745536,0.7093346512633595,0.9463149440909372,0.06542476970317297,0.07748494719178758,0.05687701133342661,0.9307920059215395,0.440012070006035,0.00116795525579865,0.03655206448429018,0.3298325817013653,0.8212145548897263,1,16230
ARG380636091,América del Sur,Argentina,ARG,Arrayanal,Comisión municipal,Local,2,Jujuy,Arrayanal,818,2022,0,0.02252252252252252,0.24371859296482412,0.3191489361702128,0.742671009771987,0.9420289855072465,0.8599033816425121,0.9565217391304348,0.03773584905660377,0.06666666666666667,0.02631578947368421,0.9806763285024156,0.375,0.00929752066115702,0.15495867768595042,0.1642512077294686,0.8019323671497585,1,207
ARG380636105,América del Sur,Argentina,ARG,Rodeito,Comisión municipal,Local,2,Jujuy,Rodeito,2610,2022,0.05830922706007314,0.04362745098039215,0.19655442443226312,0.3303370786516854,0.7733598409542743,0.6531204644412192,0.5312046444121916,0.9477503628447026,0.06902985074626866,0.09523809523809525,0.05912596401028278,0.714078374455733,0.2393162393162393,0.0109079242861726,0.0410651267244145,0.14223512336719885,0.7895500725689405,1,689
ARG380636112,América del Sur,Argentina,ARG,Rosario de Río Grande,Comisión municipal,Local,2,Jujuy,Rosario de Río Grande,1267,2022,0.0111135949841451,0.03433922996878252,0.3114478114478115,0.3316953316953317,0.7149425287356321,0.7209302325581396,0.6976744186046512,0.9622093023255814,0.08968609865470852,0.1111111111111111,0.08038585209003216,0.9447674418604652,0.3005464480874317,0,0.07778608825729244,0.23837209302325585,0.875,1,344
ARG380700238,América del Sur,Argentina,ARG,El Talar,Municipio,Local,2,Jujuy,El Talar,3057,2022,0,0.05436991869918699,0.3007646559048428,0.427437641723356,0.7200447928331467,0.9868995633187772,0.8719068413391559,0.9708879184861716,0.03823529411764706,0.07692307692307693,0.01555209953343701,1,0.5071428571428571,0.00892244337680164,0.08579272477693892,0.18340611353711792,0.784570596797671,1,689
ARG380700245,América del Sur,Argentina,ARG,Palma Sola,Municipio,Local,2,Jujuy,Palma Sola,5686,2022,0,0.07333934475503456,0.2210581456259822,0.4235777930089102,0.7643564356435644,0.9290271132376396,0.47687400318979273,0.8779904306220097,0.04448198198198198,0.07605177993527508,0.02763385146804835,0.6985645933014354,0.35648535564853556,0.0022380467955239,0.03397761953204476,0.09569377990430622,0.6977671451355661,1,1257
ARG380700252,América del Sur,Argentina,ARG,Santa Clara,Municipio,Local,2,Jujuy,Santa Clara,6374,2022,0,0.06576629477392835,0.20496277915632757,0.3272490221642764,0.7291399229781772,0.8482587064676617,0.5854063018242123,0.9303482587064676,0.04822954822954823,0.07171314741035857,0.03785211267605633,0.7271973466003316,0.25183374083129584,0.00321604237608777,0.08588724933787363,0.1252072968490879,0.7106135986733002,1,1210
ARG380706098,América del Sur,Argentina,ARG,El Fuerte,Comisión municipal,Local,2,Jujuy,El Fuerte,691,2022,0,0.07733333333333334,0.2067307692307692,0.46853146853146854,0.7043010752688172,0.9025974025974026,0.2857142857142857,0.9415584415584416,0.02525252525252525,0.04477611940298507,0.01526717557251908,0.9415584415584416,0.515625,0.0018450184501845,0.02214022140221402,0.11038961038961038,0.2857142857142857,1,154
ARG380706119,América del Sur,Argentina,ARG,El Piquete,Comisión municipal,Local,2,Jujuy,El Piquete,3369,2022,0,0.03296703296703297,0.26876737720111216,0.34711779448621555,0.7429577464788732,0.8998482549317147,0.7921092564491654,0.9044006069802732,0.04285714285714286,0.07942238267148015,0.0268562401263823,0.7693474962063733,0.27800829875518673,0.0025089605734767,0.08279569892473118,0.13808801213960548,0.7602427921092565,1,661
ARG380706126,América del Sur,Argentina,ARG,Vinalito,Comisión municipal,Local,2,Jujuy,Vinalito,1320,2022,0,0.1008869179600887,0.20532319391634984,0.4985337243401759,0.8021739130434783,0.7530562347188264,0.28117359413202936,0.7603911980440099,0.05565862708719851,0.10588235294117648,0.03252032520325203,0.6699266503667481,0.4138888888888889,0.01480904130943102,0.13561964146531566,0.07334963325183375,0.6405867970660146,1,409
ARG380776133,América del Sur,Argentina,ARG,Cieneguillas,Comisión municipal,Local,2,Jujuy,Cieneguillas,1047,2022,0,0.09821428571428573,0.1697530864197531,0.540650406504065,0.8008658008658008,0.5676691729323309,0.11654135338345864,0.7105263157894737,0.01572327044025157,0.0150375939849624,0.01621621621621621,0.2932330827067669,0.5140845070422535,0.00223964165733482,0.3818589025755879,0.0150375939849624,0.06766917293233082,1,270
ARG380776140,América del Sur,Argentina,ARG,Cusi Cusi,Comisión municipal,Local,2,Jujuy,Cusi Cusi,856,2022,0,0.07566468334709159,0.1188174770386998,0.4063554072506624,0.6388462916875489,0.6762964926230233,0.13932326177224136,0.8673911122890714,0.02593257365511944,0.03765666965085049,0.02003948608797216,0.434579026415761,0.6766190165247451,0,0.46195165622202333,0.0924993373972966,0.17430868451276615,1,343
ARG380776147,América del Sur,Argentina,ARG,Santa Catalina,Comisión municipal,Local,2,Jujuy,Santa Catalina,915,2022,0,0.13273001508295626,0.11594202898550723,0.3713355048859935,0.5983935742971888,0.5276872964169381,0.09120521172638436,0.8208469055374592,0.01520912547528517,0.0087719298245614,0.02013422818791946,0.26384364820846906,0.7123287671232876,0.00282485875706214,0.4943502824858757,0.03257328990228013,0.1465798045602606,1,311
ARG380846154,América del Sur,Argentina,ARG,Catua,Comisión municipal,Local,2,Jujuy,Catua,507,2022,0,0.06302521008403361,0.07971014492753623,0.288135593220339,0.7111111111111111,0.935483870967742,0.3870967741935484,0.978494623655914,0.02040816326530612,0.02941176470588235,0.015625,0,0.641025641025641,0,0.2520833333333333,0.07526881720430108,0.15053763440860216,1,96
ARG380846161,América del Sur,Argentina,ARG,Coranzuli,Comisión municipal,Local,2,Jujuy,Coranzuli,544,2022,0,0.01713197969543147,0.2198391420911528,0.46919431279620855,0.7156673114119922,0.8342541436464088,0.2412523020257827,0.8195211786372008,0.03898050974512743,0.0505050505050505,0.02972972972972973,0.6040515653775322,0.4858490566037736,0.00433070866141732,0.5543307086614173,0.20626151012891344,0.49171270718232046,1,572
ARG380846168,América del Sur,Argentina,ARG,Susques,Comisión municipal,Local,2,Jujuy,Susques,2915,2022,0,0.05714285714285714,0.11870503597122302,0.3829787234042553,0.7352941176470589,0.7110091743119267,0.25688073394495414,0.7889908256880733,0.07207207207207207,0.09722222222222222,0.06,0.5504587155963303,0.5641025641025641,0.00389105058365758,0.3942931258106355,0.11009174311926606,0.16055045871559634,1,222
ARG380940322,América del Sur,Argentina,ARG,Maimará,Municipio,Local,2,Jujuy,Maimará,6851,2022,0,0.04938730040846639,0.3989962358845671,0.5805647840531561,0.8029386343993086,0.961783439490446,0.518653321201092,0.9262966333030026,0.05098280098280098,0.0715307582260372,0.03552206673842842,0.8762511373976342,0.45894736842105266,0.00470763131813676,0.17789890981169476,0.24385805277525024,0.7788898999090081,1,1109
ARG380940329,América del Sur,Argentina,ARG,Tilcara,Municipio,Local,2,Jujuy,Tilcara,5641,2022,0,0.0514820592823713,0.4162735849056603,0.5849056603773585,0.7480359147025814,0.8732227488151658,0.4626777251184835,0.8738151658767772,0.04714640198511166,0.06820276497695853,0.03000750187546886,0.7079383886255924,0.5059476605868358,0.00352056329012642,0.22691630660905743,0.2778436018957346,0.7268957345971564,1,1751
ARG380946175,América del Sur,Argentina,ARG,Huacalera,Comisión municipal,Local,2,Jujuy,Huacalera,2129,2022,0,0.08073654390934844,0.2096128170894526,0.43333333333333335,0.7030411449016101,0.6721311475409837,0.11639344262295082,0.8278688524590164,0.09341500765696784,0.12307692307692308,0.0737913486005089,0.3655737704918033,0.38815789473684215,0.00290697674418604,0.32073643410852715,0.07540983606557378,0.5868852459016394,1,616
ARG380986189,América del Sur,Argentina,ARG,Purmamarca,Comisión municipal,Local,2,Jujuy,Purmamarca,1808,2022,0,0.0547945205479452,0.27508854781582054,0.574750830564784,0.7417763157894737,0.7268128161888702,0.3996627318718381,0.8077571669477235,0.02760351317440401,0.03757225433526012,0.01995565410199556,0.3743676222596965,0.44354838709677413,9.1491308325709e-4,0.4423604757548033,0.14165261382799327,0.5716694772344013,1,620
ARG380986196,América del Sur,Argentina,ARG,Tumbaya,Comisión municipal,Local,2,Jujuy,Tumbaya,849,2022,0,0.06481481481481481,0.34563758389261745,0.5668202764976958,0.7198275862068966,0.6801801801801801,0.4099099099099099,0.6576576576576576,0.04137931034482758,0.04065040650406504,0.04191616766467065,0.481981981981982,0.49425287356321834,0.00944669365721997,0.5924426450742241,0.16216216216216217,0.509009009009009,1,222
ARG380986203,América del Sur,Argentina,ARG,Volcán,Comisión municipal,Local,2,Jujuy,Volcán,1838,2022,0,0.05233494363929147,0.4165477888730385,0.3901098901098901,0.6897880539499036,0.8017057569296375,0.6183368869936035,0.9339019189765458,0.0595446584938704,0.11737089201877934,0.02513966480446927,0.6567164179104478,0.52,0.00404390525707683,0.19179664933564416,0.16417910447761194,0.7164179104477612,1,473
ARG381056210,América del Sur,Argentina,ARG,Caspalá,Comisión municipal,Local,2,Jujuy,Caspalá,270,2022,0,0.11855670103092784,0.1206896551724138,0.4819277108433735,0.6904761904761905,0.5949367088607594,0.13924050632911392,0.8354430379746836,0.09183673469387756,0.1,0.08620689655172414,0,0.7540983606557377,0,0.2331288343558282,0,0.08860759493670886,1,80
ARG381056217,América del Sur,Argentina,ARG,Pampichuela,Comisión municipal,Local,2,Jujuy,Pampichuela,301,2022,0,0.09090909090909093,0.08130081300813008,0.3103448275862069,0.7551020408163265,0.5229357798165137,0.13761467889908258,0.8440366972477065,0.07608695652173914,0,0.0945945945945946,0.24770642201834864,0.9090909090909092,0,0.03355704697986577,0.01834862385321101,0.13761467889908258,1,113
ARG381056224,América del Sur,Argentina,ARG,San Francisco,Comisión municipal,Local,2,Jujuy,San Francisco,618,2022,0,0.11528150134048255,0.19339622641509435,0.3655172413793103,0.7471264367816092,0.9485714285714286,0.4628571428571429,0.84,0.06557377049180328,0.07547169811320754,0.06153846153846154,0.6971428571428572,0.7131147540983607,0.00185185185185185,0.3277777777777778,0.03428571428571429,0.12,1,175
ARG381056231,América del Sur,Argentina,ARG,Santa Ana,Comisión municipal,Local,2,Jujuy,Santa Ana,632,2022,0,0.08045977011494253,0.1282051282051282,0.4728682170542636,0.7155963302752294,0.8582089552238806,0.13432835820895522,0.8432835820895523,0.05755395683453238,0.08196721311475409,0.03846153846153846,0.4626865671641791,0.6447368421052632,0,0.6873614190687362,0.04477611940298507,0.20149253731343283,1,134
ARG381056238,América del Sur,Argentina,ARG,Valle Grande,Comisión municipal,Local,2,Jujuy,Valle Grande,669,2022,0,0.08768656716417911,0.2771929824561403,0.34977578475336324,0.7610619469026548,0.8892857142857142,0.18571428571428572,0.914285714285714,0.04,0.05128205128205128,0.03488372093023256,0.8821428571428571,0.859375,0.00119617224880382,0.25239234449760767,0.08928571428571429,0.07142857142857142,1,283
ARG381120406,América del Sur,Argentina,ARG,La Quiaca,Municipio,Local,2,Jujuy,La Quiaca,22473,2022,0,0.06677923174335162,0.4340909090909091,0.5315771109560363,0.7275132275132276,0.9675168955744496,0.7022018748637454,0.9509483322432962,0.06689821806100876,0.08336068263866098,0.05286713286713287,0.9196253539533872,0.6088242543751541,0.00441893830703012,0.17084648493543758,0.30717244386309134,0.7318508829300197,1,4608
ARG381126245,América del Sur,Argentina,ARG,Barrios,Comisión municipal,Local,2,Jujuy,Barrios,277,2022,0,0.10599078341013823,0.08823529411764706,0.4526315789473685,0.6329113924050633,0.6846846846846847,0.10810810810810811,0.7387387387387387,0.02150537634408602,0.04651162790697674,0,0.15315315315315314,0.7000000000000001,0,0.4699140401146132,0.01801801801801801,0.44144144144144143,1,111
ARG381126252,América del Sur,Argentina,ARG,Cangrejillos,Comisión municipal,Local,2,Jujuy,Cangrejillos,347,2022,0,0.12837837837837837,0.06060606060606061,0.5378787878787878,0.6435643564356436,0.6217948717948718,0.08974358974358974,0.7884615384615384,0.02205882352941176,0.02816901408450704,0.01538461538461538,0,0.7910447761194029,0,0.5280172413793104,0.03205128205128205,0.28205128205128205,1,157
ARG381126259,América del Sur,Argentina,ARG,El Cóndor,Comisión municipal,Local,2,Jujuy,El Cóndor,620,2022,0,0.11191335740072202,0.12,0.40707964601769914,0.49107142857142855,0.653225806451613,0.11290322580645162,0.717741935483871,0.07920792079207921,0.08695652173913043,0.07272727272727272,0.1854838709677419,0.6956521739130435,0,0.4899777282850779,0.03225806451612903,0.1532258064516129,1,127
ARG381126266,América del Sur,Argentina,ARG,Pumahuasi,Comisión municipal,Local,2,Jujuy,Pumahuasi,1233,2022,0,0.0997191011235955,0.09473684210526316,0.4461538461538462,0.662962962962963,0.3515151515151515,0.02727272727272727,0.7848484848484849,0.05864197530864197,0.05517241379310345,0.06145251396648044,0.02424242424242424,0.5238095238095238,0,0.4939309056956116,0.03939393939393939,0.20909090909090908,1,331
ARG381126273,América del Sur,Argentina,ARG,Yavi,Comisión municipal,Local,2,Jujuy,Yavi,881,2022,0,0.17185185185185184,0.07046979865771812,0.3732394366197183,0.6351931330472103,0.725552050473186,0.12933753943217666,0.8075709779179812,0.05905511811023622,0.01886792452830188,0.08783783783783784,0.17034700315457413,0.7142857142857143,9.5419847328244e-4,0.5486641221374046,0.03785488958990536,0.26813880126182965,1,334
ARG386060,América del Sur,Argentina,ARG,Palca de Aparzo,Comisión municipal,Local,2,Jujuy,Palca de Aparzo,657,2022,0,NA,NA,NA,NA,NA,NA,NA,NA,NA,NA,NA,NA,NA,NA,NA,NA,0,NA
ARG386067,América del Sur,Argentina,ARG,Uquía,Comisión municipal,Local,2,Jujuy,Uquía,1510,2022,0,NA,NA,NA,NA,NA,NA,NA,NA,NA,NA,NA,NA,NA,NA,NA,NA,0,NA
ARG386179,América del Sur,Argentina,ARG,El Moreno,Comisión municipal,Local,2,Jujuy,El Moreno,803,2022,0,NA,NA,NA,NA,NA,NA,NA,NA,NA,NA,NA,NA,NA,NA,NA,NA,0,NA
ARG42,América del Sur,Argentina,ARG,La Pampa,Provincia,Regional,1,La Pampa,NA,361859,2022,NA,0.02106925313934788,0.4417518087686631,0.6110232797122643,0.8439041368337311,0.904562197871531,0.8696382345027232,0.9964370876903236,0.05410324401333324,0.07684595232704809,0.03753107950461332,0.9328589453371432,0.3654491241147969,0.0020764626847441,0.04411621927195397,0.4753426055651948,0.8949497573693831,1,108131
ARG420070112,América del Sur,Argentina,ARG,Doblas,Municipio,Local,2,La Pampa,Doblas,1770,2022,0,0.02060427566845099,0.3669930632855101,0.5295182831743876,0.821685993341661,0.8780890685747372,0.8780244437091572,0.998394718338986,0.04768265571977204,0.05291979616972975,0.0446686279506127,0.88788466898595,0.9925512452427054,0.00340522133938706,0.01418842224744608,0.3836364670361485,0.922946480271321,1,628
ARG420070231,América del Sur,Argentina,ARG,Macachín,Municipio,Local,2,La Pampa,Macachín,5686,2022,0,0.01059431524547803,0.3914334181509754,0.5900383141762452,0.8583797155225726,0.9383062254627031,0.8883903533370723,0.9983174425126192,0.03200692041522491,0.05194805194805195,0.01873198847262247,0.9433538979248458,0.6200735680504466,8.080808080808e-4,0.01535353535353535,0.48850252383623105,0.9141895681435782,1,1790
ARG420070259,América del Sur,Argentina,ARG,Miguel Riglos,Municipio,Local,2,La Pampa,Miguel Riglos,2467,2022,0,0.01881497039190572,0.3147576417048779,0.49265375680470025,0.8582344963831641,0.8610920206046564,0.6968405757260393,0.9974996890974664,0.03522390314843145,0.05581993954086978,0.02360908918285967,0.8636119674566864,0.7272619165522749,0.00214500214500214,0.04418704418704419,0.3822366655539629,0.928574233707071,1,802
ARG420070322,América del Sur,Argentina,ARG,Rolón,Municipio,Local,2,La Pampa,Rolón,756,2022,0,0.0119661266568483,0.2669923901764096,0.5070732838589981,0.8665380786460926,0.8444675267876667,0.7852066477148479,1,0.01228269085411942,0.03585217870932156,0,0.8185408921933085,0.3301282051282052,0,0.02168367346938775,0.3814919090312705,0.9296277061010276,1,272
ARG420070364,América del Sur,Argentina,ARG,Tomás M. Anchorena,Municipio,Local,2,La Pampa,Tomás M. Anchorena,469,2022,0,0.00592405013724204,0.30758245677153845,0.4523213789268835,0.9131711483707688,0.6419187898089173,0.7181528662420382,1,0.01057040287195851,0,0.01506048550783469,0.6419187898089173,0.4829699352635132,0,0.00688073394495412,0.3140425955414013,0.9165505573248408,1,157
ARG420140189,América del Sur,Argentina,ARG,La Adela,Municipio,Local,2,La Pampa,La Adela,2603,2022,0,0.02029078392767004,0.34288914939985343,0.5813712465763774,0.8527085208839641,0.8430923885441739,0.7722999977918608,0.9929863978625212,0.03740905934763135,0.05780016362256415,0.02331107173685884,0.8402295360699539,0.2611552166871203,0.00483091787439613,0.02810715854194115,0.3732958685715547,0.8698014882858216,1,716
ARG420210028,América del Sur,Argentina,ARG,Anguil,Municipio,Local,2,La Pampa,Anguil,2315,2022,0,0.02183098591549295,0.2734553775743707,0.5033444816053512,0.7947882736156352,0.8613861386138614,0.6204620462046205,0.995049504950495,0.05830164765525982,0.09966777408637874,0.03278688524590164,0.8118811881188119,0.2330226364846871,0.00257731958762886,0.03195876288659793,0.3102310231023102,0.8910891089108911,1,607
ARG420210336,América del Sur,Argentina,ARG,Santa Rosa,Municipio,Local,2,La Pampa,Santa Rosa,116083,2022,0.9565652756919326,0.01503597626645912,0.5240494877979398,0.6578956636255923,0.8374422855956286,0.9398592133751472,0.9534333296772192,0.9989163586011924,0.06071250184965631,0.0777609397966629,0.04643658381937264,0.9946126822175444,0.4257963739795173,0.00312895344233164,0.05630184743454789,0.5544535128874777,0.9003340817550387,1,35168
ARG420280077,América del Sur,Argentina,ARG,Catriló,Municipio,Local,2,La Pampa,Catriló,4840,2022,0,0.01761636145271331,0.3171786702020392,0.5568472986970506,0.8525026138333182,0.9165653465854692,0.6531585023623655,0.99847149734857,0.03562620824813343,0.06439727378747062,0.01776653071298135,0.9196371000806433,0.1694248442997912,4.7247814788566e-4,0.01535553980628396,0.5076587362686955,0.9326190488831784,1,1311
ARG420280217,América del Sur,Argentina,ARG,Lonquimay,Municipio,Local,2,La Pampa,Lonquimay,1954,2022,0,0.02072612921669525,0.30262554557342525,0.5919029075215543,0.8990727620752231,0.9384928310268664,0.6466900433008473,1,0.03940016643173751,0.06377270528213924,0.02406905328390416,0.8927511636322798,0.16353767710707487,0.00171526586620926,0.02344196683819325,0.41955650947751977,0.9195577573405542,1,635
ARG420280378,América del Sur,Argentina,ARG,Uriburu,Municipio,Local,2,La Pampa,Uriburu,1341,2022,0,0.03239056722344227,0.29530102065973085,0.4886363636363637,0.846029700616782,0.7835820895522387,0.708955223880597,1,0.07604417696982398,0.1569767441860465,0.03523494896701346,0.8184079601990049,0.38397059771745434,0,0.01592623637887678,0.27611940298507465,0.9552238805970148,1,402
ARG420350098,América del Sur,Argentina,ARG,Conhelo,Municipio,Local,2,La Pampa,Conhelo,649,2022,0,0.05702647657841141,0.17218543046357615,0.453125,0.9065040650406504,0.6742081447963801,0.5927601809954751,0.986425339366516,0.02580645161290322,0.05747126436781609,0.01345291479820627,0.6470588235294118,0.30039525691699603,0,0.04296296296296296,0.2398190045248869,0.9321266968325792,1,221
ARG420350119,América del Sur,Argentina,ARG,Eduardo Castex,Municipio,Local,2,La Pampa,Eduardo Castex,10501,2022,0,0.02160695459515207,0.38641387007353944,0.6015780434623408,0.8452191661176641,0.9492430195855386,0.8407991168923641,0.9987984265574869,0.04514201087623413,0.06583520584293472,0.03063660559353328,0.9387292519635468,0.24575129661424605,0.00190073917634635,0.02175290390707497,0.40672944444685655,0.8810448623599612,1,3336
ARG420350238,América del Sur,Argentina,ARG,Mauricio Mayer,Municipio,Local,2,La Pampa,Mauricio Mayer,437,2022,0,0.00816276803118908,0.2977502045268612,0.5011121553884712,0.8870300751879698,0.653179190751445,0.653179190751445,0.9826589595375724,0.02421920185078079,0.05976806422836753,0.00716730851519041,0.653179190751445,0.3305166196033069,0.00657894736842105,0.02412280701754386,0.32947976878612717,0.8786127167630058,1,173
ARG420350266,América del Sur,Argentina,ARG,Monte Nievas,Municipio,Local,2,La Pampa,Monte Nievas,624,2022,0,0.02075844716031632,0.30186480186480186,0.4996834441278886,0.8180060163300387,0.8911917098445596,0.5906735751295337,0.9948186528497408,0.03030814215024741,0.04878048780487805,0.0202845100105374,0.8082901554404145,0.39241917502787066,0,0.04578754578754578,0.305699481865285,0.9015544041450776,1,193
ARG420350413,América del Sur,Argentina,ARG,Winifreda,Municipio,Local,2,La Pampa,Winifreda,2675,2022,0,0.0103314006838187,0.33132540477172284,0.6175919836516043,0.8891018143878966,0.8250728862973761,0.60932944606414,0.9941690962099126,0.03315287529261122,0.06690567677599378,0.01385981695144265,0.8056365403304179,0.22091051364077133,0.00180115273775216,0.03494236311239192,0.3809523809523809,0.8843537414965986,1,1029
ARG420355133,América del Sur,Argentina,ARG,Rucanelo,Comisión de fomento,Local,2,La Pampa,Rucanelo,300,2022,0,0.09051724137931036,0.220125786163522,0.3793103448275862,0.8879310344827587,0.7431192660550459,0.5596330275229358,1,0.02941176470588235,0.06060606060606061,0.01941747572815533,0.7155963302752294,0.5633802816901409,0,0.05245901639344262,0.1651376146788991,0.8715596330275229,1,109
ARG420420158,América del Sur,Argentina,ARG,Gobernador Duval,Municipio,Local,2,La Pampa,Gobernador Duval,566,2022,0,0.06893881281220293,0.24768776158486605,0.5647391110450425,0.9277846845078408,0.6032247153004848,0.6131469162250536,0.9663998195963468,0.03422796127745795,0.04723858983321682,0.02804791271347248,0.6370504002706054,0.5066719715982128,0,0.01518026565464895,0.2028413575374901,0.19145337693088285,1,181
ARG420420280,América del Sur,Argentina,ARG,Puelches,Municipio,Local,2,La Pampa,Puelches,526,2022,0,0.05860058309037901,0.28099906629318394,0.6113345864661653,0.910596546310832,0.7622053872053872,0.5935278713056491,0.9719416386083052,0.03709856035437431,0.03087557603686636,0.04060606060606061,0.7248410026187805,0.4285714285714286,0.00535714285714285,0.07321428571428572,0.19622147399925177,0.8647119341563785,1,216
ARG420490329,América del Sur,Argentina,ARG,Santa Isabel,Municipio,Local,2,La Pampa,Santa Isabel,2864,2022,0,0.08695652173913043,0.3046937151949085,0.5599078341013825,0.8295918367346938,0.905982905982906,0.5972222222222222,0.9882478632478632,0.03079291762894534,0.04732510288065843,0.02091020910209102,0.8151709401709402,0.3865363735070575,0.00842886041807147,0.2036412677006069,0.2905982905982906,0.8974358974358975,1,941
ARG420560049,América del Sur,Argentina,ARG,Bernardo Larroudé,Municipio,Local,2,La Pampa,Bernardo Larroudé,1707,2022,0,0.0180817610062893,0.35935397039030953,0.56,0.9001883239171374,0.02711864406779661,0.8135593220338984,0.9966101694915254,0.02638522427440633,0.03571428571428571,0.02092050209205021,0.905084745762712,0.582995951417004,0.00122850122850122,0.0085995085995086,0.4440677966101695,0.9152542372881356,1,591
ARG420560084,América del Sur,Argentina,ARG,Ceballos,Municipio,Local,2,La Pampa,Ceballos,393,2022,0,0.02531645569620253,0.2955665024630542,0.5166666666666667,0.9113924050632912,0.7703703703703704,0.7407407407407407,1,0.01941747572815533,0.04838709677419355,0.00694444444444444,0.7555555555555555,0.26,0.00467289719626168,0.02102803738317757,0.4074074074074074,0.8962962962962963,1,135
ARG420560105,América del Sur,Argentina,ARG,Coronel Hilario Lagos,Municipio,Local,2,La Pampa,Coronel Hilario Lagos,662,2022,0,0.01551724137931034,0.351123595505618,0.5043103448275862,0.9065040650406504,0.8158844765342961,0.6967509025270758,0.9963898916967509,0.01470588235294117,0.04273504273504273,0,0.8700361010830325,0.6086956521739131,0,0.03534031413612566,0.4007220216606498,0.9350180505415162,1,277
ARG420560175,América del Sur,Argentina,ARG,Intendente Alvear,Municipio,Local,2,La Pampa,Intendente Alvear,8471,2022,0,0.01853470886518622,0.4015859529878221,0.615736885928393,0.8899198650358499,0.958047292143402,0.8985507246376812,0.9977116704805492,0.03650041794371691,0.05476673427991886,0.02369668246445497,0.9130434782608696,0.25010688328345443,0.00129182276191706,0.0219609869525901,0.484744469870328,0.9183829138062548,1,2629
ARG420560392,América del Sur,Argentina,ARG,Vértiz,Municipio,Local,2,La Pampa,Vértiz,787,2022,0,0.03111800809308202,0.23872098723402008,0.5716518800168989,0.8885445179339162,0.8958401216465732,0.7015314434669273,1,0.10144590155453816,0.1616557734204793,0.06685527904420377,0.8886580862387313,0.31900079842325363,0,0.03168567807351077,0.3057592049527533,0.9136526555881394,1,279
ARG420565140,América del Sur,Argentina,ARG,Sarah,Comisión de fomento,Local,2,La Pampa,Sarah,264,2022,0,0.01273885350318471,0.17708333333333334,0.375,0.8873239436619719,0.07246376811594203,0.40579710144927533,1,0.08045977011494253,0.08333333333333333,0.07936507936507936,0.7681159420289855,0.4545454545454546,0,0.00408163265306122,0.3188405797101449,0.9420289855072465,1,70
ARG420630011,América del Sur,Argentina,ARG,Algarrobo del Águila,Municipio,Local,2,La Pampa,Algarrobo del Águila,525,2022,0,0.12534818941504178,0.29493087557603687,0.55,0.8579234972677595,0.7670454545454545,0.4715909090909091,0.9659090909090908,0.04273504273504273,0.07792207792207792,0.02547770700636942,0.6534090909090909,0.4715447154471545,0,0.07235621521335807,0.23295454545454544,0.8522727272727273,1,177
ARG420630196,América del Sur,Argentina,ARG,La Humada,Municipio,Local,2,La Pampa,La Humada,936,2022,0,0.15905511811023623,0.16393442622950818,0.5098814229249012,0.7878787878787878,0.6577181208053691,0.47651006711409394,0.889261744966443,0.03581267217630854,0.05426356589147287,0.02564102564102564,0.5671140939597316,0.6521739130434783,0.00415368639667705,0.0695742471443406,0.174496644295302,0.6845637583892618,1,299
ARG420700014,América del Sur,Argentina,ARG,Alpachiri,Municipio,Local,2,La Pampa,Alpachiri,2032,2022,0,0.00939261114589856,0.38159371492704824,0.5822147651006712,0.8396694214876033,0.8898847631241997,0.7772087067861715,0.9923175416133164,0.02807017543859649,0.04034582132564841,0.01968503937007874,0.8860435339308579,0.36659877800407337,0,0.0109835247129306,0.3649167733674776,0.8834827144686299,1,782
ARG420700140,América del Sur,Argentina,ARG,General Campos,Municipio,Local,2,La Pampa,General Campos,1262,2022,0,0.00586854460093896,0.39332096474953615,0.6498422712933754,0.8905472636815921,0.8703241895261845,0.7805486284289277,1,0.03546099290780142,0.05339805825242718,0.02513966480446927,0.8827930174563591,0.25217391304347825,0,0.03295668549905838,0.4513715710723192,0.9326683291770572,1,403
ARG420700161,América del Sur,Argentina,ARG,Guatraché,Municipio,Local,2,La Pampa,Guatraché,5396,2022,0,0.03187784623627109,0.4134881149806523,0.5708529214237743,0.8718125430737422,0.8176605504587156,0.6800458715596329,0.9971330275229358,0.03309692671394799,0.05764705882352941,0.01660079051383399,0.8256880733944955,0.3462929475587703,1.9853087155052e-4,0.01925749454040103,0.38474770642201833,0.7964449541284404,1,1758
ARG420700343,América del Sur,Argentina,ARG,Colonia Santa Teresa,Municipio,Local,2,La Pampa,Colonia Santa Teresa,600,2022,0,0.00610997963340122,0.2828282828282828,0.4782608695652174,0.8786407766990292,0.7913043478260869,0.6608695652173914,0.991304347826087,0.01486988847583643,0.03409090909090909,0.00552486187845303,0.808695652173913,0.4203821656050955,0.00162074554294975,0.02269043760129659,0.3695652173913043,0.8347826086956521,1,231
ARG420705105,América del Sur,Argentina,ARG,Perú,Comisión de fomento,Local,2,La Pampa,Perú,64,2022,0,0.01594788858939802,0.2055984555984556,0.29308390022675734,0.8121693121693122,0.3793103448275862,0.1724137931034483,1,0,0,0,0.3448275862068966,0.3169642857142857,0,0,0.2413793103448276,0.8275862068965517,1,29
ARG420770007,América del Sur,Argentina,ARG,Abramo,Municipio,Local,2,La Pampa,Abramo,471,2022,0,0.03141361256544502,0.24789915966386555,0.5116279069767442,0.8473684210526315,0.59375,0.6979166666666666,0.9947916666666666,0.02643171806167401,0.0303030303030303,0.0248447204968944,0.609375,0.3018867924528302,0.00609756097560975,0.008130081300813,0.19791666666666663,0.7916666666666666,1,193
ARG420770056,América del Sur,Argentina,ARG,Bernasconi,Municipio,Local,2,La Pampa,Bernasconi,1780,2022,0,0.01925442846410957,0.30712354733831443,0.5105452971725332,0.8281636758645263,0.9005063718457254,0.8066250316482404,1,0.07707364538429336,0.09412729680553068,0.06724803165152748,0.8759979745126171,0.4075313421700113,0.00173110213502596,0.02192729371032891,0.3290319858215883,0.7792809519790699,1,697
ARG420770154,América del Sur,Argentina,ARG,General San Martín,Municipio,Local,2,La Pampa,General San Martín,2899,2022,0,0.01201661558580201,0.3627017663457184,0.5837328809434749,0.8332451239910678,0.8955571798768077,0.8469536062193036,0.996333405692888,0.04824500374590151,0.06262626262626263,0.03904405491615976,0.8909824166282256,0.29155672823219,0,0.01749375223134594,0.357484465308116,0.8295288036252136,1,1096
ARG420770182,América del Sur,Argentina,ARG,Jacinto Aráuz,Municipio,Local,2,La Pampa,Jacinto Aráuz,2617,2022,0,0.00815375819725846,0.3980648744960722,0.617496217249343,0.8500046641659199,0.9044999032278876,0.8528945614072817,0.9989709898711856,0.03403484345086659,0.04009691267940889,0.02975109799890533,0.9189060450312896,0.31817922618538474,0.00153964588144726,0.01270207852193995,0.4331960602997786,0.8508365411496528,1,980
ARG420845042,América del Sur,Argentina,ARG,Cuchillo Co,Comisión de fomento,Local,2,La Pampa,Cuchillo Co,287,2022,0,0.03508771929824561,0.30275229357798167,0.7761194029850746,0.9473684210526316,0.7865168539325842,0.5617977528089887,1,0.07258064516129033,0.09615384615384616,0.05555555555555555,0.7640449438202247,0.5679012345679012,0,0.02409638554216867,0.39325842696629215,0.7528089887640449,1,90
ARG420915077,América del Sur,Argentina,ARG,La Reforma,Comisión de fomento,Local,2,La Pampa,La Reforma,251,2022,0,0.09444444444444444,0.2831858407079646,0.7333333333333333,0.9166666666666666,0.8555555555555555,0.6111111111111112,0.9777777777777776,0.01515151515151515,0.01818181818181818,0.01298701298701298,0.7666666666666667,0.6363636363636364,0,0.07462686567164178,0.2777777777777778,0.8777777777777778,1,91
ARG420915084,América del Sur,Argentina,ARG,Limay Mahuida,Comisión de fomento,Local,2,La Pampa,Limay Mahuida,162,2022,0,0.16097560975609757,0.12745098039215683,0.631578947368421,0.896551724137931,0.46464646464646464,0.18181818181818185,0.9595959595959596,0.01428571428571428,0.02777777777777777,0.00961538461538461,0,0.34615384615384615,0,0.05957446808510638,0.0707070707070707,0.696969696969697,1,99
ARG420980070,América del Sur,Argentina,ARG,Carro Quemado,Municipio,Local,2,La Pampa,Carro Quemado,716,2022,0,0.03830114537168332,0.33315896932018063,0.5481265561425882,0.9325547647018174,0.507537688442211,0.6482412060301508,0.9899497487437184,0.08053754567959448,0.07408756907754904,0.08278991846126114,0.4773869346733668,0.2607882431529726,0.00200400801603206,0.06613226452905813,0.25125628140703515,0.7939698492462312,1,199
ARG420980224,América del Sur,Argentina,ARG,Luan Toro,Municipio,Local,2,La Pampa,Luan Toro,785,2022,0,0.06678445704458119,0.313371493227728,0.4572539421244152,0.812935987956661,0.831351928059747,0.6610272824264594,0.988736473098613,0.05448159163162753,0.06403376103820071,0.04933042174221895,0.8202408169486359,0.37445869902507933,0.00251256281407035,0.06407035175879397,0.2716201798506325,0.8754915409236398,1,270
ARG420980350,América del Sur,Argentina,ARG,Telén,Municipio,Local,2,La Pampa,Telén,1582,2022,0,0.07699711260827719,0.31871838111298484,0.41148325358851673,0.734065934065934,0.841304347826087,0.7043478260869565,0.9934782608695653,0.17193675889328064,0.20930232558139536,0.15269461077844312,0.7434782608695653,0.4664634146341464,0,0.10620689655172412,0.2782608695652174,0.7891304347826087,1,461
ARG420980399,América del Sur,Argentina,ARG,Victorica,Municipio,Local,2,La Pampa,Victorica,6284,2022,0,0.04879310562376188,0.4181992816707367,0.5752020842803611,0.7789304232874686,0.960433975195348,0.7778459777131554,0.9936674682954154,0.06004358873673691,0.07832065494341062,0.04629398720617098,0.9440749349585044,0.3811727525572009,0.00448353164338679,0.10932919468873945,0.40264235618478383,0.8907716543180063,1,1899
ARG420985091,América del Sur,Argentina,ARG,Loventué,Comisión de fomento,Local,2,La Pampa,Loventué,160,2022,0,0.04444444444444444,0.16071428571428573,0.4857142857142857,0.868421052631579,0.5681818181818182,0.5909090909090909,1,0,0,0,0.5681818181818182,0.5263157894736842,0,0.03973509933774834,0.2272727272727273,0.9772727272727272,1,45
ARG421050116,América del Sur,Argentina,ARG,Dorila,Municipio,Local,2,La Pampa,Dorila,794,2022,0,0.02015113350125944,0.28991596638655465,0.4768211920529801,0.8763440860215054,0.6795580110497238,0.6077348066298344,0.9944751381215468,0.0425531914893617,0.09722222222222222,0.01840490797546012,0.6906077348066298,0.2558139534883721,0,0.0660377358490566,0.3812154696132597,0.8784530386740331,1,181
ARG421050147,América del Sur,Argentina,ARG,General Pico,Municipio,Local,2,La Pampa,General Pico,67138,2022,0.9316854421141694,0.01394036270400105,0.49657983782969034,0.6327333352446106,0.8299097391801331,0.947061386023486,0.9681438116086668,0.9984383091529322,0.06565113483441136,0.09938463069592653,0.03879172019295678,0.9689250578824352,0.2991520550326562,5.3728963377645e-4,0.02998422794946011,0.5328481153190656,0.9011970257421767,1,19247
ARG421055014,América del Sur,Argentina,ARG,Agustoni,Comisión de fomento,Local,2,La Pampa,Agustoni,362,2022,0,0.00701754385964912,0.27472527472527475,0.4727272727272727,0.8992805755395683,0.7611940298507462,0.6044776119402985,0.9776119402985076,0.01694915254237288,0.01923076923076923,0.016,0.7910447761194029,0.323943661971831,0.0079155672823219,0.08443271767810026,0.2462686567164179,0.8805970149253731,1,134
ARG421055147,América del Sur,Argentina,ARG,Speluzzi,Comisión de fomento,Local,2,La Pampa,Speluzzi,789,2022,0,0.01222235924418684,0.30343194830198933,0.5962566844919786,0.9087014373236244,0.6686746987951807,0.7289156626506024,0.9879518072289156,0.11696118776728798,0.19753086419753085,0.07197611554910029,0.5542168674698795,0.3007573399730262,0,0.07625272331154684,0.25301204819277107,0.9337349397590362,1,166
ARG421120287,América del Sur,Argentina,ARG,Puelén,Municipio,Local,2,La Pampa,Puelén,759,2022,0,0.1527777777777778,0.2268041237113402,0.6681614349775785,0.8592592592592593,0.6614785992217899,0.44357976653696496,0.9105058365758754,0.06036745406824147,0.06711409395973154,0.05603448275862069,0.42023346303501946,0.5235294117647058,0,0.1022167487684729,0.16342412451361868,0.7665369649805448,1,257
ARG421120385,América del Sur,Argentina,ARG,Colonia 25 de Mayo,Municipio,Local,2,La Pampa,Colonia 25 de Mayo,10751,2022,0,0.0327296766870318,0.3612651136593083,0.5093843843843844,0.859057246973081,0.946609137695404,0.8803719669688395,0.9903652686835234,0.05462428316255903,0.06702027607590749,0.04765025232366438,0.8992815890919647,0.3078279493675163,0.0043493593511226,0.03267897025978606,0.48253946010020426,0.9442020619404972,1,2501
ARG421122007,América del Sur,Argentina,ARG,Casa de Piedra,Comuna,Local,2,La Pampa,Casa de Piedra,185,2022,0,0.03768115942028985,0.46342592592592585,0.8380718954248365,0.9635933806146572,0.8253968253968254,0.4476190476190477,0.9682539682539684,0.04624624624624624,0.05900383141762452,0.03802469135802469,0.8095238095238095,0.575287356321839,0.01666666666666666,0.1388888888888889,0.3576719576719577,0.9026455026455028,1,63
ARG421190091,América del Sur,Argentina,ARG,Colonia Barón,Municipio,Local,2,La Pampa,Colonia Barón,2756,2022,0,0.02022739206721225,0.32563837754470437,0.5562296493691957,0.8148729627174033,0.8929617557583659,0.8020404172099088,0.9957518470230334,0.04038618549967342,0.05312099560732146,0.03155941235627715,0.8955948124882398,0.31502031606538466,0.00261267145656433,0.02220770738079686,0.35173837461973056,0.8886983920034767,1,1180
ARG421190252,América del Sur,Argentina,ARG,Miguel Cané,Municipio,Local,2,La Pampa,Miguel Cané,763,2022,0,0.01772525849335303,0.2960199004975124,0.5961538461538461,0.8445945945945946,0.8863636363636365,0.5909090909090909,0.987012987012987,0.02962962962962963,0.06451612903225806,0.008,0.935064935064935,0.3136531365313653,0.00342857142857142,0.01028571428571428,0.3896103896103896,0.905844155844156,1,310
ARG421190301,América del Sur,Argentina,ARG,Quemú Quemú,Municipio,Local,2,La Pampa,Quemú Quemú,4176,2022,0,0.01405668561923267,0.4177442014820434,0.5622644810338796,0.882195887263966,0.9286606701992814,0.7807766052271014,0.9956298321402388,0.02372768532526475,0.04513734935463961,0.01015423819553035,0.9323024767490824,0.24797910955997268,0.00100857286938981,0.02723146747352496,0.4894481126731661,0.89657269398564865,1,1378
ARG421190406,América del Sur,Argentina,ARG,Villa Mirasol,Municipio,Local,2,La Pampa,Villa Mirasol,578,2022,0,0.01114488348530901,0.3655785009039077,0.535259732626607,0.8212338287180583,0.8249240121580548,0.7291962174940899,0.9920466058763932,0.02520458265139116,0.05673758865248227,0.00581472181842209,0.8607902735562311,0.4436460641524859,0,0.01671732522796352,0.3864910503208376,0.896403242147923,1,252
ARG421195126,América del Sur,Argentina,ARG,Relmo,Comisión de fomento,Local,2,La Pampa,Relmo,143,2022,0,0.0202020202020202,0.2698412698412698,0.5813953488372093,0.782608695652174,0.75,0.6666666666666666,1,0.08196721311475409,0.16,0.02777777777777777,0.7291666666666666,0.375,0,0.01257861635220125,0.3333333333333333,0.9791666666666666,1,48
ARG421260063,América del Sur,Argentina,ARG,Caleufú,Municipio,Local,2,La Pampa,Caleufú,2322,2022,0,0.03154179839717667,0.32278169591602424,0.5447317623809625,0.842015516848389,0.9406718132524584,0.7725607327757865,0.9950556015072144,0.04386232104782212,0.05265793160094739,0.038502937768667,0.9221303189045124,0.3116148580406239,0,0.02345415778251599,0.35228532916704963,0.8899871335355206,1,810
ARG421260210,América del Sur,Argentina,ARG,La Maruja,Municipio,Local,2,La Pampa,La Maruja,1461,2022,0,0.04721521353144566,0.28200465683556936,0.487712096332786,0.8119122257053291,0.8275567508583586,0.5687706322919135,0.9953375842513956,0.03524383818277619,0.05278428746791652,0.02580954953332733,0.8023608713341617,0.3194894265574395,0,0.01580459770114942,0.29838358565122264,0.9160875387845754,1,431
ARG421260273,América del Sur,Argentina,ARG,Parera,Municipio,Local,2,La Pampa,Parera,2533,2022,0,0.02697846945568177,0.3596983337295829,0.5460123572430149,0.8374622844227707,0.8942407298978888,0.7846289707178659,0.992446226008403,0.03999995148237516,0.04961386309616824,0.03376813255356467,0.9484023832349968,0.28637155245457785,0,0.09042553191489362,0.3753273409300021,0.8916831275455381,1,796
ARG421260308,América del Sur,Argentina,ARG,Rancul,Municipio,Local,2,La Pampa,Rancul,3968,2022,0,0.04428730926684034,0.3150851581508516,0.5595134665508253,0.8290972830850132,0.8934221482098251,0.79766860949209,0.9983347210657786,0.05157232704402516,0.06832298136645963,0.040169133192389,0.8892589508742714,0.3140900195694716,0,0.0444020702805775,0.3813488759367194,0.9208992506244796,1,1204
ARG421265112,América del Sur,Argentina,ARG,Pichi Huinca,Comisión de fomento,Local,2,La Pampa,Pichi Huinca,285,2022,0,0.06542056074766354,0.3,0.4888888888888889,0.8947368421052632,0.6761904761904762,0.8095238095238095,0.9904761904761904,0.01550387596899224,0.02272727272727272,0.01176470588235294,0.6666666666666666,0.4257425742574258,0,0.02295081967213114,0.26666666666666666,0.9333333333333332,1,106
ARG421265119,América del Sur,Argentina,ARG,Quetrequén,Comisión de fomento,Local,2,La Pampa,Quetrequén,528,2022,0,0.02666666666666667,0.2648648648648649,0.4925373134328358,0.865546218487395,0.95,0.842857142857143,0.9857142857142857,0.01183431952662721,0.01515151515151515,0.00970873786407766,0.9571428571428572,0.46846846846846846,0,0.0267639902676399,0.3857142857142858,0.9285714285714286,1,140
ARG421330021,América del Sur,Argentina,ARG,Alta Italia,Municipio,Local,2,La Pampa,Alta Italia,1564,2022,0,0.01763052368022936,0.35261047360458736,0.5493151129989391,0.8873248301320906,0.9368062105492272,0.8159844943564019,0.9981412575187516,0.01909571552826021,0.02352941176470588,0.01646624381455384,0.9089250733305002,0.28671724224373013,0.00130804447351209,0.01962066710268149,0.4200758007621535,0.9182153308250676,1,539
ARG421330126,América del Sur,Argentina,ARG,Embajador Martini,Municipio,Local,2,La Pampa,Embajador Martini,1447,2022,0,0.02410436611309299,0.30993951224214383,0.5593690410212574,0.897686140976486,0.9048237476808906,0.8711059127208195,0.9960474308300395,0.02984813120662791,0.06384046575434135,0.00953666216824111,0.9048640800193596,0.3547735535306706,0,0.03981106612685559,0.3869403888037428,0.8968460111317255,1,506
ARG421330168,América del Sur,Argentina,ARG,Ingeniero Luiggi,Municipio,Local,2,La Pampa,Ingeniero Luiggi,4980,2022,0,0.02275228850540348,0.3840975522025547,0.5810504751253931,0.8101240511692288,0.9531078119895536,0.867800068393834,0.9981560411050762,0.05005736043242104,0.06451437133905462,0.03869996021350398,0.9463761775488644,0.31849901302069,0.00245198201879852,0.02472415202288516,0.40088911984013426,0.907722962943151,1,1645
ARG421330315,América del Sur,Argentina,ARG,Realicó,Municipio,Local,2,La Pampa,Realicó,8312,2022,0,0.01921381984840472,0.4454109178164367,0.6227621483375959,0.8592233009708737,0.970739422696718,0.9541320680110716,0.9968366943455912,0.02934272300469483,0.0485968514715948,0.01489470980996404,0.963226571767497,0.2633467922835352,0.00184428928994862,0.04821499143722829,0.48359035191775407,0.9106366152629498,1,2540
ARG421335007,América del Sur,Argentina,ARG,Adolfo Van Praet,Comisión de fomento,Local,2,La Pampa,Adolfo Van Praet,360,2022,0,0.00862068965517241,0.2465753424657534,0.4105263157894737,0.8785046728971962,0.90990990990991,0.8468468468468467,1,0.0150375939849624,0.02564102564102564,0.01063829787234042,0.90990990990991,0.313953488372093,0,0.01941747572815533,0.2972972972972973,0.8738738738738738,1,111
ARG421335063,América del Sur,Argentina,ARG,Falucho,Comisión de fomento,Local,2,La Pampa,Falucho,328,2022,0,0.02439024390243902,0.2352941176470588,0.3902439024390244,0.8631578947368421,0.686046511627907,0.6162790697674418,1,0.0087719298245614,0,0.01219512195121951,0.6627906976744186,0.3253012048192771,0,0.01140684410646387,0.313953488372093,0.9651162790697676,1,86
ARG421335098,América del Sur,Argentina,ARG,Maisonave,Comisión de fomento,Local,2,La Pampa,Maisonave,382,2022,0,0.02202643171806167,0.3541666666666667,0.40625,0.898989898989899,0.9181818181818182,0.7090909090909092,1,0.015625,0.05128205128205128,0,0.5727272727272728,0.2954545454545454,0.00946372239747634,0.02839116719242902,0.3090909090909091,0.8636363636363636,1,110
ARG421400357,América del Sur,Argentina,ARG,Toay,Municipio,Local,2,La Pampa,Toay,17629,2022,0.2615506677386936,0.01622645978917446,0.466678674351585,0.597002943537597,0.8608233731739707,0.6519396551724138,0.7874461206896552,0.9956896551724138,0.066703216374269,0.10129986553115194,0.04288799753162604,0.9474676724137931,0.4494822278197593,0.00206032635569474,0.06288116037580353,0.4870689655172414,0.919989224137931,1,3719
ARG421470035,América del Sur,Argentina,ARG,Arata,Municipio,Local,2,La Pampa,Arata,1199,2022,0,0.01925254813137033,0.3807692307692307,0.5,0.8474114441416893,0.9170731707317074,0.6731707317073171,0.9829268292682928,0.03519668737060041,0.05813953488372093,0.022508038585209,0.8829268292682927,0.3674911660777385,8.6880973066898e-4,0.01476976542137271,0.3439024390243902,0.8341463414634146,1,411
ARG421470245,América del Sur,Argentina,ARG,Metileo,Municipio,Local,2,La Pampa,Metileo,592,2022,0,0.01817508246184884,0.26026636975589856,0.44856633293530507,0.8184123494643872,0.8267326732673268,0.5594059405940595,0.995049504950495,0.05051983821741395,0.09633895738697816,0.03084399844871049,0.8019801980198019,0.25991378132480153,0,0.05235602094240838,0.3267326732673267,0.9108910891089108,1,202
ARG421470371,América del Sur,Argentina,ARG,Trenel,Municipio,Local,2,La Pampa,Trenel,3796,2022,0,0.01919658727337362,0.30997474747474746,0.6043755697356427,0.8804920913884007,0.9334975369458128,0.8308702791461413,0.9983579638752051,0.02162162162162162,0.03770739064856712,0.01097804391217564,0.9146141215106732,0.3466407010710808,0.00249100470523111,0.02380293384998616,0.4564860426929392,0.9113300492610836,1,1224
ARG421540042,América del Sur,Argentina,ARG,Ataliva Roca,Municipio,Local,2,La Pampa,Ataliva Roca,983,2022,0,0.0256066427705717,0.3591324867415949,0.5473372781065089,0.8863488354275207,0.6635113850368087,0.5853158705701079,0.991206129087485,0.04243249375992739,0.09090909090909093,0.0155257586450247,0.6575517890772129,0.37234641273271657,0,0.07692307692307693,0.2848827255606917,0.918748501968841,1,360
ARG421540133,América del Sur,Argentina,ARG,General Acha,Municipio,Local,2,La Pampa,General Acha,15386,2022,0,0.03648486012122081,0.38864049527327,0.5937664990235781,0.8398326881657692,0.955697656700177,0.8412514275679099,0.9937385981191628,0.06885934496806342,0.087102076810895,0.05514434110381713,0.938836103788624,0.3633129012051417,0.00254311372486688,0.05324644361440038,0.41677634179764894,0.8749873138962375,1,4171
ARG421540294,América del Sur,Argentina,ARG,Quehué,Municipio,Local,2,La Pampa,Quehué,569,2022,0,0.01910828025477707,0.31802120141342755,0.6319018404907976,0.8744186046511628,0.6440677966101694,0.597457627118644,0.9915254237288136,0.03780068728522336,0.06796116504854369,0.02127659574468085,0.6271186440677966,0.5294117647058824,0.00503355704697986,0.03355704697986577,0.2669491525423729,0.9152542372881356,1,238
ARG421545028,América del Sur,Argentina,ARG,Colonia Santa María,Comisión de fomento,Local,2,La Pampa,Colonia Santa María,322,2022,0,0.01366305694736274,0.3160549595332204,0.6297470872406934,0.8115198810850983,0.8175262237762237,0.6131446678321678,0.9859047202797204,0.04435782108945527,0.05301003344481606,0.03952002493376967,0.18323863636363635,0.43853754940711465,0,0.0144927536231884,0.2043269230769231,0.7675917832167831,1,143
ARG421545049,América del Sur,Argentina,ARG,Chacharramendi,Comisión de fomento,Local,2,La Pampa,Chacharramendi,374,2022,0,0.03246753246753246,0.17857142857142858,0.5567010309278351,0.9316770186335404,0.6129032258064516,0.5483870967741936,0.9806451612903224,0.00490196078431372,0.01851851851851851,0,0.4516129032258064,0.37662337662337664,0,0.04260651629072681,0.2064516129032258,0.7870967741935484,1,157
ARG421545154,América del Sur,Argentina,ARG,Unanué,Comisión de fomento,Local,2,La Pampa,Unanué,160,2022,0,0.02175480769230769,0.22019230769230771,0.41707317073170735,0.8338461538461538,0.42857142857142855,0.5571428571428572,0.9714285714285714,0.02499999999999999,0,0.03396226415094339,0.4,0.35581395348837214,0,0.01764705882352941,0.12857142857142856,0.9142857142857144,1,70
ARG46,América del Sur,Argentina,ARG,La Rioja,Provincia,Regional,1,La Rioja,NA,383865,2022,NA,0.01987541528239202,0.5082893022702174,0.5777047193116178,0.7898307955807344,0.95175308804349,0.824329508214689,0.9835048608599394,0.06588938755218371,0.08711133719081834,0.04998272349247578,0.8649475045481446,0.4997152902683502,0.00261282589241622,0.0117771705459998,0.4244347263779744,0.8543714858777497,1,91461
ARG460070007,América del Sur,Argentina,ARG,Arauco,Municipio,Local,2,La Rioja,Arauco,16251,2022,0,0.02245852048767073,0.42057735011102887,0.5682474226804124,0.7845247766043867,0.8902409345339499,0.7308347529812605,0.9866147481138964,0.08052575917812359,0.10449927431059508,0.06342221071705928,0.8958384035045023,0.44671669793621016,7.7831106498897e-4,0.00700479958490076,0.3475298126064736,0.8561693842784133,1,4118
ARG460140014,América del Sur,Argentina,ARG,La Rioja,Municipio,Local,2,La Rioja,La Rioja,210507,2022,0.9596274925539874,0.01594854038655322,0.5655512696121353,0.5881185864598071,0.797815337433883,0.9688531941783196,0.8769211953198255,0.9919279220514492,0.0710197647629441,0.092578254617852,0.05418304323413812,0.8977740633535815,0.45003007217321567,0.0032842170228242,0.0116049682048117,0.48375392392678057,0.881527987280362,1,49116
ARG460210021,América del Sur,Argentina,ARG,Castro Barros,Municipio,Local,2,La Rioja,Castro Barros,5810,2022,0,0.01191969887076537,0.440342429106474,0.6184107002360346,0.8076923076923077,0.987198795180723,0.8373493975903614,0.990210843373494,0.0468667719852554,0.06743002544529263,0.03234501347708895,0.6837349397590361,0.6882716049382716,0.00187441424554826,0.01897844423617619,0.3373493975903614,0.8343373493975904,1,1334
ARG460280028,América del Sur,Argentina,ARG,General Felipe Varela,Municipio,Local,2,La Rioja,General Felipe Varela,11371,2022,0,0.03113553113553113,0.44228028503562944,0.529159802306425,0.7498420720151611,0.8972105464272068,0.7779900649598777,0.9724875811998472,0.07939698492462312,0.09028642590286426,0.07203032855939343,0.8716087122659534,0.6650959272972063,0.00228026533996683,0.03337479270315091,0.3721818876576232,0.815055406954528,1,2633
ARG460350035,América del Sur,Argentina,ARG,Chamical,Municipio,Local,2,La Rioja,Chamical,15630,2022,0,0.02374341790330301,0.5074603907091216,0.5492589363557105,0.7528041415012943,0.9822572695909316,0.8001478560867423,0.9736323311976344,0.05124792013311148,0.06904761904761905,0.03839541547277936,0.8482384823848238,0.5882972005893496,0.00247175141242937,0.00466101694915254,0.37185805815672746,0.84228684080828,1,4072
ARG460420042,América del Sur,Argentina,ARG,Chilecito,Municipio,Local,2,La Rioja,Chilecito,58681,2022,0,0.01924632990405733,0.4760389197053742,0.6151016456921587,0.829281045751634,0.962781954887218,0.8450375939849624,0.9906766917293234,0.0562131509068815,0.08498583569405099,0.03459962168978562,0.9077790304396844,0.4515983791085096,0.00139585693477909,0.0149093704482926,0.3893984962406015,0.8598496240601504,1,13350
ARG460490049,América del Sur,Argentina,ARG,Famatina,Municipio,Local,2,La Rioja,Famatina,6984,2022,0,0.02436738519212746,0.4029163468917882,0.5998887033945465,0.7654190827622562,0.9614260666277032,0.7819988310929281,0.9707773232028054,0.04940711462450593,0.0640074211502783,0.03856749311294766,0.8375219170075979,0.6514084507042254,0.00221729490022172,0.01006310762408323,0.3220338983050847,0.8012857977790766,1,1717
ARG460560056,América del Sur,Argentina,ARG,Ángel Vicente Peñaloza,Municipio,Local,2,La Rioja,Ángel Vicente Peñaloza,3184,2022,0,0.02409638554216867,0.31821862348178137,0.5266821345707656,0.7365145228215768,0.8431372549019608,0.6459054209919262,0.9711649365628604,0.03865979381443299,0.06167400881057269,0.02394366197183098,0.6101499423298731,0.752808988764045,0.00292873413602343,0.00325414904002603,0.2710495963091119,0.7370242214532872,1,871
ARG460630063,América del Sur,Argentina,ARG,General Belgrano,Municipio,Local,2,La Rioja,General Belgrano,7615,2022,0,0.02213468392421684,0.4356530028598665,0.5286343612334802,0.7367514002585093,0.977198697068404,0.8036295951605398,0.9637040483946022,0.04192439862542955,0.05833333333333333,0.0304093567251462,0.7584923220102373,0.6352173913043478,0.0039348710990502,0.01085481682496607,0.3811074918566775,0.8296882270823639,1,2157
ARG460700070,América del Sur,Argentina,ARG,General Juan Facundo Quiroga,Municipio,Local,2,La Rioja,General Juan Facundo Quiroga,4013,2022,0,0.03405898876404494,0.3406398104265403,0.35451505016722407,0.6229760986892829,0.8539626001780944,0.42297417631344614,0.9269813000890472,0.12581168831168832,0.12028301886792452,0.12871287128712872,0.6073018699910953,0.8075772681954136,0,4.8685491723466e-4,0.20213713268032055,0.6696349065004452,1,1125
ARG460770077,América del Sur,Argentina,ARG,General Lamadrid,Municipio,Local,2,La Rioja,General Lamadrid,1885,2022,0,0.02685109845402766,0.41635220125786165,0.5415162454873647,0.8203266787658802,0.956611570247934,0.8450413223140495,0.987603305785124,0.05585106382978723,0.08333333333333333,0.03761061946902655,0.8305785123966942,0.7717908082408875,0.00576701268742791,0.01903114186851211,0.34297520661157027,0.871900826446281,1,487
ARG460840084,América del Sur,Argentina,ARG,General Ortiz de Ocampo,Municipio,Local,2,La Rioja,General Ortiz de Ocampo,7347,2022,0,0.02281441717791411,0.37156549520766774,0.4739030023094688,0.7323008849557522,0.8559160305343512,0.6550572519083969,0.9532442748091602,0.05520328235732935,0.06920077972709551,0.04652567975830816,0.6693702290076335,0.666505558240696,0.00181945416375087,0.00769769069279216,0.32633587786259544,0.7776717557251909,1,2102
ARG460910091,América del Sur,Argentina,ARG,General San Martín,Municipio,Local,2,La Rioja,General San Martín,5017,2022,0,0.04093389933292905,0.2896586345381526,0.507256392536282,0.7659430122116689,0.8319198149575944,0.6329992289899768,0.9005397070161912,0.05421363392377885,0.07901907356948229,0.03808680248007086,0.5605242868157286,0.6411483253588517,0.00485436893203883,0.00606796116504854,0.25212027756360833,0.7471087124132614,1,1303
ARG460980098,América del Sur,Argentina,ARG,Vinchina,Municipio,Local,2,La Rioja,Vinchina,2695,2022,0,0.04050632911392405,0.42953586497890295,0.6,0.761640798226164,0.9360313315926893,0.7741514360313316,0.9595300261096604,0.03589743589743589,0.03726708074534161,0.03493449781659388,0.7480417754569191,0.7792887029288702,0,0.01025265470523617,0.33550913838120106,0.7676240208877284,1,776
ARG461050105,América del Sur,Argentina,ARG,Independencia,Municipio,Local,2,La Rioja,Independencia,2399,2022,0,0.03997577225923682,0.30845771144278605,0.531700288184438,0.7792378449408672,0.8709175738724728,0.5272161741835147,0.947122861586314,0.04885654885654886,0.05962059620596206,0.04215851602023609,0.6749611197511665,0.6995884773662552,8.2406262875978e-4,0.00782859497321796,0.2317262830482115,0.7045101088646968,1,645
ARG461120112,América del Sur,Argentina,ARG,Rosario Vera Peñaloza,Municipio,Local,2,La Rioja,Rosario Vera Peñaloza,15764,2022,0,0.03537618335824614,0.39509536784741145,0.5282505105513955,0.7545207956600362,0.9046890927624872,0.6819571865443425,0.95361875637105,0.0633603953406283,0.07731958762886598,0.0536249251048532,0.8170234454638124,0.5562946538556295,0.00120962003700014,0.00576348370570656,0.376401630988787,0.7872069317023446,1,3935
ARG461190119,América del Sur,Argentina,ARG,San Blas de Los Sauces,Municipio,Local,2,La Rioja,San Blas de Los Sauces,4306,2022,0,0.02602495543672014,0.4085365853658536,0.5369908561928513,0.7750836120401338,0.9245630174793008,0.7433302667893285,0.9806807727690892,0.0540368722186904,0.06346749226006192,0.04746494066882417,0.8226102941176471,0.6331699346405228,7.6394194041252e-4,0.01578813343519226,0.3045078196872125,0.8187672493100276,1,1094
ARG461260126,América del Sur,Argentina,ARG,Sanagasta,Municipio,Local,2,La Rioja,Sanagasta,2994,2022,0,0.01766381766381766,0.46438482886216464,0.6592398427260813,0.8233766233766234,0.9581993569131833,0.6993569131832797,0.9967845659163986,0.04573438874230431,0.05765407554671968,0.03627760252365931,0.9244372990353698,0.7059447983014862,0.00469083155650319,0.02388059701492537,0.3729903536977492,0.815112540192926,1,626
ARG50,América del Sur,Argentina,ARG,Mendoza,Provincia,Regional,1,Mendoza,NA,2043540,2022,NA,0.0236706302085791,0.47151348087608497,0.5534129641519813,0.8329667092944787,0.918269055940524,0.8205781934988586,0.995371623669165,0.07102126886595007,0.10062101081255571,0.05029485816594863,0.8959434949283588,0.27228128328688544,0.00275179720646011,0.02358864024075063,0.43102486918927657,0.8778945029192509,1,496321
ARG500070007,América del Sur,Argentina,ARG,Mendoza,Municipio,Local,2,Mendoza,Mendoza,123715,2022,0.9989107569532258,0.01124357547819636,0.7410012335904848,0.6651581356637536,0.8209260165175103,0.9837593524169456,0.9625903322182784,0.998723219529634,0.06343573250526782,0.07972941268475796,0.04882922041503085,0.9702067909114118,0.4004035267129156,0.00332699206907634,0.02272431136476168,0.5845356349429279,0.8660657286586144,1,39416
ARG500140014,América del Sur,Argentina,ARG,General Alvear,Municipio,Local,2,Mendoza,General Alvear,52379,2022,0,0.04365934223754129,0.39463019250253295,0.5300116350694682,0.817839832163785,0.9517222674260916,0.7200976403580146,0.991592080282072,0.06651267783085726,0.09555785123966942,0.04661654135338346,0.833875779766748,0.49159456118665024,0.00163690796700338,0.01518447522022873,0.348928668294006,0.8765256305939788,1,14789
ARG500210021,América del Sur,Argentina,ARG,Godoy Cruz,Municipio,Local,2,Mendoza,Godoy Cruz,194557,2022,0.9997939344848208,0.01146249310905839,0.6190828974866481,0.6334872268390274,0.8415739282145095,0.9988905068996602,0.9700263504611332,0.9993065668122876,0.07425589996477633,0.092775240501409,0.05891232589968601,0.9774109169019696,0.29709456248727173,0.00314695664366168,0.0202942352531846,0.5383815269398794,0.8554885236807434,1,57804
ARG500280028,América del Sur,Argentina,ARG,Guaymallén,Municipio,Local,2,Mendoza,Guaymallén,320871,2022,0.998662414582816,0.01691392700950083,0.5103220228434481,0.5759932483681776,0.8376911245815616,0.9170149403138216,0.899872369178408,0.997172101403939,0.08035065513442562,0.11120796780236288,0.05788962090938546,0.9594635171654488,0.25396090284210016,0.00313101356889812,0.02554414553232507,0.4594459320803824,0.8641607647839035,1,80036
ARG500350035,América del Sur,Argentina,ARG,Junín,Municipio,Local,2,Mendoza,Junín,46472,2022,0.3255102725679691,0.02741707833450953,0.3710022555086462,0.4660012982797793,0.8252345844504021,0.9462091132539232,0.8162223482699943,0.995651351862356,0.06207913807477714,0.09594288699286088,0.04233502538071066,0.7954438037621704,0.23598749097907143,0.00139993132412372,0.01748593465226234,0.3649083002457932,0.9006428436377387,1,10591
ARG500420042,América del Sur,Argentina,ARG,La Paz,Municipio,Local,2,Mendoza,La Paz,12018,2022,0,0.03806513673216985,0.3771176607101416,0.4636871508379888,0.7460724591215133,0.9369118159637504,0.7344022307424191,0.9937260369466712,0.07877518974090553,0.11244979919678716,0.05715513536742587,0.8717770034843205,0.5419089976052001,7.9904115061925e-4,0.01398322013583699,0.3011502265597769,0.8884628790519344,1,2880
ARG500490049,América del Sur,Argentina,ARG,Las Heras,Municipio,Local,2,Mendoza,Las Heras,233839,2022,0.929120864198475,0.01713413678695762,0.4504757499669618,0.5510317735065248,0.8219283977259917,0.9074298048117894,0.9186870848296522,0.9974880449546918,0.08432786436346211,0.12100518983884184,0.05801786973900776,0.9662593233264511,0.273071595153343,0.00217811243396672,0.02367834897106362,0.4194592784176544,0.8547531771579554,1,53884
ARG500560056,América del Sur,Argentina,ARG,Lavalle,Municipio,Local,2,Mendoza,Lavalle,47086,2022,0,0.05749218533612946,0.22655579753184188,0.4529846099101503,0.8434151399930868,0.8260869565217391,0.625957492717661,0.9765886287625418,0.0615405332615136,0.10192458758837392,0.04047131147540984,0.6219656920919193,0.21528998242530756,0.00206870270564538,0.10904240840546572,0.22764052217067648,0.8832668033229043,1,9271
ARG500630063,América del Sur,Argentina,ARG,Luján de Cuyo,Municipio,Local,2,Mendoza,Luján de Cuyo,171883,2022,0.8677856192233473,0.02830494352897611,0.4808694190801635,0.5623817790791076,0.8458674006314255,0.8910841876359118,0.7642746194470332,0.9979807393600496,0.05977267158017756,0.08099889421304829,0.04507608383577376,0.8926130715705766,0.2099786552828175,0.0045571395185791,0.0266000066771275,0.48536812674743707,0.9171171171171172,1,32268
ARG500700070,América del Sur,Argentina,ARG,Maipú,Municipio,Local,2,Mendoza,Maipú,218887,2022,0.9160220912283904,0.02418032134269654,0.38170893166310216,0.5289357834138343,0.8575757575757575,0.8553440199406936,0.7594224074949504,0.99774377927715,0.06528570680354057,0.09980793206860532,0.04334511189634865,0.892436613665664,0.1698061648327625,0.00217114925780365,0.02056206061802286,0.40010314151875886,0.8915509905883364,1,46579
ARG500770077,América del Sur,Argentina,ARG,Malargüe,Municipio,Local,2,Mendoza,Malargüe,32596,2022,0,0.06192625652989805,0.363117711217384,0.5447420750965025,0.8204948646125116,0.8748081841432225,0.4556265984654731,0.962148337595908,0.05570291777188329,0.06849903371269057,0.04722617354196301,0.8563938618925832,0.33914403844004914,0.00404916847433116,0.04533622559652928,0.40255754475703326,0.8465473145780051,1,7923
ARG500840084,América del Sur,Argentina,ARG,Rivadavia,Municipio,Local,2,Mendoza,Rivadavia,63589,2022,0,0.02627230271823734,0.3867329614358477,0.47555951453067585,0.825221493499022,0.917149332661798,0.7980357592545958,0.994585746663309,0.06335751114218299,0.0945914305783189,0.04475738984941439,0.7795191339375629,0.2517763845350052,0.00674081563869228,0.01429762474943678,0.34707882145555274,0.8957441450516243,1,15901
ARG500910091,América del Sur,Argentina,ARG,San Carlos,Municipio,Local,2,Mendoza,San Carlos,39752,2022,0,0.03634138105689684,0.3578083715755806,0.49227500965623794,0.8448944003100174,0.8387312186978297,0.6712298274902615,0.9932109070673344,0.04985888993414864,0.08199293840721851,0.03107441807132209,0.7602671118530885,0.29281567489114657,0.00162422236523551,0.01942937697281726,0.3334446299387869,0.9116304952698944,1,9007
ARG500980098,América del Sur,Argentina,ARG,San Martín,Municipio,Local,2,Mendoza,San Martín,139406,2022,0.8224391142794925,0.02715718910509397,0.3923126639546819,0.5010466071381257,0.8293851841708887,0.9181970970206264,0.8263407181054239,0.9939190221543162,0.06242504319544669,0.097567424643046,0.04048208684167079,0.8051075268817204,0.254513244474439,0.00213136661197286,0.02172809851650117,0.347440794499618,0.881344537815126,1,32782
ARG501050105,América del Sur,Argentina,ARG,San Rafael,Municipio,Local,2,Mendoza,San Rafael,213204,2022,0.6756172408922513,0.02971567980823103,0.4393946731234867,0.5260219969522295,0.8114845197142101,0.9197651316256298,0.6376747321365217,0.9929574966295324,0.08064972478008128,0.11622634379821772,0.05608817582990935,0.8369721369916464,0.2858448880085327,0.0019734357463151,0.01612259770102714,0.3937060952245795,0.8920740793301639,1,56617
ARG501120112,América del Sur,Argentina,ARG,Santa Rosa,Municipio,Local,2,Mendoza,Santa Rosa,19379,2022,0,0.04079898002549936,0.28664772727272725,0.4665205261060183,0.8463298379408961,0.7983325822442542,0.6820639927895448,0.9878323569175304,0.06032448377581121,0.10935497650576675,0.03446722234737554,0.6843172600270392,0.32457924912150915,0.00225967998045682,0.02113106143886649,0.2780531771068049,0.9105452906714736,1,4449
ARG501190119,América del Sur,Argentina,ARG,Tunuyán,Municipio,Local,2,Mendoza,Tunuyán,59972,2022,0,0.02941844616083598,0.3800613075902457,0.5094171544922372,0.8381636148070083,0.858546314078889,0.7750036933077264,0.9923179199290884,0.0612126766677922,0.09592805395953036,0.0393713163064833,0.8906123051924071,0.2685688978868784,0.00155687654171215,0.01694366937603623,0.3642340079775447,0.8974737775151426,1,13573
ARG501260126,América del Sur,Argentina,ARG,Tupungato,Municipio,Local,2,Mendoza,Tupungato,41168,2022,0,0.04299341663307806,0.31907847372210224,0.4811873324729475,0.8455617265906655,0.8730363423212192,0.6275498241500586,0.9920281359906216,0.05064695009242144,0.08149370744790592,0.03341783821156949,0.7877153909272067,0.21108501643964303,0.00153732628213011,0.0220145123601033,0.29718640093786636,0.9053927315357562,1,8551
ARG54,América del Sur,Argentina,ARG,Misiones,Provincia,Regional,1,Misiones,NA,1278873,2022,NA,0.04484513870185833,0.35059095438746896,0.47366363840951353,0.7823221849696549,0.723712504830894,0.5678819048751564,0.9481963011042516,0.05208868077511718,0.0718304576144036,0.03979665714307957,0.7617890179423585,0.3136145994036818,0.00337489589681319,0.01181213563884617,0.2850739415800409,0.8272274137128021,1,303385
ARG540070007,América del Sur,Argentina,ARG,Apóstoles,Municipio,Local,2,Misiones,Apóstoles,34869,2022,0,0.03341746592629985,0.41458196181698487,0.4795539033457249,0.779914282404726,0.8644563627498781,0.6410287664553875,0.9642857142857144,0.05477111251011782,0.07364341085271318,0.0424773503638794,0.8920170627666058,0.3166605369621184,0.00341273863828349,0.00527116066903193,0.31569965870307165,0.8403217942467089,1,8210
ARG540070014,América del Sur,Argentina,ARG,Azara,Municipio,Local,2,Misiones,Azara,5090,2022,0,0.0390915860014892,0.1670854271356784,0.3482849604221636,0.7811501597444089,0.7665474060822898,0.35957066189624326,0.9194991055456172,0.04221251819505094,0.06313131313131314,0.03374233128834356,0.5370866845397676,0.22478070175438597,0.00194505227327984,0.00291757840991976,0.1037567084078712,0.7987477638640429,1,1121
ARG540070021,América del Sur,Argentina,ARG,San José,Municipio,Local,2,Misiones,San José,8923,2022,0,0.0494676131322094,0.22983718288527072,0.35650446871896724,0.7173689619732785,0.6433529097704218,0.4244527495995729,0.9279231179925254,0.06338694418164617,0.0766016713091922,0.05659025787965616,0.7698878804057662,NA,0.00267794221282593,0.00408738548273432,0.15269620928990923,0.8350240256273358,1,1877
ARG540070028,América del Sur,Argentina,ARG,Tres Capones,Municipio,Local,2,Misiones,Tres Capones,1621,2022,0,0.06447963800904978,0.19413919413919417,0.30851063829787234,0.7647058823529411,0.2299168975069252,0.2105263157894737,0.8337950138504154,0.04308390022675737,0.04310344827586207,0.04307692307692307,0.25761772853185594,0.22957198443579768,0.00484094052558782,6.9156293222683e-4,0.09695290858725762,0.7922437673130194,1,361
ARG540140035,América del Sur,Argentina,ARG,Aristóbulo del Valle,Municipio,Local,2,Misiones,Aristóbulo del Valle,20435,2022,0,0.05675233056185437,0.22362337116435477,0.4501635148585241,0.8031016338964276,0.6421657592256503,0.3720508166969147,0.9358741681790684,0.03647111309391033,0.04611497157296273,0.03120689655172413,0.6461515197338575,0.2647242455775234,0.00296320684830027,0.01053584657173429,0.16712038717483363,0.822444041137326,1,6626
ARG540140042,América del Sur,Argentina,ARG,Campo Grande,Municipio,Local,2,Misiones,Campo Grande,14165,2022,0,0.05429586959186175,0.20174691095014913,0.3364016736401674,0.7674675504004419,0.5245806824754193,0.3267784846732215,0.9311740890688258,0.03989962358845671,0.05970149253731343,0.03130622526088521,0.5773344897369181,0.2861635220125786,0.00268223414326285,0.00765225623224992,0.14054366685945632,0.7825332562174667,1,3465
ARG540140049,América del Sur,Argentina,ARG,Dos de Mayo,Municipio,Local,2,Misiones,Dos de Mayo,18851,2022,0,0.06172244189410744,0.14373286013873204,0.41438053097345134,0.8178848509595753,0.4412786657400973,0.2916377113736391,0.9149872596710678,0.03572036060554516,0.05659369994660972,0.02596105841238142,0.4517025712300208,0.2164449818621524,0.00304339886785562,0.00407815448292653,0.14130182997451934,0.7688209404679175,1,4322
ARG540140050,América del Sur,Argentina,ARG,Salto Encantado,Municipio,Local,2,Misiones,Salto Encantado,6424,2022,0,NA,NA,NA,NA,NA,NA,NA,NA,NA,NA,NA,NA,NA,NA,NA,NA,0,NA
ARG540210056,América del Sur,Argentina,ARG,Bonpland,Municipio,Local,2,Misiones,Bonpland,2907,2022,0,0.0537491705374917,0.2261768082663605,0.42342342342342343,0.7735562310030395,0.7357910906298003,0.4439324116743471,0.9431643625192012,0.04677623261694058,0.07801418439716312,0.02946954813359528,0.728110599078341,0.4111570247933885,0.00212314225053078,0.01316348195329087,0.11981566820276496,0.8003072196620584,1,654
ARG540210063,América del Sur,Argentina,ARG,Candelaria,Municipio,Local,2,Misiones,Candelaria,18027,2022,0.9840073823733126,0.03185308155218925,0.3476328832678175,0.42431706224809673,0.72218164110056,0.9030506721820062,0.6520165460186143,0.9855222337125128,0.06665295206747583,0.097097625329815307,0.04720161834120027,0.90770423991727,0.39829706717123936,0.00331452750352609,0.00571227080394922,0.26059979317476734,0.8557394002068253,1,3877
ARG540210070,América del Sur,Argentina,ARG,Cerro Corá,Municipio,Local,2,Misiones,Cerro Corá,1932,2022,0,0.05542725173210162,0.14853556485355648,0.44508670520231214,0.754950495049505,0.30591259640102825,0.2185089974293059,0.8688946015424165,0.0261437908496732,0.04545454545454545,0.01639344262295082,0,0.43243243243243246,0.00300075018754688,0.0105026256564141,0.06426735218508997,0.712082262210797,1,390
ARG540210077,América del Sur,Argentina,ARG,Loreto,Municipio,Local,2,Misiones,Loreto,1121,2022,0,0.16710526315789473,0.1485148514851485,0.4166666666666667,0.7868217054263565,0.304932735426009,0.4618834080717489,0.7982062780269058,0.05033557046979865,0.08421052631578947,0.03448275862068965,0.16143497757847533,0.6017699115044248,0,0.00359389038634321,0.10762331838565024,0.7623318385650224,1,225
ARG540210084,América del Sur,Argentina,ARG,Mártires,Municipio,Local,2,Misiones,Mártires,2080,2022,0,0.05477707006369427,0.13392857142857142,0.21726190476190477,0.6987012987012987,0.5368098159509203,0.2361963190184049,0.7791411042944785,0.06432748538011696,0.1232876712328767,0.0483271375464684,0.26380368098159507,0.271523178807947,0.00218818380743982,0.01458789204959883,0.05214723926380368,0.7055214723926381,1,326
ARG540210091,América del Sur,Argentina,ARG,Profundidad,Municipio,Local,2,Misiones,Profundidad,654,2022,0,0.07616707616707617,0.15859030837004406,0.3712574850299401,0.7724867724867724,0.4970414201183432,0.3431952662721893,0.9408284023668638,0.03365384615384615,0.08064516129032258,0.0136986301369863,0.5739644970414202,0.42342342342342343,0,0.09062003179650238,0.07100591715976332,0.7928994082840237,1,169
ARG540210098,América del Sur,Argentina,ARG,Santa Ana,Municipio,Local,2,Misiones,Santa Ana,8224,2022,0,0.04989919354838709,0.2640105078809107,0.350597609561753,0.7150900900900901,0.6413628212791392,0.5086670651524209,0.9300657501494322,0.04772004241781548,0.0633116883116883,0.04015748031496063,0.7275985663082437,0.34471273938384683,0.00115530615613137,0.01716454860538042,0.1589958158995816,0.8427973699940227,1,1674
ARG540280105,América del Sur,Argentina,ARG,Fachinal,Municipio,Local,2,Misiones,Fachinal,520,2022,0,0.0505050505050505,0.1865284974093264,0.4215686274509804,0.7454545454545455,0.2535211267605634,0.5140845070422535,0.8450704225352113,0.01204819277108433,0.02325581395348837,0.008130081300813,0.19718309859154928,0.282442748091603,0,0,0.13380281690140844,0.8661971830985915,1,142
ARG540280112,América del Sur,Argentina,ARG,Garupá,Municipio,Local,2,Misiones,Garupá,63468,2022,0.9616521012340644,0.03183050175183447,0.33244971152346797,0.4752037574250587,0.7794258021881195,0.8486107716124827,0.6612890083924061,0.9877780493766806,0.07042012003429551,0.09781976744186048,0.0526613283089967,0.8714669707583286,0.3070152275327876,0.00370473477953615,0.00644581022335482,0.25609060539395423,0.8904098427442353,1,12288
ARG540280119,América del Sur,Argentina,ARG,Posadas,Municipio,Local,2,Misiones,Posadas,327510,2022,0.984678001946522,0.02165018411887393,0.551766412128108,0.5781000786848989,0.7923857747349403,0.939093044353586,0.8108292840543327,0.9959362223023104,0.06472614906678344,0.08333946439081813,0.0495462386559664,0.9522312776424986,0.3909882825495003,0.00368810603846167,0.00663281692631366,0.4465557309207501,0.8849341966271888,1,80597
ARG540350126,América del Sur,Argentina,ARG,Concepción de la Sierra,Municipio,Local,2,Misiones,Concepción de la Sierra,8462,2022,0,0.05405925355906117,0.24983299933199732,0.3684438664932813,0.7473451327433628,0.7503467406380028,0.46047156726768373,0.8779472954230236,0.04883812524615991,0.06588235294117648,0.04026050917702783,0.7480351363846509,0.34813992226540813,0.00500751126690035,0.00600901352028042,0.19093851132686085,0.7988904299583911,1,2169
ARG540350133,América del Sur,Argentina,ARG,Santa María,Municipio,Local,2,Misiones,Santa María,1841,2022,0,0.11463664278403277,0.0763765541740675,0.20802005012531327,0.7006369426751592,0.332541567695962,0.15201900237529692,0.8004750593824228,0.01694915254237288,0.02409638554216867,0.01515151515151515,0,0.3023255813953489,0,0.03587161736941473,0.05463182897862233,0.6888361045130641,1,423
ARG540420140,América del Sur,Argentina,ARG,Colonia Delicia,Municipio,Local,2,Misiones,Colonia Delicia,7296,2022,0,0.1020293122886133,0.15120967741935484,0.23435504469987228,0.6401446654611211,0.6541244573082489,0.26338639652677276,0.8690303907380608,0.11196641007697691,0.14713896457765668,0.09981167608286252,0.5057887120115774,0.23391215526046985,0.00188485263879369,0.03169979437971213,0.105643994211288,0.7387843704775687,1,1384
ARG540420147,América del Sur,Argentina,ARG,Colonia Victoria,Municipio,Local,2,Misiones,Colonia Victoria,2744,2022,0.7731460868133531,0.07568807339449542,0.12365063788027478,0.28761651131824234,0.72625,0.6616314199395771,0.3217522658610272,0.8987915407854985,0.08406524466750313,0.12037037037037036,0.07056798623063683,0.46676737160120846,0.2239858906525573,0,0.00150093808630394,0.09365558912386708,0.716012084592145,1,663
ARG540420154,América del Sur,Argentina,ARG,Eldorado,Municipio,Local,2,Misiones,Eldorado,75119,2022,0.9818831656701804,0.04009608692723885,0.3590767539842462,0.4831225680933852,0.7654235849557053,0.8813493816254417,0.6972173144876326,0.9760379858657244,0.0816435432230523,0.11064129668780832,0.06168133619793471,0.905873909683118,0.27484639260150756,0.00244001626677511,0.00492695592329589,0.3113957597173145,0.8446886042402827,1,18143
ARG540420161,América del Sur,Argentina,ARG,9 de Julio,Municipio,Local,2,Misiones,9 de Julio,3877,2022,0.5367103997976628,0.07589098532494759,0.13778705636743216,0.2983271375464684,0.734786557674841,0.5698151950718686,0.3932238193018481,0.9322381930184804,0.04247787610619469,0.0778816199376947,0.02843016069221261,0.6509240246406571,0.16165413533834586,0.00104193800468872,0.00547017452461578,0.10061601642710472,0.6447638603696099,1,974
ARG540420168,América del Sur,Argentina,ARG,Santiago de Liniers,Municipio,Local,2,Misiones,Santiago de Liniers,2097,2022,0,0.06687898089171974,0.1112565445026178,0.286527514231499,0.7556270096463023,0.5854126679462572,0.26295585412667943,0.927063339731286,0.02737520128824476,0.03973509933774834,0.02340425531914893,0.1708253358925144,0.1394335511982571,0.00717948717948717,0.04512820512820513,0.07869481765834933,0.6525911708253359,1,521
ARG540490175,América del Sur,Argentina,ARG,Bernardo de Irigoyen,Municipio,Local,2,Misiones,Bernardo de Irigoyen,14841,2022,0,0.0979210961493031,0.23455332546241636,0.4099549774887444,0.7592783505154639,0.4130913091309131,0.34680968096809683,0.8138063806380638,0.03555070883315158,0.04820012202562538,0.0285132382892057,0.5753575357535754,0.40369733447979367,0.00326844857640906,0.01009587449157466,0.18619361936193615,0.7051705170517052,1,3646
ARG540490182,América del Sur,Argentina,ARG,Comandante Andresito,Municipio,Local,2,Misiones,Comandante Andresito,19738,2022,0,0.07424843078956062,0.16400268636668905,0.39652567975830816,0.8023064250411862,0.32515212981744424,0.2935091277890466,0.8894523326572007,0.03113342898134863,0.04714285714285714,0.02422997946611909,0.503951367781155,0.20334412081984896,0.00335318552624993,0.01281217156298483,0.140973630831643,0.7612576064908723,1,4956
ARG540490189,América del Sur,Argentina,ARG,San Antonio,Municipio,Local,2,Misiones,San Antonio,10877,2022,0,0.08387762117566173,0.14342179559570864,0.486579754601227,0.8218793828892006,0.348546042003231,0.23828756058158324,0.8138126009693053,0.02020481594243011,0.03073286052009456,0.01450511945392491,0.3222940226171244,0.3473861720067454,0.00808478094613787,0.02436359663498306,0.12035541195476576,0.7491922455573505,1,2480
ARG540560196,América del Sur,Argentina,ARG,El Soberbio,Municipio,Local,2,Misiones,El Soberbio,27088,2022,0,0.11673151750972764,0.10181022961973028,0.4701086956521739,0.80259222333001,0.17885638297872342,0.17170877659574468,0.8454122340425532,0.00921175373134328,0.01700102006120367,0.00514640638864241,0.22589760638297873,0.30204626334519574,0.00624508690715346,0.02720761638571054,0.08410904255319149,0.5861037234042553,1,6028
ARG540560203,América del Sur,Argentina,ARG,San Vicente,Municipio,Local,2,Misiones,San Vicente,49987,2022,0,0.07127185221884068,0.173180121325245,0.4336754681501214,0.8140977724622515,0.3581075341883972,0.2803023868172938,0.909368894929075,0.0261171313770851,0.03613369467028003,0.02102653567165549,0.47176220806794056,0.23816710111126357,0.00304451210026889,0.01880041778706193,0.16869107279368045,0.7918967128174637,1,11789
ARG540630210,América del Sur,Argentina,ARG,Puerto Esperanza,Municipio,Local,2,Misiones,Puerto Esperanza,19223,2022,0,0.05383022774327122,0.3017614784868611,0.4094365373367128,0.7618954376346192,0.8007414272474513,0.5213160333642262,0.9666357738646896,0.07778334167918545,0.0980952380952381,0.06682086867129272,0.922168172341904,0.21733791748526524,0.00204022150976391,0.00524628388225007,0.2632066728452271,0.8491658943466173,1,4324
ARG540630217,América del Sur,Argentina,ARG,Puerto Iguazú,Municipio,Local,2,Misiones,Puerto Iguazú,54675,2022,0.00505452450733925,0.0381627828436339,0.36726241134751775,0.5673216606774218,0.817462828218918,0.6925171262954506,0.566924292991393,0.9799754083962762,0.05260193737328227,0.07196765498652291,0.03869969040247678,0.8668657240713094,0.2516426316238587,0.00403743377908469,0.03659361945436299,0.36931319163885473,0.8700158088881083,1,11485
ARG540630224,América del Sur,Argentina,ARG,Libertad,Municipio,Local,2,Misiones,Libertad,8076,2022,0,0.08657407407407407,0.25404780262143406,0.3881443298969072,0.7253886010362695,0.7170454545454545,0.4386363636363636,0.8909090909090909,0.0548072457036693,0.05444887118193891,0.055,0.8534090909090909,0.30347890451517395,0.00209142515685688,0.01598446369883478,0.2056818181818182,0.775,1,1767
ARG540630231,América del Sur,Argentina,ARG,Colonia Wanda,Municipio,Local,2,Misiones,Colonia Wanda,17864,2022,0,0.06371106827635183,0.2887160820648577,0.39938556067588327,0.7681946556593526,0.696053946053946,0.4647852147852148,0.933066933066933,0.05302464525765497,0.07197802197802197,0.04326923076923077,0.8379525593008739,0.19580821131208728,0.0025758258741709,0.0094017644407238,0.2385114885114885,0.8219280719280719,1,4014
ARG540700238,América del Sur,Argentina,ARG,Almafuerte,Municipio,Local,2,Misiones,Almafuerte,1103,2022,0,0.05696202531645569,0.08108108108108109,0.3858267716535433,0.740983606557377,0.35074626865671643,0.27238805970149255,0.8208955223880596,0.05864197530864197,0.06122448979591836,0.05752212389380531,0,0.23387096774193547,0,0.00196850393700787,0.03731343283582089,0.7798507462686567,1,268
ARG540700245,América del Sur,Argentina,ARG,Arroyo del Medio,Municipio,Local,2,Misiones,Arroyo del Medio,1989,2022,0,0.09310850439882698,0.05830164765525982,0.3339285714285714,0.7671641791044777,0.20181818181818184,0.16,0.8272727272727273,0.01569186875891583,0.0053475935828877,0.01945525291828793,0.06909090909090909,0.3018867924528302,0,0,0.04181818181818182,0.5836363636363636,1,550
ARG540700252,América del Sur,Argentina,ARG,Caá Yarí,Municipio,Local,2,Misiones,Caá Yarí,1057,2022,0,0.03225806451612903,0.13972602739726028,0.38524590163934425,0.7647058823529411,0.1906779661016949,0.3008474576271186,0.847457627118644,0.04304635761589404,0.0851063829787234,0.02403846153846154,0.1059322033898305,0.23893805309734512,0.0121654501216545,0.02311435523114355,0.11016949152542373,0.809322033898305,1,236
ARG540700259,América del Sur,Argentina,ARG,Cerro Azul,Municipio,Local,2,Misiones,Cerro Azul,6024,2022,0,0.04714142427281846,0.20842017507294705,0.44366197183098594,0.8120427687113112,0.4991150442477876,0.4454277286135693,0.91976401179941,0.03137789904502047,0.05026455026455026,0.02148302148302148,0.6067216981132075,0.28695652173913044,0.00256235052955244,0.00478305432183122,0.16696165191740414,0.8100294985250738,1,1696
ARG540700266,América del Sur,Argentina,ARG,Dos Arroyos,Municipio,Local,2,Misiones,Dos Arroyos,3183,2022,0,0.07419183889772125,0.07329842931937172,0.2625,0.7418630751964085,0.07180156657963448,0.19712793733681463,0.8420365535248041,0.02755453501722158,0.0238095238095238,0.02874432677760968,0.10821382007822686,0.23544973544973544,0.00449205252246026,0.00518313752591568,0.04960835509138381,0.6253263707571801,1,767
ARG540700273,América del Sur,Argentina,ARG,Gobernador López,Municipio,Local,2,Misiones,Gobernador López,2214,2022,0,0.0710019907100199,0.09414466130884042,0.28314238952536824,0.7387640449438202,0.49589490968801314,0.24794745484400657,0.8472906403940886,0.0972818311874106,0.1676300578034682,0.0741444866920152,0.3842364532019704,0.24764890282131663,0,0.0052562417871222,0.08210180623973727,0.6157635467980296,1,609
ARG540700280,América del Sur,Argentina,ARG,Leandro N. Alem,Municipio,Local,2,Misiones,Leandro N. Alem,32007,2022,0,0.03309076605369259,0.39254454517036574,0.48316571928290336,0.7977011494252874,0.7915932840201949,0.6320300575319948,0.9488082658212986,0.04128521126760563,0.05135746606334841,0.03487031700288184,0.8884583773629212,0.2843342036553525,0.00685722282475597,0.00633243536367771,0.30081014441704823,0.8464247974638958,1,8531
ARG540700287,América del Sur,Argentina,ARG,Olegario V. Andrade,Municipio,Local,2,Misiones,Olegario V. Andrade,1814,2022,0,0.02879841112214498,0.10551948051948053,0.6313131313131313,0.8770491803278688,0.14928909952606634,0.3246445497630332,0.9336492890995262,0.02064896755162242,0.024,0.01869158878504672,0.1374407582938389,0.3048128342245989,0.00613496932515337,0.01090661213360599,0.08530805687203792,0.7843601895734598,1,422
ARG540770294,América del Sur,Argentina,ARG,Capioví,Municipio,Local,2,Misiones,Capioví,6478,2022,0,0.03578199052132701,0.3177321156773212,0.3808033385498174,0.7787234042553192,0.7862903225806451,0.5858294930875576,0.967741935483871,0.05742935278030994,0.05616438356164383,0.05806010928961749,0.6947004608294931,0.23879500367376932,0.00393636214531736,0.03214695752009185,0.3162442396313364,0.8559907834101382,1,1739
ARG540770301,América del Sur,Argentina,ARG,El Alcázar,Municipio,Local,2,Misiones,El Alcázar,5336,2022,0,0.05694486291051522,0.15036420395421435,0.3299798792756539,0.7328903654485049,0.5392670157068062,0.3388182498130142,0.8922961854899029,0.02507836990595611,0.03455284552845528,0.02085222121486854,0.515695067264574,0.22929936305732485,0.00132150273739852,0.08363224466679252,0.1219147344801795,0.8055347793567689,1,1342
ARG540770308,América del Sur,Argentina,ARG,Garuhapé,Municipio,Local,2,Misiones,Garuhapé,9985,2022,0,0.07558528428093646,0.17382291975125852,0.34838224228743414,0.7548269581056466,0.6769817719372615,0.3819415006358627,0.930479016532429,0.05203468979319546,0.10151187904967604,0.02992277992277992,0.7081745023295214,0.22228443449048152,0.00160342063067878,0.05120256547300909,0.1420093259855871,0.8109368376430691,1,2364
ARG540770315,América del Sur,Argentina,ARG,Puerto Leoni,Municipio,Local,2,Misiones,Puerto Leoni,3036,2022,0,0.1311787072243346,0.15466351829988192,0.32142857142857145,0.6891117478510028,0.4675118858954041,0.3851030110935024,0.866877971473851,0.05314685314685315,0.07264957264957266,0.04365904365904366,0.572107765451664,0.2709551656920078,0.00485618229361225,0.18901755696675385,0.09508716323296355,0.7131537242472267,1,631
ARG540770322,América del Sur,Argentina,ARG,Puerto Rico,Municipio,Local,2,Misiones,Puerto Rico,23279,2022,0,0.03146904205607476,0.36723956506488953,0.4750605326876513,0.7895973154362416,0.9126094570928196,0.697723292469352,0.98353765323993,0.04445025493528565,0.06625891946992865,0.03081172970675733,0.9147110332749562,0.27327690447400244,0.00307692307692307,0.00492307692307692,0.3483362521891419,0.862521891418564,1,5724
ARG540770329,América del Sur,Argentina,ARG,Ruiz de Montoya,Municipio,Local,2,Misiones,Ruiz de Montoya,4052,2022,0,0.06306677658697445,0.19684499314128945,0.40078585461689586,0.7954954954954955,0.4662576687116564,0.5245398773006136,0.9304703476482618,0.03872966692486444,0.0588235294117647,0.02944507361268403,0.5214723926380368,0.1721938775510204,0.00412654745529573,0.0858321870701513,0.18200408997955012,0.7627811860940695,1,987
ARG540840336,América del Sur,Argentina,ARG,Caraguatay,Municipio,Local,2,Misiones,Caraguatay,3094,2022,0,0.07244318181818182,0.12656119900083265,0.2445961319681456,0.7395209580838323,0.3671782762691853,0.34002361275088544,0.8842975206611571,0.03242677824267782,0.03255813953488372,0.03238866396761133,0.4369846878680801,0.13636363636363638,0.00236826524570751,0.02397868561278863,0.1038961038961039,0.7662337662337663,1,850
ARG540840343,América del Sur,Argentina,ARG,Montecarlo,Municipio,Local,2,Misiones,Montecarlo,25981,2022,0,0.04616045669388005,0.30478999288111464,0.42740841248303935,0.7623281011251563,0.6494813910921293,0.6171446003660769,0.938529591214155,0.06888168557536467,0.09015873015873016,0.05666909620991253,0.8693199146081122,0.22295842305781016,0.00271180869422302,0.0128605472923001,0.24771201952410007,0.8075045759609518,1,6565
ARG540840350,América del Sur,Argentina,ARG,Puerto Piray,Municipio,Local,2,Misiones,Puerto Piray,9545,2022,0,0.05292848846855815,0.35714285714285715,0.337966349670812,0.7074285714285714,0.9308909242298086,0.5603663613655288,0.9379683597002498,0.0719165767709457,0.0974025974025974,0.05923532579429187,0.7472939217318901,0.2367915465898175,6.6452541809724e-4,0.0074205338354192,0.26894254787676936,0.829308909242298,1,2407
ARG540910357,América del Sur,Argentina,ARG,Campo Ramón,Municipio,Local,2,Misiones,Campo Ramón,7151,2022,0.13864794362665664,0.06048387096774194,0.1165444172779136,0.27026022304832714,0.7713798977853492,0.4081307293742527,0.21243523316062177,0.8732562774013551,0.0320962888665998,0.05639614855570839,0.02429328621908127,0.46113989637305697,0.16302521008403362,0.00377358490566037,0.00446871896722939,0.0940613790354723,0.7692307692307693,1,2509
ARG540910364,América del Sur,Argentina,ARG,Campo Viera,Municipio,Local,2,Misiones,Campo Viera,10571,2022,0,0.05387205387205387,0.221763795771016,0.38504542278127185,0.7901572112098428,0.6775631500742942,0.4156760772659733,0.9405646359583952,0.0492091388400703,0.05807622504537205,0.04498269896193772,0.6836242109171927,0.21687344913151368,0.00238142488589005,0.00446517166104385,0.15081723625557206,0.8187221396731055,1,2695
ARG540910371,América del Sur,Argentina,ARG,Colonia Alberdi,Municipio,Local,2,Misiones,Colonia Alberdi,3701,2022,0,0.04059485530546623,0.12532981530343007,0.30910852713178294,0.7841004184100419,0.3150548354935194,0.25822532402791626,0.9022931206380858,0.0286624203821656,0.04075235109717868,0.02454642475987193,0.2450199203187251,0.24961715160796324,2.6659557451346e-4,0.0021327645961077,0.10269192422731804,0.7377866400797607,1,1004
ARG540910378,América del Sur,Argentina,ARG,General Alvear,Municipio,Local,2,Misiones,General Alvear,1331,2022,0,0.04401805869074492,0.12692307692307692,0.30835734870317005,0.7797927461139896,0.1394736842105263,0.2868421052631579,0.8921052631578947,0.02450980392156862,0.03738317757009345,0.01993355481727574,0,0.24186046511627907,0.00238095238095238,0.00555555555555555,0.09473684210526316,0.8078947368421052,1,380
ARG540910385,América del Sur,Argentina,ARG,Guaraní,Municipio,Local,2,Misiones,Guaraní,5741,2022,0.7183762324451998,0.05678851174934726,0.17823947512301805,0.2516459400146306,0.7505407354001442,0.49581939799331104,0.34030100334448155,0.903010033444816,0.02454873646209386,0.04069767441860465,0.01921229586935639,0.6875522138680034,0.17853107344632768,8.235536339304e-4,0.00473543339509985,0.14046822742474915,0.7876254180602007,1,1199
ARG540910392,América del Sur,Argentina,ARG,Los Helechos,Municipio,Local,2,Misiones,Los Helechos,3703,2022,0.3608842696948666,0.06537186167693036,0.126890756302521,0.29287305122494434,0.8199389623601221,0.1441213653603034,0.15170670037926676,0.8457648546144122,0.02525724976613657,0.03422053231939163,0.02233250620347394,0.0505050505050505,0.15058479532163743,0.00271493212669683,0.00180995475113122,0.09987357774968394,0.7281921618204804,1,792
ARG540910399,América del Sur,Argentina,ARG,Oberá,Municipio,Local,2,Misiones,Oberá,79665,2022,0.9842394097717292,0.02679016898414282,0.42746816948445,0.5238415043653458,0.7910395344170179,0.8591017282417469,0.650056918141364,0.9751629928593604,0.03964477086221756,0.04871794871794872,0.03336081689604871,0.9538445617303116,0.30428707171203395,0.00373642332012222,0.00388769551931745,0.3852840732691711,0.8517541136293076,1,19366
ARG540910406,América del Sur,Argentina,ARG,Panambí,Municipio,Local,2,Misiones,Panambí,6461,2022,0,0.07091055600322321,0.10211426000899686,0.27627627627627627,0.7936145952109465,0.41334205362982346,0.16612164813603664,0.9417920209287116,0.02591792656587473,0.05869565217391304,0.01508620689655172,0.4329627207325049,0.15451055662188098,0.00168690958164642,0.00590418353576248,0.06671026814911707,0.7488554610856769,1,1532
ARG540910413,América del Sur,Argentina,ARG,San Martín,Municipio,Local,2,Misiones,San Martín,2379,2022,0,0.05493741307371349,0.15895610913404506,0.31810490693739424,0.7485207100591716,0.45819397993311034,0.4013377926421405,0.8929765886287625,0.04034582132564841,0.06382978723404255,0.03162055335968379,0.6086956521739131,0.2620192307692308,0.00704225352112676,0.01549295774647887,0.1137123745819398,0.7876254180602007,1,598
ARG540980420,América del Sur,Argentina,ARG,Colonia Polana,Municipio,Local,2,Misiones,Colonia Polana,710,2022,0,0.07950530035335689,0.12251655629139072,0.30666666666666664,0.7472924187725631,0.38655462184873945,0.226890756302521,0.8571428571428571,0.03985507246376811,0.13043478260869565,0.00966183574879227,0,0.2602739726027397,0,0.00641711229946524,0.04621848739495798,0.6722689075630253,1,238
ARG540980427,América del Sur,Argentina,ARG,Corpus Christi,Municipio,Local,2,Misiones,Corpus Christi,3853,2022,0,0.04446308724832214,0.23953823953823955,0.3212890625,0.7311320754716981,0.8005952380952381,0.4742063492063492,0.9305555555555556,0.03442028985507246,0.060790273556231,0.0232258064516129,0.7222222222222222,0.39971550497866287,0.00112107623318385,0.00168161434977578,0.14781746031746032,0.7440476190476191,1,1011
ARG540980434,América del Sur,Argentina,ARG,General Urquiza,Municipio,Local,2,Misiones,General Urquiza,1094,2022,0,0.04865556978233035,0.12415349887133184,0.2492753623188406,0.7138810198300283,0.5876623376623377,0.39610389610389607,0.9123376623376624,0.03846153846153846,0.08139534883720931,0.0238095238095238,0.08441558441558442,0.21513944223107567,0,0.00411184210526315,0.08116883116883117,0.788961038961039,1,308
ARG540980441,América del Sur,Argentina,ARG,Gobernador Roca,Municipio,Local,2,Misiones,Gobernador Roca,7147,2022,0,0.05063291139240506,0.22857142857142856,0.39176910742918225,0.8105420188960716,0.5137969094922736,0.4575055187637969,0.9194260485651214,0.02242911553110452,0.03819918144611187,0.01533742331288343,0.4817880794701987,0.31982758620689655,0.0025494901019796,0.01349730053989202,0.15673289183222958,0.7577262693156733,1,1816
ARG540980448,América del Sur,Argentina,ARG,Hipólito Yrigoyen,Municipio,Local,2,Misiones,Hipólito Yrigoyen,2626,2022,0,0.05365526492287056,0.1688622754491018,0.2912,0.7254335260115607,0.6494345718901454,0.36348949919224555,0.925686591276252,0.05555555555555555,0.0934065934065934,0.04183266932270916,0.7318255250403877,0.21852731591448932,0.00304878048780487,0.02656794425087108,0.14378029079159935,0.827140549273021,1,620
ARG540980455,América del Sur,Argentina,ARG,Jardín América,Municipio,Local,2,Misiones,Jardín América,27485,2022,0,0.0441627597383805,0.31378044066486277,0.4072164948453608,0.765564848002124,0.7353233830845771,0.565316275764037,0.9690120824449184,0.07028647568287807,0.0941648656992899,0.05687532512571527,0.8046042347591303,0.26772742995503285,0.00171033195988494,0.00551970768871958,0.23326226012793175,0.8359630419331912,1,7048
ARG540980462,América del Sur,Argentina,ARG,San Ignacio,Municipio,Local,2,Misiones,San Ignacio,14023,2022,0,0.05308760830697291,0.3012275731822474,0.4112034472145275,0.7247173846623892,0.8027164685908319,0.5331069609507639,0.9110356536502546,0.04962243797195254,0.06511976047904192,0.040893760539629,0.7113752122241087,0.4051391862955032,0.00276538804638715,0.03425512934879572,0.23259762308998305,0.8020373514431239,1,2956
ARG540980469,América del Sur,Argentina,ARG,Santo Pipó,Municipio,Local,2,Misiones,Santo Pipó,6256,2022,0,0.04841946813848469,0.2467866323907455,0.33658256880733944,0.7693593314763231,0.6292278238672623,0.4792597319719209,0.929164007657945,0.05132113821138211,0.08858603066439523,0.03548153511947864,0.5883854499042757,0.2943485086342229,0.00474709445081028,1.636929120969e-4,0.185067007019783,0.7753669432035737,1,1573
ARG541050476,América del Sur,Argentina,ARG,Florentino Ameghino,Municipio,Local,2,Misiones,Florentino Ameghino,2223,2022,0,0.0531767955801105,0.08351893095768374,0.28317152103559873,0.8393632416787264,0.1476510067114094,0.10906040268456375,0.9043624161073824,0.01589403973509933,0.02285714285714285,0.01379310344827586,0.03020134228187919,0.17192982456140352,0.00134710372698697,0.00224517287831163,0.06208053691275168,0.7466442953020134,1,596
ARG541050483,América del Sur,Argentina,ARG,Itacaruaré,Municipio,Local,2,Misiones,Itacaruaré,3582,2022,0,0.07976566020730058,0.11888111888111888,0.3833157338965153,0.7998037291462218,0.4231601731601732,0.2792207792207792,0.8917748917748919,0.02207130730050933,0.03856749311294766,0.01472392638036809,0.32792207792207795,0.27735849056603773,0.00735726898175397,0.00470865214832254,0.08441558441558442,0.7640692640692641,1,927
ARG541050490,América del Sur,Argentina,ARG,Mojón Grande,Municipio,Local,2,Misiones,Mojón Grande,2085,2022,0,0.0956768249468462,0.10047281323877068,0.3852739726027397,0.8304597701149425,0.34049586776859503,0.2611570247933884,0.7735537190082644,0.0149439601494396,0.03555555555555555,0.00692041522491349,0,0.3125,0.00177698800533096,0.00266548200799644,0.07272727272727272,0.6165289256198347,1,605
ARG541050497,América del Sur,Argentina,ARG,San Javier,Municipio,Local,2,Misiones,San Javier,15190,2022,0,0.05975864469714551,0.30338818973862536,0.41086629944917374,0.7768957021626061,0.716634159933129,0.572025633881304,0.9484536082474226,0.02902433578923867,0.04204753199268738,0.02149400986610289,0.7567567567567568,0.4810829573064908,0.00560245587106676,0.0091327705295472,0.2424073558094177,0.8194483142936752,1,3602
ARG541120501,América del Sur,Argentina,ARG,Pozo Azul,Municipio,Local,2,Misiones,Pozo Azul,7989,2022,0,NA,NA,NA,NA,NA,NA,NA,NA,NA,NA,NA,NA,NA,NA,NA,NA,0,NA
ARG541120504,América del Sur,Argentina,ARG,San Pedro,Municipio,Local,2,Misiones,San Pedro,26701,2022,0,0.09641014617368872,0.14294984703810143,0.3824447646493756,0.7552026286966046,0.3941291585127201,0.242791911285062,0.7859099804305283,0.0304563492063492,0.04364207221350078,0.02436548223350253,0.38562858633281166,0.2888182299947006,0.00325271327815529,0.02479791311068886,0.11493803000652315,0.7091976516634051,1,7682
ARG541190511,América del Sur,Argentina,ARG,Alba Posse,Municipio,Local,2,Misiones,Alba Posse,8366,2022,0,0.05752396832013339,0.1451831750339213,0.4008559201141227,0.8025419881979119,0.3511066398390342,0.3163983903420523,0.937625754527163,0.00957487552661815,0.01304863582443653,0.00791855203619909,0.41448692152917505,0.28888888888888886,0.00338123415046491,0.00901662440123978,0.15845070422535212,0.7711267605633803,1,1997
ARG541190518,América del Sur,Argentina,ARG,Colonia Aurora,Municipio,Local,2,Misiones,Colonia Aurora,8537,2022,0,0.06103375929811177,0.0925700365408039,0.5168490153172867,0.8549920760697306,0.2647732478240953,0.163078332569858,0.8928080622995878,0.00808625336927223,0.01270110076206604,0.00556070435588507,0.17269812185066422,0.3097826086956522,1.2913223140495e-4,0.01820764462809917,0.08932661475034356,0.7530920751259734,1,2188
ARG541190525,América del Sur,Argentina,ARG,25 de Mayo,Municipio,Local,2,Misiones,25 de Mayo,13974,2022,0,0.06943236864985716,0.13774271844660194,0.3672048997772829,0.7875620590540894,0.35050625372245386,0.2310899344848124,0.8779035139964264,0.01615508885298869,0.03184230477634572,0.0092899800928998,0.4044073853484217,0.2470098803952158,0.00309789343246592,0.0140179677819083,0.12179868969624776,0.7820131030375224,1,3365
ARG58,América del Sur,Argentina,ARG,Neuquén,Provincia,Regional,1,Neuquén,NA,710814,2022,NA,0.02462648959506729,0.4803541087793586,0.6158486263437941,0.8222871683188427,0.9485142073836574,0.8643502706721498,0.9855544713180456,0.06552455916965698,0.08281978717589286,0.05206425008405206,0.9135980215148648,0.39792603187576625,0.003803723511403,0.07868227112781491,0.5230884505471527,0.8998164540786692,1,173133
ARG580070007,América del Sur,Argentina,ARG,Aluminé,Municipio,Local,2,Neuquén,Aluminé,5951,2022,0,0.02620087336244541,0.4237885462555066,0.6026531901452937,0.8149867374005305,0.9372846312887664,0.8917987594762233,0.9641626464507236,0.05771873568483738,0.07651991614255765,0.04312449145646867,0.955922865013774,0.8458197611292073,0.00658300761160255,0.1754782966467805,0.47622329427980703,0.9035148173673327,1,1472
ARG580070252,América del Sur,Argentina,ARG,Villa Pehuenia,Municipio,Local,2,Neuquén,Villa Pehuenia,2286,2022,0,0.02951096121416526,0.3993610223642173,0.6115485564304461,0.8623853211009175,0.5160493827160494,0.7432098765432099,0.9580246913580248,0.04597701149425287,0.05579399141630901,0.0398936170212766,0.817283950617284,0.9617021276595744,6.2073246430788e-4,0.21787709497206703,0.3679012345679013,0.9209876543209876,1,458
ARG580140014,América del Sur,Argentina,ARG,Añelo,Municipio,Local,2,Neuquén,Añelo,6477,2022,0,0.03613118399110617,0.27145214521452143,0.5544910179640719,0.8768873403019745,0.9133016627078384,0.6330166270783848,0.989311163895487,0.07142857142857142,0.09719222462203024,0.05562913907284768,0.8978622327790974,0.5782092772384034,0.00483451097062104,0.06805503904797322,0.3919239904988123,0.9418052256532068,1,847
ARG580140021,América del Sur,Argentina,ARG,San Patricio del Chañar,Municipio,Local,2,Neuquén,San Patricio del Chañar,10888,2022,0,0.03428011753183153,0.24390243902439024,0.5046113306982872,0.8389498432601881,0.8812064965197216,0.7805104408352669,0.9911832946635732,0.07264437689969605,0.11923411662315056,0.04764128911723494,0.802784222737819,0.400070003500175,0.00442537213356577,0.07080595413705243,0.3090487238979118,0.936890951276102,1,2163
ARG580145014,América del Sur,Argentina,ARG,Aguada San Roque,Comisión de fomento,Local,2,Neuquén,Aguada San Roque,223,2022,0,0.18627450980392157,0.05357142857142857,0.5,0.8125,0.6785714285714285,0.5714285714285714,0.7678571428571429,0,0,0,0.75,1,0,0,0.2857142857142857,0.8392857142857143,1,56
ARG580145021,América del Sur,Argentina,ARG,Los Chihuidos,Comisión de fomento,Local,2,Neuquén,Los Chihuidos,225,2022,0,0.23255813953488372,0.1206896551724138,0.734375,0.9739130434782608,0.2830188679245283,0.20754716981132076,0.7075471698113207,0,0,0,0.25471698113207547,1,0,0.00364963503649635,0.10377358490566038,0.5943396226415094,1,106
ARG580210028,América del Sur,Argentina,ARG,Las Coloradas,Municipio,Local,2,Neuquén,Las Coloradas,1213,2022,0,0.07389162561576355,0.3045977011494253,0.5359712230215827,0.7148014440433214,0.9873949579831932,0.596638655462185,1,0.03170028818443804,0.03355704697986577,0.0303030303030303,0.9285714285714286,0.8720238095238095,0,0.0715909090909091,0.3067226890756303,0.8529411764705882,1,240
ARG580215028,América del Sur,Argentina,ARG,Pilo Lil,Comisión de fomento,Local,2,Neuquén,Pilo Lil,205,2022,0,0.06578947368421052,0.23404255319148937,0.4516129032258064,0.8285714285714286,0.125,0.34375,0.875,0.20930232558139536,0.2857142857142857,0.1724137931034483,0,1,0,0.07547169811320754,0.15625,0.3125,1,32
ARG580215154,América del Sur,Argentina,ARG,Villa Puente Picún Leufú,Comisión de fomento,Local,2,Neuquén,Villa Puente Picún Leufú,175,2022,0,0.11796128707893414,0.13076721572806796,0.4944741532976827,0.6894949247890425,0.19696969696969696,0.1212121212121212,0.9090909090909092,0.0489693313222725,0.0645550527903469,0.04223227752639517,0,0.958898944193062,0,0.17194570135746606,0.0303030303030303,0.34848484848484845,1,66
ARG580280035,América del Sur,Argentina,ARG,Piedra del Águila,Municipio,Local,2,Neuquén,Piedra del Águila,3921,2022,0,0.0316358024691358,0.43761412051125986,0.5913806863527534,0.7833622183708839,0.9942252165543792,0.8873917228103946,0.9923002887391724,0.07659574468085106,0.08906882591093117,0.06637168141592921,0.9576515880654476,0.7469418960244648,0.00108430468961778,0.1650853889943074,0.4764196342637151,0.9181905678537056,1,1043
ARG580285035,América del Sur,Argentina,ARG,Santo Tomás,Comisión de fomento,Local,2,Neuquén,Santo Tomás,427,2022,0,0.08,0.24305555555555555,0.6627906976744186,0.8230088495575221,0.88,0.6599999999999999,0.98,0.02666666666666667,0.05263157894736842,0.01075268817204301,0.83,0.6688311688311688,0,0.13504823151125403,0.25,0.68,1,100
ARG580350042,América del Sur,Argentina,ARG,Centenario,Municipio,Local,2,Neuquén,Centenario,48721,2022,0.5996190436693873,0.02105094649217593,0.4233826586767763,0.5761888233252342,0.8263157894736842,0.9838184603600154,0.7925124473381846,0.989946380697051,0.08721624850657109,0.11189759036144578,0.06952391233941488,0.9143130684538056,0.3687714933782103,0.00308215232169604,0.06296808388063141,0.5093833780160858,0.8861547299885102,1,10453
ARG580350049,América del Sur,Argentina,ARG,Cutral Co,Municipio,Local,2,Neuquén,Cutral Co,40344,2022,0,0.02534185493460166,0.39955396443453256,0.5505895934691185,0.8008529898163461,0.9983834755276156,0.9623709025594972,0.9964077233947014,0.06486963093588613,0.08222255503968848,0.05227692642104119,0.9526845035015264,0.26912596939844896,0.00227086183310533,0.03778385772913816,0.46026044005388417,0.8754378087112707,1,11155
ARG580350056,América del Sur,Argentina,ARG,Neuquén,Municipio,Local,2,Neuquén,Neuquén,288896,2022,0.9993594446774148,0.01439727258068231,0.5625630939534236,0.6516743592261612,0.8277579690984602,0.993385843337848,0.9224973372430934,0.9964496574576917,0.06663596152007856,0.07892555756479808,0.05611034927805114,0.95709237095524,0.37208354433506663,0.00420990499503057,0.06738018046170072,0.5823745216899631,0.9259030362003444,1,76231
ARG580350063,América del Sur,Argentina,ARG,Plaza Huincul,Municipio,Local,2,Neuquén,Plaza Huincul,15887,2022,0,0.01967944816392777,0.4734932155254024,0.5359664607237423,0.8019024970273484,0.9934967483741872,0.9254627313656828,0.9967483741870936,0.06843647646957421,0.08851379168382051,0.05397390272835113,0.9409704852426212,0.3026434094587305,0.00461343849988838,0.04085125381352779,0.5567783891945973,0.924712356178089,1,4009
ARG580350070,América del Sur,Argentina,ARG,Plottier,Municipio,Local,2,Neuquén,Plottier,52190,2022,0.8751031299337664,0.01770846025750375,0.4948484485443872,0.6089282582003157,0.8489415141729458,0.8908288564850345,0.7990214888718342,0.9958749040675364,0.05954775400743585,0.08036871669307216,0.04427303465765004,0.9073470170727028,0.26107754279959716,0.00478426768417963,0.06187261520399178,0.5480621642363775,0.9180736761320032,1,10433
ARG580350077,América del Sur,Argentina,ARG,Senillosa,Municipio,Local,2,Neuquén,Senillosa,11229,2022,0,0.02082983369729548,0.3782712133227597,0.5243542435424354,0.7834896810506566,0.8594548551959115,0.7751277683134583,0.9791311754684838,0.08976916500427472,0.11189303307529908,0.07471264367816093,0.8982112436115843,0.4172382940650164,0.00317266625991458,0.06516168395363026,0.45357751277683134,0.9280238500851788,1,2357
ARG580350084,América del Sur,Argentina,ARG,Villa El Chocón,Municipio,Local,2,Neuquén,Villa El Chocón,828,2022,0,0.01880141010575793,0.5521023765996343,0.7763496143958869,0.8986666666666666,0.9862258953168044,0.884297520661157,0.9944903581267218,0.03755868544600939,0.04304635761589404,0.03264094955489614,0.9476584022038568,0.6226708074534162,0.00261324041811846,0.03048780487804878,0.5757575757575758,0.9724517906336088,1,371
ARG580350091,América del Sur,Argentina,ARG,Vista Alegre,Municipio,Local,2,Neuquén,Vista Alegre,4277,2022,0,0.04561251086012163,0.2666184971098266,0.5167364016736402,0.7976298997265269,0.8819742489270387,0.6148068669527897,0.9967811158798284,0.07450693937180423,0.07894736842105263,0.072,0.8723175965665236,0.5022796352583586,0,0.1086888819682342,0.34012875536480686,0.8025751072961373,1,932
ARG580355042,América del Sur,Argentina,ARG,Sauzal Bonito,Comisión de fomento,Local,2,Neuquén,Sauzal Bonito,300,2022,0,0.06153846153846154,0.15315315315315314,0.5833333333333334,0.75,0.8229166666666666,0.5312500000000001,0.9270833333333331,0.0087719298245614,0.0238095238095238,0,0.8020833333333334,0.8442622950819672,0,0.08727272727272728,0.19791666666666663,0.5208333333333334,1,96
ARG580420098,América del Sur,Argentina,ARG,Chos Malal,Municipio,Local,2,Neuquén,Chos Malal,15567,2022,0,0.0304610890882537,0.4306760517269602,0.6238286479250335,0.7982245681381958,0.9925907000510986,0.8101686254471129,0.9974450689831376,0.05552833578311285,0.07439198855507868,0.03967538322813345,0.9338441890166028,0.5203590192644483,0.00266707307780233,0.02994742055932332,0.5137966274910577,0.9159427695452222,1,3936
ARG580420105,América del Sur,Argentina,ARG,Tricao Malal,Municipio,Local,2,Neuquén,Tricao Malal,1026,2022,0,0.06042884990253411,0.17532467532467533,0.5772727272727273,0.748898678414097,0.9732142857142856,0.7053571428571429,0.9732142857142856,0.0505050505050505,0.07086614173228346,0.03529411764705882,0.7589285714285714,0.7695652173913043,0,0.01825842696629213,0.29910714285714285,0.22767857142857145,1,228
ARG580425049,América del Sur,Argentina,ARG,Coyuco - Cochico,Comisión de fomento,Local,2,Neuquén,Coyuco - Cochico,214,2022,0,0.2074688796680498,0.07207207207207207,0.4936708860759494,0.9173553719008264,0.25,0,0.6521739130434783,0.02,0.02564102564102564,0.01801801801801801,0,1,0,0.00940438871473354,0.05434782608695652,0.03260869565217391,1,93
ARG580425056,América del Sur,Argentina,ARG,Villa Curi Leuvú,Comisión de fomento,Local,2,Neuquén,Villa Curi Leuvú,564,2022,0,0.09090909090909093,0.04736842105263158,0.5357142857142857,0.7,0.2482758620689655,0.3448275862068966,0.9793103448275862,0.12121212121212122,0.18333333333333332,0.08571428571428572,0.27586206896551724,0.46017699115044247,0,0.00684931506849315,0.05517241379310345,0.7448275862068966,1,146
ARG580490112,América del Sur,Argentina,ARG,Junín de los Andes,Municipio,Local,2,Neuquén,Junín de los Andes,18716,2022,0,0.02825097873240926,0.4653135917484611,0.6505995203836931,0.8336974993930566,0.9534021710352132,0.9126290706910244,0.985438178448504,0.06198145436798438,0.09657206044968668,0.03465346534653465,0.9608258337744838,0.5329382265785274,0.00458505272810637,0.18882775485251413,0.5210484511517077,0.90601006089489,1,3831
ARG580560119,América del Sur,Argentina,ARG,San Martín de los Andes,Municipio,Local,2,Neuquén,San Martín de los Andes,36913,2022,0,0.01323005869335129,0.5280932015926855,0.684353889736326,0.853865280289331,0.9513299377475948,0.9323146576117716,0.9973967176004528,0.06143394044521538,0.07880910683012259,0.04698874917273329,0.94363965595292,0.34199469261388765,0.0038812545893213,0.09524808559739852,0.6001131861912846,0.9093378607809848,1,9000
ARG580630126,América del Sur,Argentina,ARG,Loncopué,Municipio,Local,2,Neuquén,Loncopué,6319,2022,0,0.05039193729003359,0.33874506362439666,0.5653753026634383,0.7782719186785261,0.9754266211604096,0.8941979522184301,0.9706484641638226,0.05002315886984715,0.06852248394004283,0.03591836734693877,0.903754266211604,0.7114695340501792,0.00419161676646706,0.11776447105788423,0.3747440273037543,0.8716723549488055,1,1474
ARG580635063,América del Sur,Argentina,ARG,Chorriaca,Comisión de fomento,Local,2,Neuquén,Chorriaca,546,2022,0,0.06436781609195402,0.07874015748031496,0.4947916666666667,0.58,0.4615384615384615,0.3986013986013986,0.8741258741258741,0.00947867298578199,0.01052631578947368,0.00862068965517241,0,0.7935483870967741,0.02542372881355932,0.5288135593220339,0.09090909090909093,0.4755244755244755,1,144
ARG580700133,América del Sur,Argentina,ARG,Villa La Angostura,Municipio,Local,2,Neuquén,Villa La Angostura,14246,2022,0,0.01114275102141884,0.537921622148567,0.7189858134621189,0.8747784997046663,0.9336704342653184,0.8316478286734087,0.9952409280190364,0.04865269461077844,0.07136859781696053,0.03038487508440243,0.9509803921568628,0.30642309958750735,0.00361565578956883,0.09174726566030914,0.6350386674598454,0.964009518143962,1,3492
ARG580705070,América del Sur,Argentina,ARG,Villa Traful,Comisión de fomento,Local,2,Neuquén,Villa Traful,761,2022,0,0.022508038585209,0.3050847457627119,0.6896551724137931,0.8305084745762712,0.7435897435897436,0.829059829059829,0.982905982905983,0.01685393258426966,0.0375,0,0.9145299145299144,0.5755395683453237,0.01918465227817745,0.1510791366906475,0.4444444444444444,0.9401709401709402,1,133
ARG580770140,América del Sur,Argentina,ARG,Andacollo,Municipio,Local,2,Neuquén,Andacollo,3669,2022,0,0.05188679245283019,0.425686591276252,0.6556818181818181,0.8004722550177096,0.9702842377260982,0.9056847545219638,0.9844961240310076,0.04860557768924303,0.06239168110918544,0.03687315634218289,0.9328165374677002,0.5609756097560976,0.00339238597813795,0.04221635883905013,0.5155038759689923,0.921188630490956,1,779
ARG580770147,América del Sur,Argentina,ARG,Huinganco,Municipio,Local,2,Neuquén,Huinganco,1144,2022,0,0.05124653739612189,0.3283261802575107,0.6612903225806451,0.8588235294117647,0.7884615384615384,0.5673076923076922,0.9871794871794872,0.01006036217303823,0.01463414634146341,0.00684931506849315,0.7916666666666666,0.8083538083538083,9.9009900990099e-4,0.05643564356435644,0.42628205128205127,0.8878205128205128,1,313
ARG580770154,América del Sur,Argentina,ARG,Las Ovejas,Municipio,Local,2,Neuquén,Las Ovejas,1705,2022,0,0.03384279475982533,0.3464163822525597,0.6683168316831684,0.7955112219451371,0.9129353233830846,0.818407960199005,0.9800995024875624,0.03735144312393888,0.05555555555555555,0.0219435736677116,0.8582089552238806,0.7749469214437368,0.00075987841945288005,0.02355623100303951,0.4328358208955224,0.8980099502487562,1,408
ARG580770161,América del Sur,Argentina,ARG,Los Miches,Municipio,Local,2,Neuquén,Los Miches,714,2022,0,0.12796208530805686,0.0859375,0.4772727272727273,0.6868686868686869,0.2388888888888889,0.33888888888888885,0.9444444444444444,0.05454545454545454,0.04761904761904761,0.0588235294117647,0.28888888888888886,0.8662420382165605,0,0.3611111111111111,0.16666666666666666,0.6666666666666666,1,180
ARG580775077,América del Sur,Argentina,ARG,Guañacos,Comisión de fomento,Local,2,Neuquén,Guañacos,269,2022,0,0.13131313131313133,0.0873015873015873,0.5465116279069767,0.8526315789473684,0.02531645569620253,0.189873417721519,0.9620253164556962,0.0546875,0.14893617021276595,0,0,0.7702702702702703,0,0.01048951048951049,0.08860759493670886,0.6075949367088608,1,79
ARG580775084,América del Sur,Argentina,ARG,Manzano Amargo,Comisión de fomento,Local,2,Neuquén,Manzano Amargo,728,2022,0,0.14596273291925466,0.14285714285714285,0.562962962962963,0.8,0.7142857142857143,0.461038961038961,0.7922077922077921,0.0931372549019608,0.11842105263157894,0.078125,0.6038961038961039,0.8125,0,0.03253796095444685,0.14935064935064934,0.6558441558441559,1,154
ARG580775091,América del Sur,Argentina,ARG,Varvarco - Invernada Vieja,Comisión de fomento,Local,2,Neuquén,Varvarco - Invernada Vieja,214,2022,0,0.1223021582733813,0.16538461538461538,0.5795454545454546,0.7562189054726368,0.7105263157894737,0.6157894736842104,0.8210526315789474,0.08661417322834646,0.08823529411764706,0.08552631578947369,0,0.736842105263158,0.00341880341880341,0.00341880341880341,0.23684210526315788,0.8052631578947368,1,190
ARG580775098,América del Sur,Argentina,ARG,Villa del Nahueve,Comisión de fomento,Local,2,Neuquén,Villa del Nahueve,332,2022,0,0.10126582278481013,0.14084507042253522,0.5833333333333334,0.8461538461538461,0.2403846153846154,0.5576923076923077,0.9423076923076924,0.05673758865248227,0.11904761904761904,0.0303030303030303,0,0.5625,0,0.03858520900321544,0.25,0.6730769230769231,1,104
ARG580840168,América del Sur,Argentina,ARG,Caviahue - Copahue,Municipio,Local,2,Neuquén,Caviahue - Copahue,1059,2022,0,0.00694444444444444,0.468013468013468,0.8066298342541437,0.8369565217391305,1,0.9833333333333334,1,0.03333333333333333,0.0273972602739726,0.03896103896103896,1,0.7740585774058577,0.00493421052631578,0.23684210526315788,0.6722222222222223,0.9777777777777776,1,198
ARG580840175,América del Sur,Argentina,ARG,El Cholar,Municipio,Local,2,Neuquén,El Cholar,1130,2022,0,0.07573632538569425,0.271889400921659,0.5681818181818182,0.7733333333333333,0.8771331058020477,0.6894197952218429,0.9931740614334472,0.04914004914004914,0.06857142857142857,0.03448275862068965,0.7508532423208191,0.8518518518518519,0,0.01017293997965412,0.3003412969283277,0.8532423208191127,1,296
ARG580840182,América del Sur,Argentina,ARG,El Huecú,Municipio,Local,2,Neuquén,El Huecú,1723,2022,0,0.06382978723404255,0.3040650406504065,0.5796766743648961,0.7846481876332623,0.9142857142857144,0.7298701298701299,0.974025974025974,0.03069466882067851,0.0398406374501992,0.02445652173913043,0.9064935064935064,0.7833333333333332,0.00647016534867002,0.24658519051042416,0.3168831168831169,0.8909090909090909,1,388
ARG580840189,América del Sur,Argentina,ARG,Taquimilán,Municipio,Local,2,Neuquén,Taquimilán,911,2022,0,0.05363984674329502,0.15857605177993528,0.5893719806763285,0.8235294117647058,0.8957345971563981,0.5355450236966824,0.9289099526066352,0.03459119496855346,0.03278688524590164,0.03571428571428571,0.44075829383886256,0.7984189723320159,0.00851063829787234,0.01985815602836879,0.27488151658767773,0.7014218009478673,1,216
ARG580910196,América del Sur,Argentina,ARG,Barrancas,Municipio,Local,2,Neuquén,Barrancas,1438,2022,0,0.12864077669902912,0.1479028697571744,0.46865671641791046,0.7586206896551724,0.8516483516483516,0.5,0.9230769230769232,0.1015801354401806,0.15286624203821655,0.07342657342657342,0.7939560439560439,0.7758007117437722,0,0.01745200698080279,0.25824175824175827,0.7252747252747253,1,365
ARG580910203,América del Sur,Argentina,ARG,Buta Ranquil,Municipio,Local,2,Neuquén,Buta Ranquil,3430,2022,0,0.06654512306289881,0.3254392666157372,0.5667789001122334,0.8301314459049545,0.9320594479830148,0.5881104033970277,0.9723991507430998,0.04298642533936651,0.06336633663366337,0.03045066991473812,0.826963906581741,0.3980789754535753,3.188775510204e-4,0.01721938775510204,0.4140127388535032,0.8662420382165605,1,948
ARG580910210,América del Sur,Argentina,ARG,Rincón de los Sauces,Municipio,Local,2,Neuquén,Rincón de los Sauces,24233,2022,0,0.02465053359386743,0.3942307692307692,0.5350140056022409,0.888975884747886,0.9939634356674716,0.7726802345636428,0.9908589168678856,0.05278827436161686,0.074934554973822,0.04086665492337502,0.9515433695464736,0.20245398773006135,0.00546448087431694,0.03722033199298897,0.5620903759917213,0.9739565367368058,1,5823
ARG580915105,América del Sur,Argentina,ARG,Octavio Pico,Comisión de fomento,Local,2,Neuquén,Octavio Pico,188,2022,0,0.11009174311926606,0.19672131147540983,0.6,0.8958333333333334,0.782608695652174,0.5217391304347826,0.9782608695652174,0.16417910447761194,0.375,0.04651162790697674,0.5434782608695652,0.7551020408163265,0,0.01176470588235294,0.17391304347826086,0.8260869565217391,1,49
ARG580980217,América del Sur,Argentina,ARG,Picún Leufú,Municipio,Local,2,Neuquén,Picún Leufú,4216,2022,0,0.04057744830277019,0.34276729559748426,0.6229946524064172,0.8085470085470086,0.9551971326164876,0.8172043010752688,0.9865591397849464,0.06382978723404255,0.07868383404864092,0.05285412262156448,0.8216845878136201,0.591103507271172,0.00247116968698517,0.05518945634266886,0.3772401433691756,0.9175627240143368,1,1119
ARG580985112,América del Sur,Argentina,ARG,El Sauce,Comisión de fomento,Local,2,Neuquén,El Sauce,432,2022,0,0.08231707317073171,0.15517241379310345,0.46846846846846846,0.6363636363636364,0.49006622516556286,0.7152317880794702,0.966887417218543,0.02797202797202797,0.05769230769230769,0.01098901098901099,0.15894039735099338,0.6504854368932038,0,0.09297052154195012,0.09271523178807949,0.5165562913907285,1,154
ARG580985119,América del Sur,Argentina,ARG,Paso Aguerre,Comisión de fomento,Local,2,Neuquén,Paso Aguerre,372,2022,0,0.07722007722007722,0.2345679012345679,0.4791666666666667,0.7380952380952381,0.6962962962962963,0.762962962962963,0.962962962962963,0.04316546762589928,0.0217391304347826,0.05376344086021505,0.4888888888888889,0.8363636363636363,0,0.10869565217391304,0.2,0.05185185185185185,1,135
ARG581050224,América del Sur,Argentina,ARG,Bajada del Agrio,Municipio,Local,2,Neuquén,Bajada del Agrio,1068,2022,0,0.04444444444444444,0.21739130434782608,0.4432234432234432,0.7309236947791165,0.8825910931174089,0.785425101214575,0.9878542510121456,0.033003300330033,0.04958677685950413,0.02197802197802198,0.8623481781376519,0.8230088495575221,0,0.04298642533936651,0.2550607287449393,0.8947368421052632,1,247
ARG581050231,América del Sur,Argentina,ARG,Las Lajas,Municipio,Local,2,Neuquén,Las Lajas,6215,2022,0,0.0405638665132336,0.3955895589558956,0.5507518796992481,0.7966321243523317,0.9762589928057552,0.887769784172662,0.9928057553956834,0.04504504504504504,0.07167235494880546,0.02601626016260162,0.9647482014388488,0.6826683291770573,0.00261885576148267,0.0757453666398066,0.38057553956834533,0.8913669064748202,1,1397
ARG581055126,América del Sur,Argentina,ARG,Quili Malal,Comisión de fomento,Local,2,Neuquén,Quili Malal,137,2022,0,0.06106870229007633,0.09333333333333334,0.2653061224489796,0.45614035087719296,0.5555555555555556,0.3492063492063492,0.8571428571428571,0.07692307692307693,0,0.1153846153846154,0.2698412698412698,0.9411764705882352,0,0.07142857142857142,0.07936507936507936,0.42857142857142855,1,63
ARG581120238,América del Sur,Argentina,ARG,Mariano Moreno,Municipio,Local,2,Neuquén,Mariano Moreno,3365,2022,0,0.04189044038668099,0.3162393162393162,0.5773447015834349,0.8220858895705522,0.961904761904762,0.7142857142857144,0.9863945578231292,0.06031468531468531,0.08860759493670886,0.04029850746268657,0.927891156462585,0.7651869158878504,0.00451127819548872,0.081203007518797,0.380952380952381,0.8870748299319728,1,738
ARG581120245,América del Sur,Argentina,ARG,Zapala,Municipio,Local,2,Neuquén,Zapala,40472,2022,0,0.02903115954367444,0.45544554455445546,0.5832800949164917,0.7910846953937593,0.984873949579832,0.9292016806722688,0.9951680672268908,0.0811017597551645,0.11078078547958066,0.0573503631354871,0.9763705103969754,0.5586844809866393,0.00305980528511822,0.08595271210013908,0.4745798319327731,0.8857142857142857,1,9543
ARG581125133,América del Sur,Argentina,ARG,Covunco Abajo,Comisión de fomento,Local,2,Neuquén,Covunco Abajo,254,2022,0,0.04571428571428571,0.11494252873563218,0.37735849056603776,0.6568627450980392,0.04615384615384615,0.2153846153846154,0.8307692307692307,0.01149425287356321,0,0.01492537313432835,0,0.6379310344827587,0,0.05909090909090909,0.03076923076923077,0.5846153846153846,1,65
ARG581125140,América del Sur,Argentina,ARG,Los Catutos,Comisión de fomento,Local,2,Neuquén,Los Catutos,510,2022,0,0.11904761904761904,0.03305785123966942,0.33707865168539325,0.8367346938775511,0.8315789473684211,0.1263157894736842,0.9157894736842104,0.08035714285714286,0.23333333333333336,0.02439024390243902,0.6421052631578947,0.6461538461538462,0,0.19662921348314608,0.04210526315789473,0.7473684210526316,1,95
ARG581125147,América del Sur,Argentina,ARG,Ramón M. Castro,Comisión de fomento,Local,2,Neuquén,Ramón M. Castro,302,2022,0,0.1214574898785425,0.09848484848484848,0.5697674418604651,0.8495575221238938,0.7777777777777778,0.26851851851851855,0.8611111111111112,0.03448275862068965,0.02040816326530612,0.04166666666666666,0.35185185185185186,0.6086956521739131,0,0.15772870662460567,0.1111111111111111,0.5833333333333334,1,110
ARG6,América del Sur,Argentina,ARG,Buenos Aires,Provincia,Regional,1,Buenos Aires,NA,17523996,2022,NA,0.01332197208152954,0.4785155212894601,0.6256227340408581,0.8584046478121032,0.7580050984057459,0.7609282873816963,0.9979170790745692,0.06585086427077264,0.09179288386846456,0.04616519381160482,0.9436636451044116,0.2524020465225642,0.00367761392601405,0.01914481532296494,0.4824264118131999,0.8614864893082991,1,4796105
ARG62,América del Sur,Argentina,ARG,Río Negro,Provincia,Regional,1,Río Negro,NA,750768,2022,NA,0.02620417741146425,0.4440511944127036,0.621550299175455,0.8397874817475038,0.9228472950396098,0.821828325448151,0.9877733683191268,0.0659762076062041,0.08723950233281492,0.04991335506799424,0.891151626038492,0.30242671434424706,0.00448092949655348,0.06984616142429215,0.4888144130765256,0.8961614296680196,1,201893
ARG620070007,América del Sur,Argentina,ARG,Guardia Mitre,Municipio,Local,2,Río Negro,Guardia Mitre,816,2022,0,0.03703703703703703,0.322884012539185,0.6175115207373272,0.868421052631579,0.9299610894941636,0.7782101167315175,1,0.04518072289156626,0.07462686567164178,0.02525252525252525,0.9105058365758756,0.8604651162790697,0.00139664804469273,0.06005586592178771,0.2840466926070039,0.9416342412451362,1,258
ARG620070014,América del Sur,Argentina,ARG,Viedma,Municipio,Local,2,Río Negro,Viedma,59993,2022,0.8975358013001143,0.01855742296918767,0.5253475852987878,0.6977359114196001,0.839691027926322,0.9981983029175868,0.9395559688480762,0.99767522957108,0.06291514292111351,0.0831359545239223,0.04479196150580243,0.998023945135418,0.5358896181075913,0.01065209336791404,0.08553167839940719,0.5546902243403464,0.9399628036731372,1,17246
ARG620075007,América del Sur,Argentina,ARG,Cubanea,Comisión de fomento,Local,2,Río Negro,Cubanea,NA,2022,0,NA,NA,NA,NA,NA,NA,NA,NA,NA,NA,NA,NA,NA,NA,NA,NA,0,NA
ARG620075014,América del Sur,Argentina,ARG,Fuerte San Javier,Comisión de fomento,Local,2,Río Negro,Fuerte San Javier,2053,2022,0,0.04120879120879121,0.2398190045248869,0.5629139072847682,0.8563218390804598,0.993103448275862,0.5586206896551724,0.993103448275862,0.11965811965811966,0.18823529411764703,0.08053691275167785,1,0.5246636771300448,0.00566037735849056,0.03773584905660377,0.2413793103448276,0.8896551724137931,1,145
ARG620140021,América del Sur,Argentina,ARG,Chimpay,Municipio,Local,2,Río Negro,Chimpay,4721,2022,0,0.02837514934289127,0.2340942204953861,0.5467153284671533,0.8423513694054776,0.896602658788774,0.7836041358936484,0.9940915805022156,0.05074626865671641,0.07610146862483311,0.03568596352101506,0.8559822747415067,1,0.00349219391947411,0.03060805258833196,0.3005908419497784,0.9165435745937962,1,1360
ARG620140028,América del Sur,Argentina,ARG,Choele Choel,Municipio,Local,2,Río Negro,Choele Choel,13588,2022,0,0.02068611075420788,0.4333200636942675,0.6616647791619479,0.8549876847290641,0.9541580957978256,0.8833382309726712,0.9947105495151336,0.04399687133359405,0.0599058622165169,0.03060857039971191,0.9282985600940348,0.49361702127659574,0.00554407066340913,0.05600451043037023,0.5119012635909491,0.934469585659712,1,3413
ARG620140035,América del Sur,Argentina,ARG,Coronel Belisle,Municipio,Local,2,Río Negro,Coronel Belisle,1922,2022,0,0.04404945904173107,0.2526595744680851,0.4104477611940298,0.8128342245989305,0.9900596421471172,0.8687872763419482,1,0.06360946745562131,0.13636363636363635,0.02850877192982456,0.9204771371769384,1,0,0.06022187004754358,0.3359840954274354,0.8946322067594433,1,510
ARG620140042,América del Sur,Argentina,ARG,Darwin,Municipio,Local,2,Río Negro,Darwin,1525,2022,0,0.02117647058823529,0.2587800369685767,0.48284960422163586,0.8366336633663366,0.9854651162790696,0.6831395348837209,0.994186046511628,0.08637236084452975,0.14754098360655735,0.05325443786982249,0.9331395348837208,1,0.00248550124275062,0.01988400994200497,0.39244186046511625,0.9186046511627908,1,344
ARG620140049,América del Sur,Argentina,ARG,Lamarque,Municipio,Local,2,Río Negro,Lamarque,9949,2022,0,0.04144081133065221,0.203847258110824,0.4806477093206951,0.838,0.9325331125827816,0.775248344370861,0.987996688741722,0.06642512077294686,0.09695973705834018,0.0486873508353222,0.9184602649006622,0.27673919705792216,0.00582948749089142,0.03315521010444498,0.32326158940397354,0.9246688741721856,1,2421
ARG620140056,América del Sur,Argentina,ARG,Luis Beltrán,Municipio,Local,2,Río Negro,Luis Beltrán,8087,2022,0,0.02735810534912209,0.3284457478005865,0.5719591457753017,0.8404356060606061,0.8690360272638754,0.872444011684518,0.9951314508276532,0.04057199866977053,0.05925324675324675,0.0276056338028169,0.8033106134371957,0.6347760060744115,0.00279535089009857,0.03280859202589378,0.4415774099318403,0.9148003894839338,1,2060
ARG620140063,América del Sur,Argentina,ARG,Pomona,Municipio,Local,2,Río Negro,Pomona,1100,2022,0,0.03238866396761133,0.27593818984547464,0.574750830564784,0.8395061728395061,0.6509433962264151,0.7735849056603773,0.9937106918238994,0.0651685393258427,0.11560693641618495,0.03308823529411765,0.6855345911949685,0.29782608695652174,0.00484496124031007,0.02906976744186046,0.3113207547169811,0.9088050314465408,1,319
ARG620145084,América del Sur,Argentina,ARG,Chelforó,Comisión de fomento,Local,2,Río Negro,Chelforó,86,2022,0,0.04838709677419355,0.13513513513513514,0.7,0.8484848484848485,1,0.8461538461538461,0.9230769230769232,0.07142857142857142,0.07142857142857142,0.07142857142857142,1,1,0,0.02816901408450704,0.34615384615384615,0.9230769230769232,1,26
ARG620210070,América del Sur,Argentina,ARG,El Bolsón,Municipio,Local,2,Río Negro,El Bolsón,24276,2022,0,0.02538245180764217,0.44812433011789926,0.6547201464084185,0.8736663058605226,0.8205128205128205,0.7126696832579185,0.9825037707390648,0.05561701699688223,0.07663638481248544,0.03964601769911504,0.8987933634992459,0.2359430223840634,0.00723596173861327,0.1721266788918075,0.4702865761689291,0.8589743589743589,1,6678
ARG620210077,América del Sur,Argentina,ARG,San Carlos de Bariloche,Municipio,Local,2,Río Negro,San Carlos de Bariloche,135755,2022,0.9402540935010572,0.01462430104443537,0.5559689512549812,0.7051886142569783,0.8658237241694258,0.9507159698660071,0.855857151072517,0.9985048018862498,0.0799434977738838,0.1046420756486402,0.05910664249217075,0.9660675891725012,0.26402056441582133,0.00540690536654277,0.08343283833100688,0.6105008913681063,0.9180228880326644,1,36605
ARG620215028,América del Sur,Argentina,ARG,El Manso,Comisión de fomento,Local,2,Río Negro,El Manso,840,2022,0,0.04142011834319527,0.2272727272727273,0.4925373134328358,0.8533333333333334,0.6551724137931034,0.5172413793103448,0.8850574712643678,0.07216494845360824,0.12121212121212122,0.046875,0,0.2156862745098039,0.02597402597402597,0.08225108225108226,0.26436781609195403,0.3103448275862069,1,87
ARG620215049,América del Sur,Argentina,ARG,Villa Mascardi,Comisión de fomento,Local,2,Río Negro,Villa Mascardi,92,2022,0,0.0588235294117647,0.36666666666666664,0.7,0.9565217391304348,0,0.8846153846153846,1,0,0,0,1,0.2307692307692308,0,0.13559322033898305,0.4230769230769231,0.9230769230769232,1,27
ARG620280084,América del Sur,Argentina,ARG,General Conesa,Municipio,Local,2,Río Negro,General Conesa,7118,2022,0,0.02901689042875703,0.3079671311182565,0.6058615462354725,0.8402061855670103,0.89737108190091,0.8028311425682508,0.9974721941354904,0.04630611523506539,0.05921601334445371,0.03680981595092025,0.9029322548028312,0.29626411815812337,0.00975531744762514,0.05037581960658884,0.4150657229524772,0.9206268958543984,1,1988
ARG620355056,América del Sur,Argentina,ARG,El Cuy,Comisión de fomento,Local,2,Río Negro,El Cuy,600,2022,0,0.14285714285714285,0.12299465240641712,0.4267515923566879,0.6390977443609023,0.8453038674033149,0.33149171270718236,0.9779005524861878,0.02631578947368421,0.04477611940298507,0.01176470588235294,0.861878453038674,0.27702702702702703,0.00602409638554216,0.1827309236947791,0.1878453038674033,0.1712707182320442,1,181
ARG620355063,América del Sur,Argentina,ARG,Cerro Policía,Comisión de fomento,Local,2,Río Negro,Cerro Policía,275,2022,0,0.19230769230769232,0.13333333333333333,0.4477611940298507,0.7049180327868853,0.8170731707317073,0.2195121951219512,0.926829268292683,0.0273972602739726,0.06666666666666667,0,0,0.35714285714285715,0,0.0238095238095238,0.1097560975609756,0.03658536585365853,1,83
ARG620355070,América del Sur,Argentina,ARG,Mencué,Comisión de fomento,Local,2,Río Negro,Mencué,336,2022,0,0.18232044198895028,0.25,0.6666666666666666,0.8461538461538461,0.9882352941176472,0.4352941176470588,0.8941176470588236,0.0782608695652174,0.15,0,0.2235294117647059,0.4455445544554455,0,0.3954983922829582,0.24705882352941175,0.16470588235294115,1,87
ARG620355077,América del Sur,Argentina,ARG,Aguada Guzmán,Comisión de fomento,Local,2,Río Negro,Aguada Guzmán,171,2022,0,0.25,0.1,0.6666666666666666,0.6176470588235294,0.972972972972973,0.1081081081081081,1,0,0,0,0,0.38461538461538464,0,0.11818181818181818,0.16216216216216217,0.24324324324324328,1,37
ARG620355098,América del Sur,Argentina,ARG,Naupa Huen,Comisión de fomento,Local,2,Río Negro,Naupa Huen,289,2022,0,0.15463917525773196,0.19642857142857145,0.4358974358974359,0.6875,0.9583333333333334,0.06249999999999999,0.6875,0.04,0,0.06060606060606061,0,0.4222222222222222,0,0.10588235294117648,0.14583333333333334,0.75,1,48
ARG620355112,América del Sur,Argentina,ARG,Valle Azul,Comisión de fomento,Local,2,Río Negro,Valle Azul,889,2022,0,0.03924646781789639,0.1119221411192214,0.5224489795918368,0.8869047619047619,0.6989247311827957,0.7741935483870969,0.996415770609319,0.03755868544600939,0.0625,0.02684563758389261,0.3942652329749104,0.07542579075425791,0.00427350427350427,0.06089743589743589,0.23655913978494625,0.8207885304659498,1,279
ARG620420091,América del Sur,Argentina,ARG,Allen,Municipio,Local,2,Río Negro,Allen,31864,2022,0,0.02931850334162642,0.32201670178724734,0.5713183421516755,0.8399196249162759,0.9136134847243356,0.7430644972492099,0.994264309961372,0.07059101282757535,0.08933050356936137,0.05768208399787347,0.7992743445692884,0.21538297418391297,0.00429622078205781,0.0542852981868492,0.40957509071754655,0.90729252019197,1,8553
ARG620420098,América del Sur,Argentina,ARG,Campo Grande,Municipio,Local,2,Río Negro,Campo Grande,3502,2022,0,0.03965470731049366,0.29080510338759347,0.4828660436137072,0.8408425980105325,0.9262759924385632,0.7605545053560177,0.978575929426591,0.08634719710669078,0.11483870967741935,0.0709812108559499,0.8500315059861374,0.17773131207527443,0.00249568055288923,0.08562104050681513,0.332703213610586,0.8827977315689981,1,1590
ARG620420105,América del Sur,Argentina,ARG,Catriel,Municipio,Local,2,Río Negro,Catriel,24202,2022,0,0.0187706746672821,0.40076512868073266,0.5513891256178626,0.8515954752659125,0.9787940254471696,0.8119122257053291,0.9979716024340772,0.04746950114748158,0.06398763523956723,0.03687549563838224,0.9474460630647245,0.1811062163485071,0.00221214467426169,0.03694281606017034,0.575696109164669,0.9404388714733544,1,5440
ARG620420112,América del Sur,Argentina,ARG,Cervantes,Municipio,Local,2,Río Negro,Cervantes,7796,2022,0,0.04579265457926546,0.2331055429005315,0.4701918092275791,0.8241985522233712,0.7374301675977654,0.6888268156424581,0.9865921787709496,0.07516993202718912,0.11245865490628446,0.05395232120451693,0.7139664804469273,0.18631813125695215,0.00299800133244503,0.04546968687541639,0.293854748603352,0.8726256983240224,1,1790
ARG620420119,América del Sur,Argentina,ARG,Chichinales,Municipio,Local,2,Río Negro,Chichinales,5192,2022,0,0.04438964241676942,0.20499745028046917,0.4425770308123249,0.8306233062330624,0.8202589489718203,0.6824067022086824,0.9908606245239908,0.07965554359526372,0.09651898734177217,0.07096247960848287,0.8301599390708302,0.19027181688125896,0.0023645743766122,0.04600171969045572,0.25437928408225435,0.9017517136329016,1,1314
ARG620420126,América del Sur,Argentina,ARG,Cinco Saltos,Municipio,Local,2,Río Negro,Cinco Saltos,27566,2022,6.6989682134523e-4,0.02240507032857063,0.4459133541759714,0.570254110612855,0.8030021253985122,0.9405333333333332,0.9102666666666666,0.9969333333333332,0.0795443848253789,0.09414591524683268,0.0684863523573201,0.9310666666666668,0.27084062026349537,0.00326743320373893,0.04102903465960791,0.49066666666666664,0.8922666666666667,1,7507
ARG620420133,América del Sur,Argentina,ARG,Cipolletti,Municipio,Local,2,Río Negro,Cipolletti,105482,2022,0.9243190023699306,0.02055017510126082,0.5240460012054454,0.6281096339656161,0.8367150452484415,0.9321941259444918,0.8719735685832118,0.9970381195664652,0.0569436421904226,0.06669125858380864,0.04935053321758841,0.8576463755863695,0.2308292030821799,0.00265377689318548,0.04606198464600511,0.5489837018042452,0.9211264044446664,1,26352
ARG620420140,América del Sur,Argentina,ARG,Contralmirante Cordero,Municipio,Local,2,Río Negro,Contralmirante Cordero,2306,2022,0,0.02861883036084612,0.2895957587806494,0.5019723865877712,0.7917783735478106,0.7954779033915724,0.7225077081192188,0.9928057553956836,0.08602150537634409,0.11394891944990176,0.06997742663656885,0.8006166495375129,0.22310126582278483,0.0047990401919616,0.05458908218356329,0.35354573484069884,0.8633093525179856,1,974
ARG620420147,América del Sur,Argentina,ARG,General Enrique Godoy,Municipio,Local,2,Río Negro,General Enrique Godoy,4645,2022,0,0.03334568358651352,0.2322388059701493,0.4540182270091135,0.8028169014084507,0.8671586715867159,0.75,0.9898523985239852,0.08239947264337508,0.12043795620437955,0.0608875128998968,0.7158671586715867,0.20596205962059624,0.00290160907412292,0.05618570298074386,0.29059040590405905,0.9142066420664208,1,1085
ARG620420154,América del Sur,Argentina,ARG,General Fernández Oro,Municipio,Local,2,Río Negro,General Fernández Oro,15788,2022,0.8185354573659569,0.02692679780715898,0.3902439024390244,0.6037402964008468,0.8511925952296191,0.9187475227903288,0.8244153785176376,0.996829171621086,0.06411506582155047,0.09175920514319112,0.04433291509828523,0.8471287128712871,0.18199181446111867,0.0046290938548779,0.05809512787871774,0.4589774078478002,0.9258818866428854,1,2525
ARG620420161,América del Sur,Argentina,ARG,General Roca,Municipio,Local,2,Río Negro,General Roca,108680,2022,0.9590085405428324,0.01950672275315354,0.4523760625179218,0.6325964745555366,0.8330866937383061,0.9422844918345736,0.8501827560485891,0.9901947868992564,0.07321365724836566,0.099979145599047,0.0521735031964797,0.8953212492626044,0.2596648940656992,0.00286092026268449,0.06294024577905893,0.48721946247072856,0.8944414387673366,1,29613
ARG620420168,América del Sur,Argentina,ARG,Ingeniero Huergo,Municipio,Local,2,Río Negro,Ingeniero Huergo,8571,2022,0,0.03322930053240316,0.2845479286362262,0.4732856541859487,0.8071339693073414,0.9229704797047972,0.6517527675276752,0.9972324723247232,0.07977857375447737,0.10577777777777778,0.06474820143884892,0.7976958525345622,0.22539098436062557,0.00530996946767556,0.05814416567104739,0.3505535055350554,0.8994464944649446,1,2173
ARG620420175,América del Sur,Argentina,ARG,Mainqué,Municipio,Local,2,Río Negro,Mainqué,3230,2022,0,0.04918032786885246,0.19307359307359304,0.4018801410105758,0.8097447795823666,0.7480719794344473,0.5102827763496144,0.980719794344473,0.08365384615384615,0.13157894736842105,0.06017191977077364,0.712082262210797,0.16293532338308458,0,0.04166666666666666,0.27892030848329047,0.8868894601542416,1,778
ARG620420182,América del Sur,Argentina,ARG,Villa Regina,Municipio,Local,2,Río Negro,Villa Regina,33034,2022,0,0.0215896802101035,0.36609704378196334,0.5669366779897221,0.830348901606055,0.9448218107378804,0.8827579789708756,0.9986042616544152,0.08061915511125443,0.10047626363496696,0.06625166740773678,0.9304056568663938,0.2349005936116084,0.00190785352241016,0.0387550543880631,0.4199311435749511,0.9028566111472968,1,10765
ARG620425105,América del Sur,Argentina,ARG,Peñas Blancas,Comisión de fomento,Local,2,Río Negro,Peñas Blancas,410,2022,0,0.112,0.14285714285714285,0.43478260869565216,0.8387096774193549,0.45614035087719296,0.3684210526315789,0.9824561403508772,0.01388888888888888,0,0.01923076923076923,0,0.19696969696969696,0,0.01694915254237288,0.14035087719298245,0.9473684210526316,1,57
ARG620490189,América del Sur,Argentina,ARG,Ministro Ramos Mexía,Municipio,Local,2,Río Negro,Ministro Ramos Mexía,1131,2022,0,0.07994186046511628,0.2481012658227848,0.5486111111111112,0.6677852348993288,0.9172661870503596,0.4532374100719425,0.9388489208633092,0.02521008403361344,0.0189873417721519,0.03015075376884422,0.6906474820143885,0.7253218884120173,0.00308324768756423,0.08838643371017471,0.33093525179856115,0.8309352517985612,1,282
ARG620490196,América del Sur,Argentina,ARG,Sierra Colorada,Municipio,Local,2,Río Negro,Sierra Colorada,1686,2022,0,0.09216589861751152,0.34108527131782945,0.7084188911704312,0.8223684210526315,0.997867803837953,0.8315565031982942,0.9850746268656716,0.03333333333333333,0.04057971014492753,0.02666666666666667,1,0.6788008565310493,0,0.17898832684824903,0.2921108742004264,0.8550106609808102,1,472
ARG620495119,América del Sur,Argentina,ARG,Rincón Treneta,Comisión de fomento,Local,2,Río Negro,Rincón Treneta,91,2022,0,0.5217391304347826,0,0.5,1,0.15384615384615383,0,0.07692307692307693,0,0,0,1,0,0,0.3703703703703703,0,0,1,13
ARG620495126,América del Sur,Argentina,ARG,Yaminue,Comisión de fomento,Local,2,Río Negro,Yaminue,120,2022,0,0.07936507936507936,0.07692307692307693,0.4583333333333333,0.9,0.8275862068965517,0.03448275862068965,1,0,0,0,1,0.3684210526315789,0,0.32608695652173914,0.10344827586206896,0.06896551724137931,1,29
ARG620495161,América del Sur,Argentina,ARG,Cona Niyeu,Comisión de fomento,Local,2,Río Negro,Cona Niyeu,183,2022,0,0.08396946564885496,0.17073170731707318,0.6071428571428571,0.7924528301886793,0.8157894736842105,0.2631578947368421,0.868421052631579,0.05263157894736842,0.02941176470588235,0.07142857142857142,1,0.7222222222222222,0,0.47465437788018433,0.1973684210526316,0,1,77
ARG620495210,América del Sur,Argentina,ARG,Comicó,Comisión de fomento,Local,2,Río Negro,Comicó,98,2022,0,0.203125,0.15625,0.625,0.9393939393939394,0.6764705882352942,0,0.7352941176470589,0,0,0,0,0.29032258064516125,0,0.17073170731707318,0.1176470588235294,0.35294117647058826,1,34
ARG620495259,América del Sur,Argentina,ARG,Prahuaniyeu,Comisión de fomento,Local,2,Río Negro,Prahuaniyeu,183,2022,0,0.18811881188118812,0.10714285714285714,0.6333333333333333,0.94,1,0.4,1,0.01515151515151515,0,0.02127659574468085,0,0.3695652173913043,0,0.32653061224489793,0.08888888888888889,0.3333333333333333,1,45
ARG620560203,América del Sur,Argentina,ARG,Ñorquinco,Municipio,Local,2,Río Negro,Ñorquinco,597,2022,0,0.07049608355091384,0.2222222222222222,0.6024844720496895,0.688622754491018,0.88125,0.7250000000000001,0.9375,0.07075471698113207,0.06185567010309278,0.0782608695652174,0.925,0.7730061349693251,0.00176991150442477,0.3716814159292035,0.3,0.9,1,164
ARG620565238,América del Sur,Argentina,ARG,Mamuel Choique,Comisión de fomento,Local,2,Río Negro,Mamuel Choique,140,2022,0,0.28313253012048195,0.06944444444444445,0.6170212765957447,0.8275862068965517,0.24705882352941175,0.05882352941176471,0.35294117647058826,0,0,0,0.5647058823529412,0.5833333333333333,0,0.42386831275720166,0.04705882352941176,0.04705882352941176,1,87
ARG620565245,América del Sur,Argentina,ARG,Ojos de Agua,Comisión de fomento,Local,2,Río Negro,Ojos de Agua,118,2022,0,0.4444444444444444,0.02702702702702703,0.8333333333333334,0.7428571428571429,0,0.03125,0.15625,0.02439024390243902,0,0.03846153846153846,0,0.625,0,0.5942028985507246,0,0,1,32
ARG620565266,América del Sur,Argentina,ARG,Río Chico,Comisión de fomento,Local,2,Río Negro,Río Chico,367,2022,0,0.12690355329949238,0.2033898305084746,0.5056179775280899,0.7875,0.8020833333333334,0.3854166666666667,0.96875,0,0,0,1,0.5405405405405406,0,0.3971631205673759,0.21875,0.10416666666666669,1,96
ARG620630210,América del Sur,Argentina,ARG,Río Colorado,Municipio,Local,2,Río Negro,Río Colorado,16132,2022,0,0.01841443573435882,0.4121951219512195,0.592243891504147,0.8431054461181924,0.9384073911130664,0.824681038275407,0.9969203695556532,0.05812101910828025,0.07342922028766086,0.04700384826827927,0.8846471316549732,0.3029075309818875,0.00325501568325738,0.03047878321595549,0.41091069071711395,0.8915530136383634,1,4860
ARG620635133,América del Sur,Argentina,ARG,Pichi Mahuida,Comisión de fomento,Local,2,Río Negro,Pichi Mahuida,10,2022,0,0,0.5714285714285714,0,1,0.2,1,1,0,NA,0,0,0.25,0,0,0,0,1,6
ARG620700217,América del Sur,Argentina,ARG,Comallo,Municipio,Local,2,Río Negro,Comallo,1811,2022,0,0.06335282651072124,0.3356401384083045,0.6186252771618626,0.784366576819407,0.966183574879227,0.5072463768115942,0.9806763285024156,0.07192982456140351,0.08960573476702509,0.0549828178694158,0.9444444444444444,0.6821705426356589,0.01336005344021376,0.17167668670674682,0.3743961352657005,0.8478260869565217,1,422
ARG620700224,América del Sur,Argentina,ARG,Pilcaniyeu,Municipio,Local,2,Río Negro,Pilcaniyeu,1118,2022,0,0.05417383225602404,0.3520361401243286,0.6014313413307691,0.7472405828570212,0.984,0.692,0.976,0.05008172478206724,0.07855956828559568,0.02678167100645307,0.944,0.638273834954167,0,0.18057285180572852,0.348,0.788,1,250
ARG620700273,América del Sur,Argentina,ARG,Dina Huapi,Municipio,Local,2,Río Negro,Dina Huapi,5879,2022,0,0.01110315186246418,0.639247311827957,0.6669303797468354,0.845575959933222,0.9054393305439332,0.8476987447698745,0.994979079497908,0.04579741379310344,0.05812574139976275,0.03553800592300098,0.986610878661088,0.3635600335852225,0.00884718498659517,0.09839142091152817,0.6619246861924686,0.9330543933054394,1,1199
ARG620705035,América del Sur,Argentina,ARG,Paso Flores,Comisión de fomento,Local,2,Río Negro,Paso Flores,123,2022,0,NA,NA,NA,NA,NA,NA,NA,NA,NA,NA,NA,NA,NA,NA,NA,NA,0,NA
ARG620705042,América del Sur,Argentina,ARG,Villa Llanquín,Comisión de fomento,Local,2,Río Negro,Villa Llanquín,264,2022,0,0.12048192771084336,0.13953488372093023,0.6486486486486487,0.7352941176470589,0.9285714285714286,0.26190476190476186,0.9285714285714286,0.04081632653061224,0.04166666666666666,0.04,0.7142857142857143,0.3947368421052632,0.07079646017699115,0.3982300884955752,0.14285714285714285,0.6904761904761905,1,42
ARG620705140,América del Sur,Argentina,ARG,Pilquiniyeu del Limay,Comisión de fomento,Local,2,Río Negro,Pilquiniyeu del Limay,127,2022,0,0.08108108108108109,0.3617021276595745,0.7741935483870968,0.9666666666666668,0,0.7352941176470588,0.9705882352941176,0,0,0,0,0.3488372093023256,0,0.32075471698113206,0.5,0.7941176470588235,1,34
ARG620705231,América del Sur,Argentina,ARG,Laguna Blanca,Comisión de fomento,Local,2,Río Negro,Laguna Blanca,37,2022,0,0.17543859649122806,0.16129032258064516,0.4482758620689655,0.8571428571428571,0.6333333333333333,0.16666666666666669,1,0,0,0,0,0.6666666666666666,0,0.7549019607843137,0.16666666666666666,0.03333333333333333,1,30
ARG620770228,América del Sur,Argentina,ARG,Las Grutas,Municipio,Local,2,Río Negro,Las Grutas,NA,2022,0,NA,NA,NA,NA,NA,NA,NA,NA,NA,NA,NA,NA,NA,NA,NA,NA,0,NA
ARG620770231,América del Sur,Argentina,ARG,San Antonio Oeste,Municipio,Local,2,Río Negro,San Antonio Oeste,26510,2022,0,0.02292063492063492,0.4045054836478609,0.600598354525056,0.840091703682476,0.9956056833162444,0.8196865387432254,0.9964845466529956,0.05517311196598502,0.08816936488169365,0.03257717891864233,0.9696925329428988,0.3060377938239361,0.0050362703876542,0.05867948066349397,0.508129485864948,0.9321810458473708,1,6862
ARG620770238,América del Sur,Argentina,ARG,Sierra Grande,Municipio,Local,2,Río Negro,Sierra Grande,8957,2022,0,0.03328509406657019,0.3833528722157093,0.5967878275570583,0.7966457023060797,0.990012484394507,0.8318768206408655,0.9916770703287556,0.04106280193236715,0.05169971671388101,0.03315789473684211,0.9662921348314608,0.4183333333333333,0.00929197748985734,0.07551367622039,0.49563046192259674,0.9288389513108616,1,2414
ARG620840245,América del Sur,Argentina,ARG,Valcheta,Municipio,Local,2,Río Negro,Valcheta,3564,2022,0,0.06364617044228695,0.3518987341772152,0.5340050377833753,0.8060109289617486,0.9974293059125964,0.636675235646958,0.9880034275921166,0.04339250493096647,0.05974842767295597,0.03163841807909604,0.9185946872322194,0.47713097713097713,0.0038789759503491,0.11688647530385313,0.3170522707797772,0.8654670094258783,1,1170
ARG620845147,América del Sur,Argentina,ARG,Arroyo Los Berros,Comisión de fomento,Local,2,Río Negro,Arroyo Los Berros,171,2022,0,0.03478260869565217,0.2,0.48,0.782608695652174,1,0.5555555555555555,1,0,0,0,0,0.7045454545454545,0,0.20833333333333337,0.18518518518518515,0,1,55
ARG620845154,América del Sur,Argentina,ARG,Arroyo Ventana,Comisión de fomento,Local,2,Río Negro,Arroyo Ventana,82,2022,0,0.08695652173913043,0.07142857142857142,1,0.8181818181818182,1,0.5714285714285714,1,0,0,0,1,0.7142857142857143,0,0.06666666666666667,0.14285714285714285,0,1,14
ARG620845168,América del Sur,Argentina,ARG,Aguada Cecilio,Comisión de fomento,Local,2,Río Negro,Aguada Cecilio,111,2022,0,0.06422018348623854,0.1791044776119403,0.673469387755102,0.8148148148148148,0.9302325581395348,0.3953488372093024,0.9767441860465116,0.02597402597402597,0,0.04545454545454545,0.3953488372093023,0.4864864864864865,0.01935483870967742,0.03225806451612903,0.23255813953488372,0.627906976744186,1,43
ARG620845175,América del Sur,Argentina,ARG,Chipauquil,Comisión de fomento,Local,2,Río Negro,Chipauquil,62,2022,0,NA,NA,NA,NA,NA,NA,NA,NA,NA,NA,NA,NA,NA,NA,NA,NA,0,NA
ARG620845182,América del Sur,Argentina,ARG,Nahuel Niyeu,Comisión de fomento,Local,2,Río Negro,Nahuel Niyeu,57,2022,0,0.14285714285714285,0.16666666666666666,0.4,0.5714285714285714,1,0.3333333333333333,0.8888888888888888,0,0,0,0,1,0,0,0,0,1,10
ARG620845189,América del Sur,Argentina,ARG,Sierra Pailemán,Comisión de fomento,Local,2,Río Negro,Sierra Pailemán,83,2022,0,0.0217391304347826,0.35294117647058826,0.7142857142857143,0.6086956521739131,1,0.5217391304347826,0.9565217391304348,0,0,0,0,0.9166666666666666,0,0.2702702702702703,0.43478260869565216,0,1,24
ARG620910252,América del Sur,Argentina,ARG,Ingeniero Jacobacci,Municipio,Local,2,Río Negro,Ingeniero Jacobacci,8112,2022,0,0.07724380074610489,0.33554817275747506,0.6031976744186046,0.7875920084121977,0.9816607233825776,0.5710646968925115,0.9862455425369332,0.06416332482683193,0.078714859437751,0.0520694259012016,0.957208354559348,0.4810261892036344,0.00143747005270723,0.14901772879731673,0.3744268976057056,0.8629648497198166,1,1969
ARG620910259,América del Sur,Argentina,ARG,Los Menucos,Municipio,Local,2,Río Negro,Los Menucos,4244,2022,0,0.08309699376063528,0.35936030103480715,0.5217113665389528,0.8126649076517151,0.9953739398612182,0.781804163454125,0.984579799537394,0.06198145436798438,0.08445532435740515,0.04707792207792208,0.9830377794911334,0.44174041297935096,0.00134952766531713,0.10410641989589356,0.31225905936777176,0.8234387047031612,1,1309
ARG620910266,América del Sur,Argentina,ARG,Maquinchao,Municipio,Local,2,Río Negro,Maquinchao,2834,2022,0,0.0892343120322395,0.3294367693942614,0.5749318801089919,0.7841225626740947,0.9956772334293948,0.5821325648414984,0.984149855907781,0.04263959390862944,0.04976303317535545,0.03730017761989342,0.9769452449567724,0.5578034682080925,4.009623095429e-4,0.2012830793905373,0.367435158501441,0.8760806916426513,1,701
ARG620915196,América del Sur,Argentina,ARG,Aguada de Guerra,Comisión de fomento,Local,2,Río Negro,Aguada de Guerra,205,2022,0,0.08860759493670886,0.12244897959183672,0.5757575757575758,0.7272727272727273,0.9705882352941176,0.2647058823529412,0.8823529411764706,0.06976744186046512,0.15789473684210523,0,0,0.625,0,0.1984126984126984,0.17647058823529413,0.7647058823529411,1,35
ARG620915203,América del Sur,Argentina,ARG,Colan Conhue,Comisión de fomento,Local,2,Río Negro,Colan Conhue,78,2022,0,0.12,0.12903225806451613,0.55,0.8095238095238095,0.925925925925926,0,1,0,0,0,1,0.6956521739130435,0.0131578947368421,0.3157894736842105,0.25925925925925924,0.03703703703703703,1,28
ARG620915217,América del Sur,Argentina,ARG,Clemente Onelli,Comisión de fomento,Local,2,Río Negro,Clemente Onelli,162,2022,0,0.15942028985507245,0.02941176470588235,0.48,0.88,0.7666666666666667,0.13333333333333333,0.9,0,0,0,0,0.6153846153846154,0,0.08771929824561403,0.1,0.06666666666666667,1,31
ARG620915224,América del Sur,Argentina,ARG,El Caín,Comisión de fomento,Local,2,Río Negro,El Caín,383,2022,0,0.16363636363636364,0.22388059701492535,0.6666666666666666,0.8490566037735849,0.9803921568627452,0.2352941176470588,0.9019607843137256,0.01333333333333333,0.03333333333333333,0,0.6078431372549019,0.5892857142857143,0,0.2272727272727273,0.19607843137254904,0.4509803921568627,1,51
ARG620915252,América del Sur,Argentina,ARG,Pilquiniyeu,Comisión de fomento,Local,2,Río Negro,Pilquiniyeu,83,2022,0,0.21428571428571427,0.1176470588235294,0.5,0.6666666666666666,1,0.07142857142857144,1,0,0,0,0,0.5714285714285714,0,0.2608695652173913,0,0.14285714285714285,1,14
ARG66,América del Sur,Argentina,ARG,Salta,Provincia,Regional,1,Salta,NA,1441351,2022,NA,0.03436161906276493,0.47224235085012256,0.5223466608107331,0.7740407587256787,0.9358252563187492,0.7420836362908659,0.939247286723456,0.07807457570437254,0.10646774137042246,0.05771391041262162,0.8610893475716891,0.330627557761611,0.003449207151691,0.06521628150931838,0.33080627839184584,0.7867001087311805,1,300696
ARG660070007,América del Sur,Argentina,ARG,Apolinario Saravia,Municipio,Local,2,Salta,Apolinario Saravia,11546,2022,0,0.06888745148771022,0.29667721518987344,0.423574144486692,0.8357504215851602,0.9282254513430208,0.631439894319683,0.8370761778952004,0.02533407572383073,0.04308797127468582,0.01735270379338176,0.80537208278291506,0.5912013536379018,0.00298210735586481,0.03114645460569913,0.1334214002642008,0.753412593571114,1,2281
ARG660070014,América del Sur,Argentina,ARG,El Quebrachal,Municipio,Local,2,Salta,El Quebrachal,13847,2022,0,0.07072691552062868,0.2637023992956196,0.3201581027667984,0.6955299409614843,0.9059080962800876,0.5018234865061999,0.8676148796498906,0.07003118797845194,0.0949667616334283,0.05941794664510913,0.7640408460977389,0.2738665683744932,0.00339414509970301,0.02002545608824777,0.15973741794310722,0.7760758570386579,1,2745
ARG660070021,América del Sur,Argentina,ARG,General Pizarro,Municipio,Local,2,Salta,General Pizarro,6735,2022,0,0.10576194086429112,0.15666456096020215,0.3482224247948952,0.8309963099630996,0.6904083570750237,0.245014245014245,0.6828110161443495,0.00862068965517241,0.02094240837696335,0.00444049733570159,0.6733143399810066,0.993548387096774,0.00212514757969303,0.09161747343565524,0.07122507122507123,0.6685660018993352,1,1054
ARG660070028,América del Sur,Argentina,ARG,Joaquín V. González,Municipio,Local,2,Salta,Joaquín V. González,22618,2022,0,0.06531079919793756,0.3486889583834496,0.3750598754590452,0.7230574457983858,0.8650761828388132,0.5801924619085805,0.8857257417802726,0.05883203237930037,0.08386547467007237,0.04596191726854892,0.7298055722589697,0.2834174612077024,0.00304110239961986,0.00698503207412687,0.214915797914996,0.7824779470729751,1,5003
ARG660070035,América del Sur,Argentina,ARG,Las Lajitas,Municipio,Local,2,Salta,Las Lajitas,14696,2022,0,0.06595979069126963,0.2925507900677201,0.42321755027422303,0.8244523386619301,0.9217919514047076,0.7088078967350038,0.9305239179954442,0.03953042644944897,0.06119510439164866,0.02872531418312388,0.9043280182232346,0.3894021739130435,0.0012398157987956,0.00478214665249734,0.1970387243735763,0.8192862566438877,1,2643
ARG660140042,América del Sur,Argentina,ARG,Cachi,Municipio,Local,2,Salta,Cachi,6770,2022,0,0.04752640355753196,0.3322290582110743,0.5664857530529173,0.799617102744097,0.8188920454545454,0.5575284090909092,0.8345170454545454,0.04022988505747126,0.0562874251497006,0.0295291300877893,0.7017045454545454,0.481581311769991,0.00859546452084857,0.11558156547183614,0.1612215909090909,0.7322443181818182,1,1422
ARG660140049,América del Sur,Argentina,ARG,Payogasta,Municipio,Local,2,Salta,Payogasta,2158,2022,0,0.04942630185348632,0.18425196850393705,0.5124481327800829,0.7583497053045186,0.511166253101737,0.3598014888337469,0.7146401985111662,0.02369668246445497,0.03643724696356275,0.0155440414507772,0.5198019801980198,0.4521072796934865,0.00162425554953979,0.08608554412560909,0.07444168734491315,0.5260545905707196,1,407
ARG660210056,América del Sur,Argentina,ARG,Cafayate,Municipio,Local,2,Salta,Cafayate,17822,2022,0,0.02787490287490287,0.4704861111111111,0.5648414985590778,0.8185109753337859,0.9240506329113924,0.8669479606188467,0.9552742616033756,0.04817518248175182,0.07692307692307693,0.02792369366878628,0.8866704161979753,0.22479166666666667,0.00505050505050505,0.09569023569023569,0.31251758087201126,0.8405063291139241,1,3603
ARG660280063,América del Sur,Argentina,ARG,Salta,Municipio,Local,2,Salta,Salta,591163,2022,0.9935106043662324,0.0136449328372493,0.600709031956903,0.5950338904938008,0.7972600302464193,0.9919680506905244,0.9099529238526584,0.9893427931847424,0.07945015993775395,0.10722381743992744,0.05601428252622183,0.9711153231501096,0.33239017539956756,0.00382540050726483,0.02060240551526928,0.45711459658047193,0.8448197645448934,1,134808
ARG660280070,América del Sur,Argentina,ARG,San Lorenzo,Municipio,Local,2,Salta,San Lorenzo,32840,2022,0.8794220823815264,0.01479706877113867,0.5955786736020806,0.654747225647349,0.8482028241335045,0.9160707564922844,0.657508468197215,0.9450508091832892,0.04153555695405916,0.05414312617702448,0.03140370790768066,0.9363944298080542,0.2673211781206171,0.01135395969344308,0.06481218658340429,0.4463680843056078,0.8712834023334588,1,2676
ARG660350077,América del Sur,Argentina,ARG,San José de los Cerrillos,Municipio,Local,2,Salta,San José de los Cerrillos,41407,2022,0.950837925714652,0.02624191382887831,0.4516004627844196,0.5449973530968767,0.8355549510337323,0.8637671348789981,0.7378575055000846,0.9764765611778644,0.05847383295975051,0.08644973288003885,0.03972000651147647,0.8692047377326565,0.26394052044609667,0.00329555501969295,0.01949200225062294,0.28583516669487224,0.8456591639871383,1,5918
ARG660350084,América del Sur,Argentina,ARG,La Merced,Municipio,Local,2,Salta,La Merced,14306,2022,0.6186355468513862,0.02936715841720667,0.3369639210347175,0.4239462431276726,0.8097663271420013,0.785824345146379,0.5770416024653313,0.9738058551617874,0.03959912001955512,0.07492795389048991,0.02145763965963744,0.7996918335901386,0.20121422376409367,0.0019253690290639,0.0172366370220959,0.1922187981510015,0.7954545454545454,1,2598
ARG660420091,América del Sur,Argentina,ARG,Chicoana,Municipio,Local,2,Salta,Chicoana,10523,2022,0,0.03179470626210459,0.35027027027027025,0.4368752313957794,0.8029197080291971,0.8031602708803612,0.6013544018058691,0.9024830699774266,0.03964497041420118,0.07203389830508475,0.02227272727272727,0.6275395033860045,0.2455460883036406,0.00109613065877452,0.01567466842047572,0.1670428893905192,0.7670428893905192,1,2219
ARG660420098,América del Sur,Argentina,ARG,El Carril,Municipio,Local,2,Salta,El Carril,14192,2022,0,0.02575107296137339,0.4341053494568559,0.4459988808058198,0.7691197691197691,0.9740307242136064,0.6814191660570592,0.9740307242136064,0.06644752289269781,0.10664993726474278,0.0424015009380863,0.9107534747622532,0.2418835916934776,0.00138085785794424,0.00932079054112367,0.253474762253109,0.8423555230431602,1,2735
ARG660490105,América del Sur,Argentina,ARG,Campo Santo,Municipio,Local,2,Salta,Campo Santo,8882,2022,0,0.03601773180642778,0.4004869141813755,0.39402737453338865,0.7586206896551724,0.9443561208267092,0.6126126126126126,0.9644939056703764,0.0954253037884203,0.14526315789473684,0.0698051948051948,0.8441971383147854,0.28510233222275105,0.00403836446239273,0.00946491670873296,0.2379438261791203,0.7922628510863805,1,1887
ARG660490112,América del Sur,Argentina,ARG,El Bordo,Municipio,Local,2,Salta,El Bordo,7825,2022,0,0.05165970542976478,0.3856880733944954,0.4152923538230884,0.7786333012512031,0.9414694894146948,0.5728518057285181,0.9607721046077212,0.07349938750510412,0.1131167268351384,0.05315203955500618,0.9676415681393902,0.3181208053691275,0.00494233937397034,0.01362887524337277,0.1961394769613948,0.8019925280199253,1,1608
ARG660490119,América del Sur,Argentina,ARG,General Güemes,Municipio,Local,2,Salta,General Güemes,39039,2022,0,0.03547768479776848,0.4196039179237864,0.4629701434664598,0.7649422400803616,0.967406122196059,0.7616805056388649,0.975337712231999,0.10410782019207487,0.1360971524288107,0.0840446487196323,0.9392963330029732,0.2992162286768096,0.00324904214559386,0.00919540229885057,0.29136200272648405,0.8237699838889577,1,8080
ARG660560126,América del Sur,Argentina,ARG,Aguaray,Municipio,Local,2,Salta,Aguaray,17295,2022,0,0.05358615004122012,0.3127217435377598,0.418728323699422,0.6933064696664428,0.8597543558983147,0.5355612682090831,0.8886032562125107,0.12550937245313773,0.1435670900055218,0.11494995156603165,0.6704740148486579,0.3751625487646294,0.00662699486069786,0.23464971598593456,0.2222222222222222,0.6935161382462154,1,3512
ARG660560133,América del Sur,Argentina,ARG,Embarcación,Municipio,Local,2,Salta,Embarcación,31980,2022,0,0.07481837356456526,0.31362238317293384,0.38911264128881384,0.7025713189203019,0.9177475482442264,0.378519455868396,0.8628598544764315,0.05832449628844114,0.08247078464106845,0.04515659140568099,0.6511774932827564,0.33499023610864553,0.00197390064700076,0.22977665679716344,0.15944321417273014,0.6471053464093641,1,6340
ARG660560140,América del Sur,Argentina,ARG,General Ballivián,Municipio,Local,2,Salta,General Ballivián,2981,2022,0,0.1859052247873633,0.140534262485482,0.3054263565891473,0.6128266033254157,0.7852459016393443,0.260655737704918,0.8163934426229508,0.06451612903225806,0.07614213197969544,0.06007751937984496,0.511437908496732,0.32432432432432434,0,0.26010003847633706,0.06393442622950819,0.5229508196721312,1,614
ARG660560147,América del Sur,Argentina,ARG,General Mosconi,Municipio,Local,2,Salta,General Mosconi,19108,2022,0.7269479380146802,0.04640718562874251,0.3843034089663488,0.4250254028160836,0.714751046998604,0.971801198449066,0.5415932322876278,0.9450123369756784,0.14278131634819533,0.16905737704918034,0.12608506944444445,0.8750660792951542,0.369865928921047,0.00462484845763549,0.07696107045036146,0.2906238984843144,0.7455058160028198,1,5682
ARG660560154,América del Sur,Argentina,ARG,Profesor Salvador Mazza,Municipio,Local,2,Salta,Profesor Salvador Mazza,26954,2022,0.8772023832877218,0.05726905225333133,0.3267554479418886,0.4568480300187618,0.7266199064796259,0.9536507936507936,0.5940740740740741,0.9142857142857144,0.13062010174618452,0.1676933607118412,0.10572282233969202,0.6615873015873016,0.3580410324288551,0.00227382680212868,0.09811320754716982,0.19703703703703704,0.7392592592592593,1,4739
ARG660560161,América del Sur,Argentina,ARG,Tartagal,Municipio,Local,2,Salta,Tartagal,79130,2022,0.930572591550292,0.04714481296647971,0.35306742979788946,0.5283235886130547,0.7824575345187246,0.9821502209131076,0.603240058910162,0.9452724594992636,0.11072522219732615,0.1373367198838897,0.09210359273835216,0.8123085983510012,0.3668694431445952,0.0013511942813971,0.11348579066658918,0.2578497790868925,0.7363770250368189,1,17011
ARG660630168,América del Sur,Argentina,ARG,Guachipas,Municipio,Local,2,Salta,Guachipas,3491,2022,0,0.04578422484134179,0.29397590361445786,0.4632768361581921,0.7536231884057971,0.7350993377483444,0.6357615894039734,0.7362030905077264,0.06063268892794376,0.07804878048780488,0.05082417582417582,0.5347298787210585,0.483271375464684,0.00282397238782554,0.03922183871979919,0.10927152317880796,0.5938189845474614,1,912
ARG660700175,América del Sur,Argentina,ARG,Iruya,Municipio,Local,2,Salta,Iruya,4176,2022,0,0.11570912012856568,0.1945701357466063,0.38654012079378774,0.548768472906404,0.7880794701986755,0.30274361400189215,0.5827814569536425,0.0965174129353234,0.10714285714285714,0.08797127468581688,0.37748344370860926,0.6666666666666666,2.361832782239e-4,0.5571563533301842,0.08230842005676443,0.38315988647114474,1,1064
ARG660700182,América del Sur,Argentina,ARG,Isla de Cañas,Municipio,Local,2,Salta,Isla de Cañas,1940,2022,0,0.11989100817438691,0.23739837398373984,0.2880658436213992,0.628,0.8568232662192393,0.16778523489932887,0.7919463087248322,0.05947136563876652,0.08571428571428572,0.04777070063694268,0.7136465324384788,0.681063122923588,0.01026811180832858,0.5613234455219623,0.13646532438478748,0.087248322147651,1,447
ARG660770189,América del Sur,Argentina,ARG,La Caldera,Municipio,Local,2,Salta,La Caldera,4511,2022,0.37798590729411774,0.03460743801652893,0.515728476821192,0.629940119760479,0.8271186440677966,0.8102766798418973,0.7220026350461133,0.903820816864295,0.04689984101748808,0.0779467680608365,0.02459016393442623,0.8208168642951251,0.4823399558498897,0.00288912964969303,0.02094618996027446,0.27140974967061926,0.7957839262187089,1,763
ARG660770196,América del Sur,Argentina,ARG,Vaqueros,Municipio,Local,2,Salta,Vaqueros,7735,2022,0.85636858886569,0.02051866628669136,0.6115738711091626,0.642085187539733,0.8176060797973401,0.8066215199398044,0.7501881113619262,0.948081264108352,0.05128205128205128,0.06930693069306931,0.03718048024786986,0.8540255831452219,0.424713031735314,0.00520624749699639,0.03404084901882259,0.4710308502633559,0.872084273890143,1,1334
ARG660840203,América del Sur,Argentina,ARG,El Jardín,Municipio,Local,2,Salta,El Jardín,2049,2022,0,0.04058192955589587,0.24795640326975477,0.3137254901960784,0.8646864686468647,0.6463654223968567,0.49312377210216113,0.8644400785854617,0.00584795321637426,0.025,0,0.5658153241650294,0.3210332103321033,0.00309597523219814,0.02941176470588235,0.10805500982318272,0.7170923379174853,1,512
ARG660840210,América del Sur,Argentina,ARG,El Tala,Municipio,Local,2,Salta,El Tala,3661,2022,0,0.02965864577504197,0.4399260628465804,0.45616264294790343,0.7739816031537451,0.9849624060150376,0.7248120300751879,0.9654135338345864,0.03691983122362869,0.06128133704735376,0.02207130730050933,0.9398496240601504,0.509090909090909,0,0.00189969604863221,0.2421052631578947,0.7984962406015037,1,668
ARG660840217,América del Sur,Argentina,ARG,La Candelaria,Municipio,Local,2,Salta,La Candelaria,1472,2022,0,0.04353741496598639,0.3,0.3879003558718861,0.7586206896551724,0.7898305084745763,0.6135593220338983,0.8610169491525422,0.04825737265415549,0.04587155963302752,0.04924242424242424,0.41694915254237286,0.4736842105263158,0,0.00881834215167548,0.10847457627118644,0.7762711864406779,1,297
ARG660910224,América del Sur,Argentina,ARG,La Poma,Municipio,Local,2,Salta,La Poma,1789,2022,0,0.09389671361502348,0.2208480565371025,0.45670995670995673,0.7348837209302326,0.6099290780141844,0.23167848699763596,0.574468085106383,0.02656546489563567,0.02843601895734597,0.02531645569620253,0.09219858156028368,0.5437158469945355,0.00230149597238204,0.3998849252013809,0.1016548463356974,0.3475177304964539,1,428
ARG660980231,América del Sur,Argentina,ARG,Coronel Moldes,Municipio,Local,2,Salta,Coronel Moldes,5678,2022,0,0.0318491032776747,0.35970464135021096,0.4733812949640287,0.7931547619047619,0.855924978687127,0.5848252344416027,0.906223358908781,0.04118329466357309,0.06838905775075987,0.02439024390243902,0.8167092924126172,0.33000767459708363,0.00298826040554962,0.02305229455709712,0.20545609548167093,0.8013640238704177,1,1191
ARG660980238,América del Sur,Argentina,ARG,La Viña,Municipio,Local,2,Salta,La Viña,3210,2022,0,0.04347826086956521,0.34210526315789475,0.4134860050890586,0.7692307692307693,0.8994252873563219,0.528735632183908,0.896551724137931,0.02459893048128342,0.04615384615384615,0.01311475409836065,0.639367816091954,0.4051204819277108,0.00472727272727272,0.016,0.14655172413793102,0.7801724137931034,1,700
ARG661050245,América del Sur,Argentina,ARG,San Antonio de los Cobres,Municipio,Local,2,Salta,San Antonio de los Cobres,6853,2022,0,0.06944841383252358,0.3037156704361874,0.4609218436873748,0.7198879551820728,0.8729096989966556,0.42976588628762535,0.8837792642140467,0.06111757857974389,0.06521739130434782,0.05836575875486381,0.8403010033444817,0.43238587424633934,0.00257997936016511,0.25782593739250087,0.22909698996655517,0.7090301003344481,1,1234
ARG661050252,América del Sur,Argentina,ARG,Tolar Grande,Municipio,Local,2,Salta,Tolar Grande,329,2022,0,0.01351351351351351,0.32978723404255317,0.6153846153846154,0.912280701754386,0.925925925925926,0.6851851851851851,1,0.03260869565217391,0.075,0,0.9444444444444444,0.75,0,0.2627118644067797,0.25925925925925924,0.8888888888888888,1,58
ARG661120259,América del Sur,Argentina,ARG,El Galpón,Municipio,Local,2,Salta,El Galpón,10107,2022,0,0.04770433083686096,0.3056017748197449,0.42857142857142855,0.7133379888268156,0.8377173428444048,0.5938475256353098,0.8368256798930004,0.09052699644358228,0.11714285714285716,0.07684777288301517,0.6018724921979491,0.3951302862024776,0.00308043354249857,0.01711351968054763,0.15782434239857335,0.7672759696834597,1,2245
ARG661120266,América del Sur,Argentina,ARG,San José de Metán,Municipio,Local,2,Salta,San José de Metán,35383,2022,0,0.02897046333868076,0.48779116465863454,0.49686258104998954,0.7690182989987341,0.9595032397408207,0.8037257019438445,0.974352051835853,0.08335519986005423,0.10776678593980214,0.06599820413049985,0.9096922246220304,0.2962573867367039,0.00304269921227898,0.00808005679705196,0.33220842332613393,0.8199244060475162,1,7420
ARG661120280,América del Sur,Argentina,ARG,Río Piedras,Municipio,Local,2,Salta,Río Piedras,2538,2022,0,0.04351087771942986,0.2864516129032258,0.41711229946524064,0.7411575562700965,0.8972746331236897,0.49685534591194974,0.9056603773584904,0.06330935251798561,0.08547008547008547,0.05206073752711496,0.9056603773584906,0.4225589225589226,0,0,0.11320754716981132,0.7190775681341719,1,479
ARG661190273,América del Sur,Argentina,ARG,Molinos,Municipio,Local,2,Salta,Molinos,2722,2022,0,0.07727272727272727,0.26594464500601683,0.3719412724306688,0.7473363774733638,0.7689393939393939,0.4299242424242424,0.6325757575757576,0.03059805285118219,0.04824561403508772,0.02240325865580448,0.5568181818181818,0.417910447761194,0.0047808764940239,0.2657370517928287,0.1534090909090909,0.6477272727272727,1,534
ARG661190287,América del Sur,Argentina,ARG,Seclantás,Municipio,Local,2,Salta,Seclantás,3086,2022,0,0.06259620318111853,0.1959262851600388,0.30357142857142855,0.5491698595146871,0.770739064856712,0.39517345399698345,0.6395173453996983,0.06131386861313868,0.07450980392156863,0.05348837209302325,0.43891402714932126,0.6189376443418014,0.00254614894971355,0.18555060471037552,0.09653092006033184,0.5188536953242836,1,667
ARG661260290,América del Sur,Argentina,ARG,Aguas Blancas,Municipio,Local,2,Salta,Aguas Blancas,3669,2022,0,NA,NA,NA,NA,NA,NA,NA,NA,NA,NA,NA,NA,NA,NA,NA,NA,0,NA
ARG661260294,América del Sur,Argentina,ARG,Colonia Santa Rosa,Municipio,Local,2,Salta,Colonia Santa Rosa,19512,2022,0,0.05724725943970767,0.24350140933291575,0.3744519728975688,0.7825552825552825,0.8808262711864406,0.6186440677966102,0.9576271186440678,0.05086826872478512,0.08408728046833422,0.03453689167974882,0.8631913204551469,0.20636343266860857,0.00354259829258377,0.05871421104593762,0.12420550847457627,0.7243114406779662,1,3788
ARG661260301,América del Sur,Argentina,ARG,Hipólito Yrigoyen,Municipio,Local,2,Salta,Hipólito Yrigoyen,12814,2022,0,0.02699936020473448,0.4624300559552358,0.4306382978723404,0.7635287485907554,0.9846441947565544,0.8314606741573034,0.9730337078651686,0.08966169860421103,0.1225296442687747,0.07124400147655961,0.8779026217228464,0.29438347320852165,0.00856942987058412,0.07563833508219657,0.298876404494382,0.8292134831460675,1,2673
ARG661260308,América del Sur,Argentina,ARG,Pichanal,Municipio,Local,2,Salta,Pichanal,29632,2022,0,0.06038349041273968,0.23538908621246368,0.390559186637618,0.7527373527373528,0.8206743238236384,0.5739162652834383,0.9049648017784364,0.0666256157635468,0.10896243956861287,0.04566378199226662,0.7449527690313021,0.21693295997364517,0.00609880056922138,0.2200447245375076,0.15098184512782512,0.7271211559836976,1,5411
ARG661260315,América del Sur,Argentina,ARG,San Ramón de la Nueva Orán,Municipio,Local,2,Salta,San Ramón de la Nueva Orán,90381,2022,0.9261502808075016,0.04974697188373495,0.3930991254514521,0.5071745881982939,0.797207693258103,0.9533222935210102,0.6703581039122335,0.9324156489339682,0.07316014632029263,0.10650337183164096,0.05093764529627525,0.8802172226532196,0.30165600301091455,0.00246248650484612,0.09151230636728654,0.2677499482508797,0.7445663423721797,1,19381
ARG661260322,América del Sur,Argentina,ARG,Urundel,Municipio,Local,2,Salta,Urundel,3707,2022,0,0.0510406342913776,0.28654970760233917,0.3604395604395605,0.7119565217391305,0.9024045261669024,0.5417256011315417,0.956152758132956,0.06103763987792472,0.06402439024390244,0.05954198473282442,0.8401697312588402,0.41051314142678347,0.00440944881889763,0.17543307086614174,0.10325318246110324,0.7298444130127298,1,709
ARG661330329,América del Sur,Argentina,ARG,Rivadavia Banda Norte,Municipio,Local,2,Salta,Rivadavia Banda Norte,12357,2022,0,0.11065379135665664,0.1805953062392673,0.3878168747635263,0.5862533692722371,0.5871093749999999,0.21367187500000004,0.5480468749999999,0.08209764918625678,0.0897560975609756,0.07758620689655173,0.3337236533957845,0.5822416302765647,0.002034292356873,0.24392134069553423,0.092578125,0.499609375,1,2570
ARG661330336,América del Sur,Argentina,ARG,Rivadavia Banda Sur,Municipio,Local,2,Salta,Rivadavia Banda Sur,10335,2022,0,0.11521084337349398,0.16877496671105194,0.3912264995523724,0.627742946708464,0.5742057847321005,0.17022285443338075,0.4547178757705073,0.05815831987075929,0.05835240274599542,0.05805243445692884,0.0687529634898056,0.4638157894736842,0.00113045444268595,0.1803074836084106,0.05263157894736842,0.5372214319582741,1,2114
ARG661330343,América del Sur,Argentina,ARG,Santa Victoria Este,Municipio,Local,2,Salta,Santa Victoria Este,15370,2022,0,0.1475619504396483,0.1328125,0.3888496824276641,0.5382807253190061,0.5517102615694165,0.13601609657947686,0.695774647887324,0.05101663585951941,0.0426497277676951,0.05676855895196506,0.1995975855130785,0.6016187050359711,0.00607794065069717,0.5395066142295316,0.05030181086519115,0.2619718309859155,1,2492
ARG661400350,América del Sur,Argentina,ARG,El Potrero,Municipio,Local,2,Salta,El Potrero,3130,2022,0,0.0715725806451613,0.17223198594024605,0.35647530040053405,0.71397616468039,0.5879518072289156,0.3024096385542169,0.8120481927710844,0.06587473002159827,0.10486891385767792,0.05007587253414264,0.2710843373493976,0.3556231003039514,0.00177367860943597,0.00177367860943597,0.0927710843373494,0.8036144578313253,1,830
ARG661400357,América del Sur,Argentina,ARG,Rosario de la Frontera,Municipio,Local,2,Salta,Rosario de la Frontera,30620,2022,0,0.03293150684931507,0.3689399421128799,0.4939715016441359,0.7782982045277127,0.9426358812562742,0.7804388355083894,0.9505234475835364,0.08268579398286512,0.1146449704142012,0.06101638248077566,0.873978494623656,0.31297238932592936,0.00213952777565523,0.00385879116680675,0.2665997418614657,0.8184425641761078,1,6988
ARG661470364,América del Sur,Argentina,ARG,Campo Quijano,Municipio,Local,2,Salta,Campo Quijano,23206,2022,0.372767967328026,0.03268674311435001,0.44458483754512634,0.4394305019305019,0.7331860579283259,0.8111866501854141,0.5862175525339927,0.8491965389369592,0.07321131447587355,0.09555189456342668,0.05959156344158018,0.7506180469715699,0.325,0.0034833091436865,0.0758345428156749,0.24412855377008652,0.7246600741656366,1,3242
ARG661470371,América del Sur,Argentina,ARG,Rosario de Lerma,Municipio,Local,2,Salta,Rosario de Lerma,27755,2022,0.01275308045073709,0.02883362936648904,0.4097906109570705,0.4611249508325685,0.7766666666666666,0.91817864619679,0.7049895324494068,0.977145847871598,0.07771355170199101,0.12112595962468012,0.05150214592274678,0.8840655509065551,0.2322166131252868,0.00256801219805794,0.01857796324532541,0.2772156315422191,0.8101884159106769,1,5740
ARG661540378,América del Sur,Argentina,ARG,Angastaco,Municipio,Local,2,Salta,Angastaco,2148,2022,0,0.113584036838066,0.15406562054208273,0.4145936981757878,0.7249544626593807,0.41372141372141374,0.33887733887733884,0.5571725571725572,0.04012345679012345,0.044,0.03768844221105527,0.3866943866943867,0.45292620865139943,0.0058717253839205,0.33288166214995485,0.08731808731808732,0.5280665280665281,1,487
ARG661540385,América del Sur,Argentina,ARG,Animaná,Municipio,Local,2,Salta,Animaná,1880,2022,0,0.0319926873857404,0.304140127388535,0.4585987261146497,0.8226495726495726,0.8783783783783784,0.7027027027027026,0.8918918918918919,0.04159733777038269,0.10648148148148148,0.00519480519480519,0.8729729729729729,0.3816091954022989,0.00246609124537607,0.21454993834771888,0.13243243243243244,0.7972972972972973,1,370
ARG661540392,América del Sur,Argentina,ARG,San Carlos,Municipio,Local,2,Salta,San Carlos,3751,2022,0,0.05732484076433121,0.31810897435897434,0.4333706606942889,0.7541666666666667,0.7927590511860175,0.630461922596754,0.7952559300873908,0.063006300630063,0.11886304909560724,0.03314917127071823,0.5972568578553616,0.5028818443804035,0.00188679245283018,0.07327044025157232,0.1972534332084894,0.7290886392009988,1,806
ARG661610399,América del Sur,Argentina,ARG,Los Toldos,Municipio,Local,2,Salta,Los Toldos,2005,2022,0,0.14275814275814275,0.25063291139240507,0.3101694915254237,0.5364341085271318,0.7608318890814557,0.44714038128249567,0.7417677642980935,0.09640831758034028,0.1092896174863388,0.08959537572254335,0.06759098786828423,0.6621160409556314,0.00366636113657195,0.11961503208065996,0.11611785095320624,0.5580589254766031,1,581
ARG661610406,América del Sur,Argentina,ARG,Nazareno,Municipio,Local,2,Salta,Nazareno,2978,2022,0,0.16968184653774174,0.14935822637106183,0.2695883134130146,0.5342465753424658,0.7830459770114941,0.4382183908045977,0.7040229885057472,0.10288808664259928,0.08866995073891626,0.1111111111111111,0.3261494252873563,0.7359050445103857,0.00105671010919337,0.6051426558647411,0.1221264367816092,0.48419540229885055,1,700
ARG661610413,América del Sur,Argentina,ARG,Santa Victoria Oeste,Municipio,Local,2,Salta,Santa Victoria Oeste,4428,2022,0,0.2106305711455926,0.15524475524475526,0.2571428571428571,0.3855619360131255,0.52437106918239,0.17767295597484278,0.3309748427672956,0.08674698795180723,0.08888888888888889,0.0851063829787234,0.18081761006289307,0.7169117647058824,0,0.5119293631410858,0.05974842767295597,0.27672955974842767,1,1276
ARG70,América del Sur,Argentina,ARG,San Juan,Provincia,Regional,1,San Juan,NA,822853,2022,NA,0.02167027631869071,0.4410979755781907,0.5103931869199972,0.8124398058061599,0.944650863383288,0.6581137700882018,0.9946694975549708,0.08009839955589582,0.11417119331114596,0.05737338059006399,0.9076526089337844,0.29047678575893193,0.00274608279366198,0.01169214502841535,0.3700238291528792,0.8542130168159283,1,177394
ARG700070007,América del Sur,Argentina,ARG,Albardón,Municipio,Local,2,San Juan,Albardón,31281,2022,0.9498629671002,0.02984431727278321,0.29347289424311246,0.4072558647026732,0.8126578725792871,0.9508783899027802,0.6587071465120246,0.9945420433225312,0.08180471687364703,0.13429336905559278,0.05474011396995337,0.8454065109936936,0.40041142303969024,0.00175820495646349,0.00586068318821165,0.2328159645232816,0.8103360054579567,1,5874
ARG700140014,América del Sur,Argentina,ARG,Angaco,Municipio,Local,2,San Juan,Angaco,10172,2022,0.319364601962602,0.03510657352677772,0.26148409893992935,0.3984502446982056,0.8184845961698585,0.909181141439206,0.6084367245657567,0.9851116625310172,0.08902480462113489,0.14636642784032752,0.06052899287894201,0.7132936507936508,0.43625730994152045,0.00172307692307692,0.00344615384615384,0.1707196029776675,0.850620347394541,1,2018
ARG700210021,América del Sur,Argentina,ARG,Calingasta,Municipio,Local,2,San Juan,Calingasta,10667,2022,0,0.03438395415472779,0.28184991273996507,0.4353932584269663,0.8181111542945978,0.8823807274444969,0.4251299008030231,0.9872461029759094,0.05203761755485893,0.08110599078341015,0.03705463182897862,0.85592820028342,0.4867320974191203,8.1509082440614e-4,0.00430833721471821,0.2437411431270666,0.8866320264525271,1,2151
ARG700280028,América del Sur,Argentina,ARG,San Juan,Municipio,Local,2,San Juan,San Juan,114849,2022,1,0.0071994746963088,0.6923834666456519,0.6573672359822066,0.825647741090637,0.991671816603396,0.8820811630028547,0.9990877254936584,0.07034767259673548,0.07919799498746867,0.062346588119784,0.9822253612312764,0.3648086875371171,0.00253438871646067,0.00813575508255128,0.5309731909007975,0.8517406786145199,1,34083
ARG700350035,América del Sur,Argentina,ARG,Caucete,Municipio,Local,2,San Juan,Caucete,44017,2022,4.3509144014039e-4,0.03136758043461568,0.3502138902868646,0.4004434211648333,0.7632983454901263,0.9422344477359288,0.6889547185780787,0.9883622513753704,0.1080816449499134,0.15949744463373083,0.07994406246358234,0.8292424883622513,0.2420394061070128,0.00798059619748063,0.015543906319276,0.26745662293694455,0.7955988150655946,1,9463
ARG700420042,América del Sur,Argentina,ARG,Chimbas,Municipio,Local,2,San Juan,Chimbas,103772,2022,0.99998983574218,0.02143950995405819,0.3284065277962054,0.4730056697121808,0.8059175632671617,0.9424239516361194,0.5600230304193456,0.9970732175415028,0.09476011754095022,0.15666513971598717,0.05664457293282565,0.9668937721907688,0.26294014893812634,0.00231269463271661,0.00942251328082066,0.33039055752806834,0.8539967373572593,1,20848
ARG700490049,América del Sur,Argentina,ARG,Iglesia,Municipio,Local,2,San Juan,Iglesia,8826,2022,0,0.02990548737480604,0.2937908496732026,0.4325358851674641,0.8116794929832504,0.9469480889903024,0.6172276098117512,0.9794637763833428,0.05747126436781609,0.08517699115044247,0.04350250976017847,0.8705077010838562,0.39611650485436894,8.7921749642817e-4,0.01307836025936916,0.27210496292070735,0.8973188819167142,1,1770
ARG700560056,América del Sur,Argentina,ARG,Jáchal,Municipio,Local,2,San Juan,Jáchal,25269,2022,0,0.03022306000628338,0.4145043246839654,0.4145015105740182,0.7356230031948882,0.9306616961789376,0.4700838769804287,0.987138863000932,0.08123554225064634,0.1129737609329446,0.06232356134636264,0.7970933482392398,0.3735835694050992,0.00128854118729866,0.01813161527841693,0.28238583410997203,0.866542404473439,1,5386
ARG700630063,América del Sur,Argentina,ARG,9 de Julio,Municipio,Local,2,San Juan,9 de Julio,12498,2022,0.3955621009060533,0.03643195556281653,0.17628458498023716,0.33957597173144877,0.8069734004313444,0.8604232327780279,0.6240432237730752,0.994597028365601,0.12164691203992514,0.21436004162330904,0.08195991091314031,0.8483348334833484,0.23677095403630743,0.0018265821424734,0.00891801869560545,0.1580369203061684,0.8446645655110311,1,2222
ARG700700070,América del Sur,Argentina,ARG,Pocito,Municipio,Local,2,San Juan,Pocito,72879,2022,0.8876903581130687,0.03333713568699024,0.252255536316413,0.4352082813669244,0.846996623988789,0.8582180325376311,0.4483807206933252,0.9951345598297096,0.07496547642533044,0.1289583034818742,0.04662705873505302,0.8212846826301786,0.15326803425121666,0.00199390542116549,0.01000714796283059,0.2180325376311388,0.8630074502052607,1,13163
ARG700770077,América del Sur,Argentina,ARG,Rawson,Municipio,Local,2,San Juan,Rawson,136582,2022,0.9842620368407452,0.01557040770363877,0.4285603339481604,0.5294007289879932,0.819051724137931,0.951288040350699,0.6029247486544125,0.9985105446667344,0.08846568302387268,0.12934744089505393,0.06013402098024769,0.935953420669578,0.24915524973889536,0.00205389059318108,0.0109074700437872,0.37517348769506786,0.8595849835821401,1,29553
ARG700840084,América del Sur,Argentina,ARG,Rivadavia,Municipio,Local,2,San Juan,Rivadavia,101334,2022,0.9969613042750216,0.01674251735707404,0.6215257244234181,0.5805802207283316,0.8106400731058048,0.9776235272627638,0.7165494565713764,0.9962096995159376,0.08188110415013816,0.10674922600619197,0.06219673577415086,0.9502237647273724,0.335047061615123,0.00168337935377609,0.00899820762486072,0.5179468444606813,0.8892592930861266,1,21913
ARG700910091,América del Sur,Argentina,ARG,San Martín,Municipio,Local,2,San Juan,San Martín,15037,2022,0.4472113357124478,0.03080163222324601,0.22779338664361357,0.3694040913133709,0.808303886925795,0.8747663551401869,0.6429906542056075,0.993644859813084,0.07141067401653721,0.13001605136436598,0.04480874316939891,0.8721495327102804,0.21297429620563035,0.01169590643274853,0.00755735492577597,0.1958878504672897,0.8549532710280374,1,2677
ARG700980098,América del Sur,Argentina,ARG,Santa Lucía,Municipio,Local,2,San Juan,Santa Lucía,62697,2022,1,0.01556096862014615,0.47468354430379744,0.5299650460756276,0.8194320291549199,0.9816910262454815,0.7288228822882288,0.9968568285399968,0.05953791469194312,0.07998560978534597,0.04522950406981622,0.9513594216564514,0.289154044012575,0.001765060115871,0.00575201943642668,0.3896746817538897,0.8624076693383624,1,12738
ARG701050105,América del Sur,Argentina,ARG,Sarmiento,Municipio,Local,2,San Juan,Sarmiento,27188,2022,0,0.04573086487980105,0.22854223433242507,0.38551364999210985,0.8373692077727952,0.8767228177641654,0.542687595712098,0.9862174578866768,0.03965195773772529,0.07654523127302497,0.02356301320956801,0.7408116385911179,0.13705062362435805,0.00948895214856987,0.05029144638742036,0.20788667687595713,0.8705972434915773,1,5230
ARG701120112,América del Sur,Argentina,ARG,Ullum,Municipio,Local,2,San Juan,Ullum,6454,2022,0,0.04176755447941888,0.21027364378300528,0.3788515406162465,0.8251793868232224,0.9121951219512195,0.42764227642276426,0.9918699186991872,0.0902547065337763,0.15157116451016636,0.06403162055335969,0.8373983739837398,0.22578490313961255,0.00204666393778141,0.00634465820712239,0.2138211382113821,0.8455284552845529,1,1241
ARG701190119,América del Sur,Argentina,ARG,Valle Fértil,Municipio,Local,2,San Juan,Valle Fértil,8425,2022,0,0.03682664054848188,0.3426597582037997,0.474245939675174,0.7581244196843082,0.895610278372591,0.4737687366167024,0.9518201284796574,0.03879472693032015,0.05968688845401174,0.02571953459889773,0.76124197002141325,0.42816365366317793,0.00401550816948213,0.05012461921905289,0.24143468950749464,0.7178800856531049,1,1884
ARG701260126,América del Sur,Argentina,ARG,25 de Mayo,Municipio,Local,2,San Juan,25 de Mayo,20824,2022,0,0.06299935714941685,0.18404435545972583,0.37057220708446864,0.7810615199034981,0.7807701988421847,0.5252957462874402,0.971809715580166,0.10985317530514772,0.1589366515837104,0.08751608751608751,0.5841933048074502,0.20606060606060608,0.00151878030258776,0.02494304573865296,0.16008054366977095,0.7807701988421848,1,3980
ARG701330133,América del Sur,Argentina,ARG,Zonda,Municipio,Local,2,San Juan,Zonda,6674,2022,0.6158390668382083,0.02701882210078931,0.2535696701132447,0.4454482279360667,0.8392737054472091,0.9180602006688964,0.5719063545150502,0.9966555183946488,0.03705664372683959,0.07644305772230889,0.01682692307692307,0.951505016722408,0.2975047984644914,0,0.00801974090067859,0.24414715719063543,0.8887959866220736,1,1200
ARG74,América del Sur,Argentina,ARG,San Luis,Provincia,Regional,1,San Luis,NA,542069,2022,NA,0.01962762454015325,0.46945655777420753,0.5957019952407102,0.831279670223373,0.9526903937604,0.8380243369636365,0.9877368831967698,0.07109598761116032,0.10260822537427174,0.04814758456484572,0.917481469799716,0.36745435406003846,0.00291297627971976,0.01849589545677504,0.5660512763893599,0.8832283147875051,1,127132
ARG740070007,América del Sur,Argentina,ARG,Candelaria,Municipio,Local,2,San Luis,Candelaria,3896,2022,0,0.02679528403001072,0.31266375545851527,0.5208845208845209,0.7978971962616822,0.9985935302390998,0.6554149085794656,0.9774964838255976,0.04787714543812105,0.07783018867924528,0.02928257686676427,0.9760900140646976,0.998278829604131,0,0.00622938805423232,0.3389592123769339,0.8635724331926864,1,714
ARG740070014,América del Sur,Argentina,ARG,Luján,Municipio,Local,2,San Luis,Luján,2559,2022,0,0.03116883116883117,0.3735632183908046,0.5834683954619124,0.7797147385103012,0.9936808846761452,0.7014218009478673,0.9778830963665088,0.09859154929577464,0.12222222222222222,0.08130081300813008,0.7883096366508688,0.6985111662531017,0.00198412698412698,0.00644841269841269,0.4312796208530806,0.8436018957345972,1,639
ARG740070021,América del Sur,Argentina,ARG,Quines,Municipio,Local,2,San Luis,Quines,9359,2022,0,0.02809633027522936,0.4121192893401015,0.5917652212001752,0.8205013428827216,0.9951853635050554,0.7583052479537795,0.9845931632161772,0.04962311557788945,0.06587712805329386,0.03764320785597381,0.8314877226769379,0.6598482349059717,0.00134066228716986,0.00509451669124547,0.4756860857005296,0.8473760231102552,1,2086
ARG740070028,América del Sur,Argentina,ARG,San Francisco,Municipio,Local,2,San Luis,San Francisco,5194,2022,0,0.0186335403726708,0.4485111662531017,0.5721830985915493,0.7838565022421524,0.9921671018276762,0.7876414273281115,0.9834638816362054,0.0610236220472441,0.07846153846153846,0.04805491990846682,0.9216710182767625,0.6988265971316818,5.3590568060021e-4,0.00589496248660235,0.5239338555265448,0.855526544821584,1,1162
ARG740076007,América del Sur,Argentina,ARG,Leandro N. Alem,Comisión municipal,Local,2,San Luis,Leandro N. Alem,558,2022,0,0.03780068728522336,0.30246913580246915,0.4871794871794872,0.6825396825396826,0.9572649572649572,0.6068376068376068,0.9658119658119658,0.03496503496503497,0.05263157894736842,0.02325581395348837,0,0.6388888888888888,0,0.0158311345646438,0.27350427350427353,0.8290598290598291,1,117
ARG740140035,América del Sur,Argentina,ARG,Los Manantiales,Municipio,Local,2,San Luis,Los Manantiales,265,2022,0,0.01724137931034482,0.11475409836065574,0.5,0.6382978723404256,1,0.8269230769230768,0.9807692307692308,0,0,0,1,1,0,0,0.4230769230769231,0.8653846153846154,1,53
ARG740146014,América del Sur,Argentina,ARG,La Calera,Comisión municipal,Local,2,San Luis,La Calera,753,2022,0,0.0379746835443038,0.19123505976095617,0.4166666666666667,0.8385416666666666,0.8060606060606061,0.5636363636363637,0.993939393939394,0.08225108225108226,0.11428571428571428,0.06832298136645963,0.3939393939393939,0.4611872146118721,0,0.01337792642140468,0.2787878787878788,0.9272727272727272,1,165
ARG740146021,América del Sur,Argentina,ARG,Nogolí,Comisión municipal,Local,2,San Luis,Nogolí,1175,2022,0,0.02439024390243902,0.30067567567567566,0.45045045045045046,0.8450704225352113,0.9951923076923076,0.7548076923076923,0.971153846153846,0.04285714285714286,0.09,0.01666666666666666,0.908653846153846,0.5986159169550173,0,0.006765899864682,0.3557692307692308,0.8365384615384616,1,211
ARG740146028,América del Sur,Argentina,ARG,Villa de la Quebrada,Comisión municipal,Local,2,San Luis,Villa de la Quebrada,1162,2022,0,0.02857142857142857,0.2744186046511628,0.5503355704697986,0.8095238095238095,1,0.7912087912087913,1,0.02487562189054726,0.02439024390243902,0.02521008403361344,1,0.4716981132075472,0,0.00956022944550669,0.34065934065934067,0.8846153846153846,1,183
ARG740210038,América del Sur,Argentina,ARG,Estancia Grande,Municipio,Local,2,San Luis,Estancia Grande,563,2022,0,0.02702702702702703,0.2916666666666667,0.5714285714285714,0.8947368421052632,0.8666666666666667,0.9333333333333332,0.9333333333333332,0,0,0,0.6666666666666666,0.3214285714285714,0,0.1320754716981132,0.6666666666666666,1,1,15
ARG740210039,América del Sur,Argentina,ARG,El Trapiche,Municipio,Local,2,San Luis,El Trapiche,3068,2022,0,0.03022725635389001,0.3339988757253089,0.5380906598774089,0.856176704606237,0.985072266157622,0.8486173984183256,0.9872593400599944,0.05984308789334394,0.10246108671708264,0.0337362507821072,0.940289064630488,0.3807597417056335,0,0.0280561122244489,0.49171529860921737,0.8684646850286337,1,475
ARG740210042,América del Sur,Argentina,ARG,La Toma,Municipio,Local,2,San Luis,La Toma,8560,2022,0,0.02310293012772351,0.36036036036036034,0.5900044228217602,0.8216168717047452,0.9995525727069352,0.774496644295302,0.996868008948546,0.08395755305867665,0.11544227886056972,0.06149732620320856,0.978523489932886,0.3225925925925926,6.7805804176837e-4,0.01328993761866015,0.5422818791946309,0.8532438478747204,1,2241
ARG740216035,América del Sur,Argentina,ARG,La Carolina,Comisión municipal,Local,2,San Luis,La Carolina,374,2022,0,0.03846153846153846,0.31896551724137934,0.5138888888888888,0.8214285714285714,0.9746835443037974,0.5949367088607596,0.9746835443037974,0.04716981132075472,0.02702702702702703,0.05797101449275362,1,1,0,0,0.4430379746835443,0.7974683544303798,1,79
ARG740216049,América del Sur,Argentina,ARG,Fraga,Comisión municipal,Local,2,San Luis,Fraga,1443,2022,0,0.02906208718626156,0.2440087145969499,0.5142045454545454,0.8619631901840491,0.9772727272727272,0.8116883116883117,0.9967532467532468,0.04978354978354978,0.07734806629834254,0.03202846975088968,1,0.2675,8.8731144631765e-4,0.02395740905057675,0.5487012987012987,0.8831168831168831,1,309
ARG740216063,América del Sur,Argentina,ARG,Saladillo,Comisión municipal,Local,2,San Luis,Saladillo,403,2022,0,0.01595744680851063,0.2,0.3703703703703703,0.8108108108108109,0.9195402298850576,0.7471264367816092,1,0.06666666666666667,0.16666666666666666,0.01666666666666666,1,0.3703703703703703,0,0.02545454545454545,0.40229885057471265,0.8275862068965517,1,87
ARG740280049,América del Sur,Argentina,ARG,Concarán,Municipio,Local,2,San Luis,Concarán,6313,2022,0,0.02101063829787234,0.33773987206823025,0.6466666666666666,0.8333333333333334,0.9987154784842646,0.7495183044315993,0.9961464354527938,0.05969517358171041,0.07966260543580131,0.04324324324324324,0.9865125240847784,0.4278959810874705,0.01191638991990623,0.01328384450087907,0.4983943481053308,0.8124598587026333,1,1564
ARG740280056,América del Sur,Argentina,ARG,Naschel,Municipio,Local,2,San Luis,Naschel,4243,2022,0,0.016796875,0.34782608695652173,0.6235606731620903,0.8433734939759037,0.9980916030534353,0.8444656488549619,0.9990458015267176,0.05225653206650831,0.08096590909090909,0.03163265306122449,1,0.22557976106816585,0.01383008749647191,0.01213660739486311,0.6001908396946565,0.9074427480916032,1,1053
ARG740280063,América del Sur,Argentina,ARG,Tilisarao,Municipio,Local,2,San Luis,Tilisarao,6628,2022,0,0.02264731750219877,0.3668106551475882,0.6007102993404363,0.8370901639344263,0.9994794377928162,0.8219677251431546,0.9942738157209786,0.07061745919091554,0.09966216216216216,0.04957160342717258,0.978136387298282,0.2975352112676056,0.00959079283887468,0.01550511508951406,0.5049453409682457,0.8073919833420093,1,1926
ARG740286070,América del Sur,Argentina,ARG,Cortaderas,Comisión municipal,Local,2,San Luis,Cortaderas,3142,2022,0,0.01475409836065573,0.3655913978494624,0.6175298804780877,0.8793774319066148,0.996124031007752,0.6821705426356589,0.996124031007752,0.02887139107611548,0.04516129032258064,0.01769911504424778,0.9341085271317828,0.27,0.0121654501216545,0.0121654501216545,0.4767441860465117,0.8488372093023255,1,262
ARG740286077,América del Sur,Argentina,ARG,Papagayos,Comisión municipal,Local,2,San Luis,Papagayos,665,2022,0,0.02439024390243902,0.17346938775510204,0.515625,0.8770491803278688,1,0.689922480620155,0.9689922480620156,0.02890173410404624,0.04545454545454545,0.01869158878504672,0.7829457364341085,0.24489795918367344,0.0023094688221709,0.02771362586605081,0.4186046511627907,0.7906976744186046,1,130
ARG740286084,América del Sur,Argentina,ARG,Renca,Comisión municipal,Local,2,San Luis,Renca,302,2022,0,0.02816901408450704,0.1527777777777778,0.5,0.9523809523809524,0.9848484848484848,0.7424242424242424,1,0.06097560975609756,0.04545454545454545,0.06666666666666667,1,0.40298507462686567,0,0.02808988764044943,0.3484848484848485,0.7727272727272727,1,66
ARG740286091,América del Sur,Argentina,ARG,San Pablo,Comisión municipal,Local,2,San Luis,San Pablo,199,2022,0,0.03378378378378378,0.25274725274725274,0.6166666666666667,0.7777777777777778,0.9682539682539684,0.6507936507936507,1,0.06976744186046512,0.05405405405405406,0.08163265306122448,0.7777777777777778,0.9767441860465116,0,0.02083333333333333,0.3333333333333333,0.6666666666666666,1,63
ARG740286098,América del Sur,Argentina,ARG,Villa del Carmen,Comisión municipal,Local,2,San Luis,Villa del Carmen,870,2022,0,0.02782931354359925,0.23170731707317072,0.40625,0.7948717948717948,0.9957446808510638,0.727659574468085,0.9914893617021276,0.02527075812274368,0.05494505494505494,0.01075268817204301,0.9063829787234042,0.2727272727272727,0,0.0199733688415446,0.4978723404255319,0.8212765957446808,1,236
ARG740286105,América del Sur,Argentina,ARG,Villa Larca,Comisión municipal,Local,2,San Luis,Villa Larca,2191,2022,0,0.05256064690026954,0.2923076923076923,0.6286644951140065,0.8156996587030717,0.9938461538461538,0.6030769230769232,0.9907692307692308,0.05324074074074074,0.08290155440414508,0.02928870292887029,1,0.3195266272189349,0.00208986415882967,0.02716823406478578,0.3446153846153846,0.8584615384615385,1,325
ARG740350070,América del Sur,Argentina,ARG,Justo Daract,Municipio,Local,2,San Luis,Justo Daract,11723,2022,0,0.01801929625425652,0.41113490364025695,0.48448219536099313,0.7821024617431803,0.9993060374739764,0.7994448299791811,0.996530187369882,0.06964006259780908,0.10721510451786918,0.04593789876648235,0.9798750867453158,0.3537303664921466,2.9600394671928e-4,0.02664035520473606,0.501734906315059,0.8872310895211658,1,2887
ARG740350073,América del Sur,Argentina,ARG,Nación Ranquel,Municipio,Local,2,San Luis,Nación Ranquel,63,2022,0,0.06976744186046512,0.3103448275862069,0.5882352941176471,0.8,0,0.9,1,0,0,0,0,0.4285714285714286,0,0.5789473684210527,0.85,0.8,1,20
ARG740350077,América del Sur,Argentina,ARG,Villa Mercedes,Municipio,Local,2,San Luis,Villa Mercedes,131041,2022,0.990211695608376,0.01936167560154594,0.47804801934816954,0.5914923098240266,0.8457923592376643,0.9691322251029434,0.8773829495195974,0.9960042702455392,0.06748381220173857,0.099465892053973,0.04407174949411805,0.9724874180265364,0.28362408553742263,0.00318747154043267,0.02082124266747618,0.5913985054140614,0.8958670123532103,1,32834
ARG740356112,América del Sur,Argentina,ARG,San José del Morro,Comisión municipal,Local,2,San Luis,San José del Morro,153,2022,0,0.0144927536231884,0.3902439024390244,0.7407407407407407,0.9,1,0.5384615384615384,1,0.0425531914893617,0.1,0,1,0.6097560975609756,0,0,0.5384615384615384,0.8076923076923077,1,26
ARG740356119,América del Sur,Argentina,ARG,Juan Jorba,Comisión municipal,Local,2,San Luis,Juan Jorba,306,2022,0,0.03252032520325203,0.17567567567567569,0.6808510638297872,0.9344262295081968,1,0.33999999999999997,1,0.05617977528089887,0.15625,0,1,0.34375,0,0.07960199004975124,0.64,0.82,1,50
ARG740356126,América del Sur,Argentina,ARG,Juan Llerena,Comisión municipal,Local,2,San Luis,Juan Llerena,404,2022,0,0.05314009661835749,0.2153846153846154,0.4810126582278481,0.8229166666666666,0.9882352941176472,0.5529411764705882,0.9882352941176472,0.07692307692307693,0.15789473684210523,0.0379746835443038,0.8352941176470589,0.3908045977011494,0,0.04411764705882353,0.3411764705882353,0.9176470588235294,1,85
ARG740356133,América del Sur,Argentina,ARG,La Punilla,Comisión municipal,Local,2,San Luis,La Punilla,352,2022,0,0.02013422818791946,0.13793103448275862,0.5272727272727272,0.9142857142857144,0.9393939393939392,0.7272727272727273,1,0.01075268817204301,0,0.015625,1,0.14634146341463414,0,0.02083333333333333,0.4090909090909091,0.4090909090909091,1,66
ARG740356140,América del Sur,Argentina,ARG,Lavaisse,Comisión municipal,Local,2,San Luis,Lavaisse,83,2022,0,0.02083333333333333,0.14285714285714285,0.16666666666666666,0.7142857142857143,1,0.15,1,0,0,0,0,0.5,0,0,0.05,0.7,1,20
ARG740420084,América del Sur,Argentina,ARG,Buena Esperanza,Municipio,Local,2,San Luis,Buena Esperanza,3989,2022,0,0.05611729019211325,0.2957627118644068,0.5153933865450399,0.8152046783625732,0.8526048284625158,0.6467598475222364,0.9923761118170268,0.05831157528285465,0.07964601769911504,0.04447632711621234,0.9872935196950444,0.30620985010706636,0.00238663484486873,0.03034435731333106,0.49047013977128334,0.8691232528589581,1,792
ARG740420091,América del Sur,Argentina,ARG,Unión,Municipio,Local,2,San Luis,Unión,3037,2022,0,0.07186973610331275,0.26673040152963673,0.5233644859813084,0.8398914518317503,0.981888745148771,0.7244501940491591,0.9870633893919792,0.04253214638971316,0.06122448979591836,0.03069466882067851,1,0.29383313180169285,4.0617384240454e-4,0.0190901705930138,0.4062095730918499,0.8732212160413971,1,777
ARG740426147,América del Sur,Argentina,ARG,Anchorena,Comisión municipal,Local,2,San Luis,Anchorena,810,2022,0,0.05868544600938967,0.296,0.5752688172043011,0.8045977011494253,1,0.7368421052631579,1,0.03643724696356275,0.02803738317757009,0.04285714285714286,0.9157894736842104,0.5068493150684932,0,0.02218700475435816,0.5,0.8105263157894737,1,192
ARG740426154,América del Sur,Argentina,ARG,Arizona,Comisión municipal,Local,2,San Luis,Arizona,976,2022,0,0.08192090395480225,0.30904522613065327,0.610738255033557,0.8571428571428571,0.9935064935064936,0.711038961038961,0.9967532467532468,0.08849557522123894,0.12637362637362637,0.06296296296296296,1,0.4335260115606937,9.6153846153846e-4,0.00865384615384615,0.4642857142857143,0.8896103896103896,1,311
ARG740426161,América del Sur,Argentina,ARG,Bagual,Comisión municipal,Local,2,San Luis,Bagual,275,2022,0,0.04794520547945205,0.18604651162790695,0.6307692307692307,0.8571428571428571,0.9701492537313432,0.5522388059701493,0.9701492537313432,0.01052631578947368,0.02439024390243902,0,0,0.5,0.00434782608695652,0.02608695652173913,0.5223880597014925,0.8059701492537313,1,67
ARG740426168,América del Sur,Argentina,ARG,Batavia,Comisión municipal,Local,2,San Luis,Batavia,467,2022,0,0.03333333333333333,0.20689655172413793,0.55,0.8,0.9150943396226416,0.5188679245283019,0.981132075471698,0.03496503496503497,0.07272727272727272,0.01136363636363636,1,0.7571428571428571,0,0,0.5377358490566038,0.8113207547169812,1,106
ARG740426175,América del Sur,Argentina,ARG,Fortín El Patria,Comisión municipal,Local,2,San Luis,Fortín El Patria,635,2022,0,0.05685618729096989,0.15706806282722513,0.6694214876033058,0.84,0.9918032786885246,0.4836065573770491,0.9672131147540984,0.05797101449275362,0.07407407407407407,0.04761904761904761,0,0.4539877300613497,0,0.04375,0.4836065573770491,0.7950819672131147,1,122
ARG740426182,América del Sur,Argentina,ARG,Fortuna,Comisión municipal,Local,2,San Luis,Fortuna,969,2022,0,0.09523809523809525,0.2558139534883721,0.35294117647058826,1,0.29032258064516125,0.4838709677419355,0.935483870967742,0,0,0,0.25806451612903225,0.0851063829787234,0.04878048780487805,0.08536585365853659,0.3225806451612903,0.935483870967742,1,31
ARG740426189,América del Sur,Argentina,ARG,Navia,Comisión municipal,Local,2,San Luis,Navia,313,2022,0,0.06976744186046512,0.10810810810810811,0.5,0.7424242424242424,1,0.6304347826086957,1,0.01298701298701298,0.03571428571428571,0,1,0.6444444444444444,0.05365853658536585,0.03414634146341464,0.391304347826087,0.34782608695652173,1,46
ARG740426196,América del Sur,Argentina,ARG,Nueva Galia,Comisión municipal,Local,2,San Luis,Nueva Galia,1725,2022,0,0.0389321468298109,0.2849557522123894,0.5083532219570406,0.8365853658536585,0.989501312335958,0.5853018372703411,0.989501312335958,0.03237410071942446,0.03286384976525822,0.03206997084548105,1,0.3604395604395605,0,0.02734663710273466,0.6194225721784777,0.937007874015748,1,381
ARG740490095,América del Sur,Argentina,ARG,Carpintería,Municipio,Local,2,San Luis,Carpintería,4096,2022,0,0.01467181467181467,0.5053507728894173,0.6473880597014925,0.8933566433566433,0.9595278246205732,0.8397976391231028,0.9932546374367625,0.04428904428904429,0.07204610951008646,0.02544031311154598,0.8482293423271501,0.2258687258687259,0.00559284116331096,0.02516778523489932,0.5160202360876898,0.915682967959528,1,593
ARG740490098,América del Sur,Argentina,ARG,Santa Rosa,Municipio,Local,2,San Luis,Santa Rosa,7158,2022,0,0.01859196826970748,0.3946938775510204,0.6128279883381924,0.8134991119005328,1,0.8189858490566038,0.9935141509433962,0.06144329896907216,0.08372978116079924,0.04439592430858806,0.9463443396226416,0.36373448461953584,0.00217746325530756,0.01016149519143531,0.4545990566037736,0.8531839622641509,1,1700
ARG740490105,América del Sur,Argentina,ARG,Villa de Merlo,Municipio,Local,2,San Luis,Villa de Merlo,24861,2022,0,0.00770712909441233,0.5324439839399041,0.6593803459418361,0.8628266033254157,0.9910664433277498,0.8963335194490973,0.9981388423599478,0.05352580480327031,0.08273277601614298,0.0302821748107364,0.9743160245672808,0.2137062339880444,0.0039217981737298,0.03377429173495668,0.5607667969477015,0.8866554997208264,1,5440
ARG740496210,América del Sur,Argentina,ARG,Lafinur,Comisión municipal,Local,2,San Luis,Lafinur,659,2022,0,0.01418439716312056,0.1904761904761905,0.4074074074074074,0.8095238095238095,0.7777777777777778,0.8571428571428571,0.9841269841269842,0,0,0,0.6507936507936508,0.71875,0,0.01492537313432835,0.4603174603174603,0.8095238095238095,1,63
ARG740496217,América del Sur,Argentina,ARG,Los Molles,Comisión municipal,Local,2,San Luis,Los Molles,1497,2022,0,0.01654411764705882,0.4,0.6233766233766234,0.8445378151260504,0.9906542056074766,0.8504672897196262,0.9953271028037384,0.03768115942028986,0.0763888888888889,0.0099502487562189,0.8598130841121495,0.325,0,0.00956284153005464,0.4953271028037383,0.9018691588785048,1,214
ARG740496224,América del Sur,Argentina,ARG,Talita,Comisión municipal,Local,2,San Luis,Talita,140,2022,0,0,0.09090909090909093,0.5714285714285714,0.9285714285714286,1,1,1,0,0,0,0,0.8235294117647058,0,0,0.75,1,1,12
ARG740560108,América del Sur,Argentina,ARG,Desaguadero,Municipio,Local,2,San Luis,Desaguadero,205,2022,0,0.02777777777777777,0.25,0.6388888888888888,0.7096774193548387,0.8275862068965517,0.3448275862068966,1,0.04444444444444444,0,0.09090909090909093,0.6896551724137931,0.7837837837837838,0,0.03125,0.4827586206896552,1,1,29
ARG740560112,América del Sur,Argentina,ARG,El Volcán,Municipio,Local,2,San Luis,El Volcán,2999,2022,0,0.01594533029612756,0.4403183023872679,0.5244618395303327,0.8432432432432433,0.9882583170254402,0.7690802348336595,0.9921722113502937,0.04755434782608696,0.08582089552238806,0.02564102564102564,1,0.44785276073619634,0.00788732394366197,0.02309859154929577,0.5538160469667319,0.8747553816046967,1,519
ARG740560119,América del Sur,Argentina,ARG,Juana Koslay,Municipio,Local,2,San Luis,Juana Koslay,19471,2022,0.9303991657844582,0.01083521444695259,0.680193720774883,0.6596370769985287,0.8533090151120375,0.9954054054054056,0.7964864864864865,0.995945945945946,0.04928751047778709,0.07137546468401487,0.03114503816793893,0.967027027027027,0.44636063910727874,0.00232614101227239,0.01708510467634555,0.7035135135135135,0.9289189189189188,1,3703
ARG740560126,América del Sur,Argentina,ARG,La Punta,Municipio,Local,2,San Luis,La Punta,21774,2022,0.1085482904035765,0.00503174793338924,0.5944045014066895,0.6431801951916211,0.883410514846091,1,0.9968741859859338,1,0.06829268292682927,0.1076980014803849,0.03546099290780142,0.9906225579578016,0.382532956685499,0.00424821726596874,0.02040661508117129,0.7439437353477468,0.9786402709038812,1,3839
ARG740560130,América del Sur,Argentina,ARG,Potrero de los Funes,Municipio,Local,2,San Luis,Potrero de los Funes,3928,2022,0,0.00475812846946867,0.6682808716707022,0.6372007366482505,0.8766603415559773,0.994392523364486,0.8074766355140186,0.9981308411214952,0.04455445544554455,0.05780346820809248,0.03463203463203463,0.966355140186916,0.4621513944223108,0.00235571260306242,0.03239104829210836,0.6261682242990654,0.9420560747663552,1,540
ARG740560133,América del Sur,Argentina,ARG,San Luis,Municipio,Local,2,San Luis,San Luis,204933,2022,0.9898169856788832,0.01395235780262518,0.5164941992095063,0.6122717522576924,0.8201365765562391,0.9981650241227166,0.9194260030514204,0.9976908168735308,0.08703892319791653,0.11941001560337976,0.06181759794476557,0.9754519034565204,0.3883241732992666,0.00230043302268662,0.01619128306504753,0.6199538163374706,0.8960867593088945,1,48574
ARG740566231,América del Sur,Argentina,ARG,Alto Pelado,Comisión municipal,Local,2,San Luis,Alto Pelado,112,2022,0,0.07142857142857142,0.27906976744186046,0.6551724137931034,0.8372093023255814,1,0.3939393939393939,0.9393939393939394,0.03636363636363636,0.05263157894736842,0.02777777777777777,0,0.4782608695652174,0,0.01680672268907563,0.3939393939393939,0.5151515151515151,1,34
ARG740566238,América del Sur,Argentina,ARG,Alto Pencoso,Comisión municipal,Local,2,San Luis,Alto Pencoso,397,2022,0,0.0718232044198895,0.11956521739130437,0.379746835443038,0.7297297297297297,0.6986301369863014,0.2465753424657534,0.9863013698630136,0.05952380952380952,0.06666666666666667,0.05555555555555555,0.821917808219178,0.6610169491525424,0,0,0.2465753424657534,0.958904109589041,1,73
ARG740566245,América del Sur,Argentina,ARG,Balde,Comisión municipal,Local,2,San Luis,Balde,853,2022,0,0.05966587112171837,0.22267206477732793,0.5657142857142857,0.8043478260869565,0.9428571428571428,0.46857142857142853,0.9771428571428572,0.08097165991902834,0.1111111111111111,0.06081081081081081,1,0.5851063829787234,0,0.01697792869269949,0.5028571428571429,0.8685714285714285,1,175
ARG740566252,América del Sur,Argentina,ARG,Beazley,Comisión municipal,Local,2,San Luis,Beazley,831,2022,0,0.05750798722044728,0.15,0.5169811320754717,0.8531468531468531,0.8658536585365854,0.4024390243902439,0.9715447154471544,0.08136482939632546,0.10948905109489052,0.06557377049180328,0.8536585365853658,0.5387096774193548,0.00626959247648902,0.01462904911180773,0.4878048780487805,0.8577235772357723,1,246
ARG740566273,América del Sur,Argentina,ARG,San Jerónimo,Comisión municipal,Local,2,San Luis,San Jerónimo,462,2022,0,0.05333333333333334,0.2695035460992908,0.4791666666666667,0.8282828282828283,0.9615384615384616,0.5096153846153846,0.9615384615384616,0.0703125,0.15217391304347827,0.02439024390243902,1,0.4878048780487805,0,0,0.3269230769230769,0.7307692307692307,1,104
ARG740566280,América del Sur,Argentina,ARG,Zanjitas,Comisión municipal,Local,2,San Luis,Zanjitas,268,2022,0,0.08088235294117647,0.136986301369863,0.5245901639344263,0.8571428571428571,0.9824561403508772,0.19298245614035087,1,0.0375,0.0625,0.02083333333333333,0,0.847457627118644,0,0.01990049751243781,0.42105263157894735,0.912280701754386,1,57
ARG740630140,América del Sur,Argentina,ARG,San Martín,Municipio,Local,2,San Luis,San Martín,967,2022,0,0.0241635687732342,0.33753943217665616,0.5799086757990868,0.8547717842323651,0.9464285714285714,0.5892857142857142,0.9955357142857142,0.04204204204204204,0.05511811023622047,0.03398058252427184,0.8883928571428571,0.6872586872586873,0,0.00143472022955523,0.5044642857142857,0.8660714285714286,1,224
ARG740636287,América del Sur,Argentina,ARG,La Vertiente,Comisión municipal,Local,2,San Luis,La Vertiente,144,2022,0,0.0136986301369863,0.14583333333333334,0.71875,0.9393939393939394,0.9166666666666666,0.8611111111111112,1,0,0,0,1,0.8333333333333334,0,0,0.4444444444444444,0.5277777777777778,1,36
ARG740636294,América del Sur,Argentina,ARG,Las Aguadas,Comisión municipal,Local,2,San Luis,Las Aguadas,108,2022,0,0.01612903225806451,0.20512820512820512,0.6086956521739131,0.6551724137931034,0.6333333333333333,0.16666666666666669,0.9666666666666668,0.0303030303030303,0,0.05263157894736842,0,0.8275862068965517,0,0,0.2,0.7666666666666667,1,30
ARG740636301,América del Sur,Argentina,ARG,Las Chacras,Comisión municipal,Local,2,San Luis,Las Chacras,141,2022,0,0.01470588235294117,0.2,0.7333333333333333,0.8333333333333334,0.5441176470588235,0.4264705882352941,0.9705882352941178,0.01136363636363636,0.0303030303030303,0,0.6323529411764706,0.5645161290322581,0,0,0.2058823529411765,0.7941176470588235,1,68
ARG740636308,América del Sur,Argentina,ARG,Las Lagunas,Comisión municipal,Local,2,San Luis,Las Lagunas,134,2022,0,0.03076923076923077,0.10416666666666669,0.48484848484848486,0.8518518518518519,0.5,0.9285714285714286,1,0,0,0,1,0.7941176470588236,0,0,0.6785714285714286,0.7857142857142857,1,28
ARG740636315,América del Sur,Argentina,ARG,Paso Grande,Comisión municipal,Local,2,San Luis,Paso Grande,519,2022,0,0.02735562310030395,0.15469613259668508,0.5538461538461539,0.725925925925926,1,0.5744680851063829,0.9787234042553192,0.08235294117647059,0.05555555555555555,0.1020408163265306,0.9858156028368794,0.6212121212121212,0,0,0.425531914893617,0.6170212765957447,1,141
ARG740636322,América del Sur,Argentina,ARG,Villa de Praga,Comisión municipal,Local,2,San Luis,Villa de Praga,322,2022,0,0.0234375,0.3647058823529411,0.6538461538461539,0.8666666666666667,0.9833333333333332,0.6333333333333334,1,0.01162790697674418,0,0.01923076923076923,1,0.76056338028169,0,0,0.6,0.75,1,60
ARG78,América del Sur,Argentina,ARG,Santa Cruz,Provincia,Regional,1,Santa Cruz,NA,337226,2022,NA,0.01244267116385249,0.49271687988490104,0.6678187951349297,0.8571007460148296,0.9763889749148345,0.9205326726540723,0.9960235366986684,0.05275255456179877,0.07002223210315696,0.03990846318685679,0.9478600185816042,0.4716698778503152,0.00450862616036246,0.03524255080505911,0.6488696190771137,0.9346918550634872,1,81278
ARG780070007,América del Sur,Argentina,ARG,Comandante Luis Piedra Buena,Municipio,Local,2,Santa Cruz,Comandante Luis Piedra Buena,9278,2022,0,0.01277251706672539,0.5296041871115472,0.7264391237901172,0.8780487804878049,0.9994874423372628,0.928241927216812,0.9994874423372628,0.06106633601983881,0.091164095371669,0.03722222222222222,0.99128651973347,0.8705374656728129,0.00640124902419984,0.02373145979703356,0.637109174782163,0.96514607893388,1,1964
ARG780070014,América del Sur,Argentina,ARG,Puerto Santa Cruz,Municipio,Local,2,Santa Cruz,Puerto Santa Cruz,5390,2022,0,0.00847457627118644,0.5579641847313855,0.6806543385490754,0.8481291269258987,1,0.977745872218234,1,0.05205868433506862,0.06583072100313479,0.04065743944636678,1,0.72512077294686,0.00564206725344166,0.02166553825321597,0.6661880832735104,0.9468772433596554,1,1405
ARG780140021,América del Sur,Argentina,ARG,Caleta Olivia,Municipio,Local,2,Santa Cruz,Caleta Olivia,56298,2022,0,0.0102125885785744,0.4469391051526409,0.626020051294008,0.833606365551135,0.9994594594594596,0.9816216216216216,0.9986486486486488,0.08131903313590523,0.09981378026070764,0.06737787759685569,0.9827027027027028,0.4387055293613374,0.00442207990240927,0.03324184202500762,0.6413513513513514,0.9389189189189188,1,3737
ARG780140028,América del Sur,Argentina,ARG,Las Heras,Municipio,Local,2,Santa Cruz,Las Heras,24731,2022,0,0.01460242388412651,0.3982994881954763,0.6451739986868024,0.8968878449794481,0.9878488449726264,0.8337561757243959,0.9959941247162504,0.05171314741035857,0.0779564420924079,0.03483043079743354,0.9222860194952596,0.3212078224744148,0.00449402134660139,0.04485996308482465,0.6100948057150487,0.9732941647750032,1,7507
ARG780140035,América del Sur,Argentina,ARG,Pico Truncado,Municipio,Local,2,Santa Cruz,Pico Truncado,25171,2022,0,0.01212234940889472,0.4283341637601727,0.5595168679716784,0.8447071893350262,0.9967495387859088,0.942985153298779,0.9996485987876658,0.05938255961294782,0.08307280035730237,0.04443400657585721,0.9761047175612756,0.3128423615337797,0.0055501740974422,0.040238762206456,0.6387595537204603,0.9306861108670824,1,11400
ARG780140042,América del Sur,Argentina,ARG,Puerto Deseado,Municipio,Local,2,Santa Cruz,Puerto Deseado,16812,2022,0,0.01146165662294694,0.4460852848654317,0.6954022988505747,0.8502803261977574,0.9974244272739596,0.9364240206045816,0.9995933306222042,0.05601400350087521,0.07550713749060857,0.04046156151655927,0.979530974650942,0.4335962481347261,0.0022801302931596,0.04275244299674267,0.650128778636302,0.9671953368578012,1,7424
ARG780145007,América del Sur,Argentina,ARG,Cañadón Seco,Comisión de fomento,Local,2,Santa Cruz,Cañadón Seco,921,2022,0,0.00418410041841004,0.6488456865127582,0.5943204868154158,0.8279569892473119,0.9876288659793816,0.9835051546391752,1,0.04105960264900662,0.05802047781569966,0.0303030303030303,0.9298969072164948,0.3410301953818828,0.00120481927710843,0.03855421686746988,0.7752577319587629,0.9855670103092784,1,499
ARG780145014,América del Sur,Argentina,ARG,Jaramillo y Fitz Roy,Comisión de fomento,Local,2,Santa Cruz,Jaramillo y Fitz Roy,807,2022,0,0.02571326055369836,0.37985142332968425,0.6532519426136448,0.8768860458587922,0.9729434283530052,0.6774162255452724,1,0.06105777105777106,0.06816209431594047,0.05701837160265147,1,0.6461127440437786,0,0.07051282051282051,0.4273163216846397,0.9000599423163795,1,229
ARG780145021,América del Sur,Argentina,ARG,Nuestra Señora de los Dolores de Koluel Kaike,Comisión de fomento,Local,2,Santa Cruz,Nuestra Señora de los Dolores de Koluel Kaike,393,2022,0,0.03846153846153846,0.21978021978021975,0.5666666666666667,0.9041095890410958,0.9759036144578314,0.3855421686746987,1,0.02,0.0588235294117647,0,1,0.472972972972973,0.01115241635687732,0.05204460966542751,0.3734939759036144,0.6867469879518072,1,90
ARG780210049,América del Sur,Argentina,ARG,Río Gallegos,Municipio,Local,2,Santa Cruz,Río Gallegos,115585,2022,0.9280761367381968,0.01307695679490364,0.5412462131944293,0.6848190132680665,0.8404683141986119,0.9926087568632972,0.955546951992116,0.9991552864986624,0.05008478168715558,0.05868798495179873,0.043025274937295,0.9639236942137124,0.5136216674617056,0.00481930263102148,0.0285345083252129,0.6909404476981557,0.9477685485006336,1,28469
ARG780210056,América del Sur,Argentina,ARG,Río Turbio,Municipio,Local,2,Santa Cruz,Río Turbio,11670,2022,0,0.00632517313867726,0.5585975842503252,0.6712312656098235,0.8509942301200457,0.9988163662506792,0.9858063884914208,0.9988263597339496,0.04517982740063627,0.06276602753551745,0.03253174918435016,0.9808255455795434,0.7651743785842869,0.00340397496431316,0.03436916657516196,0.7400344181154597,0.9651470282490612,1,2580
ARG780210063,América del Sur,Argentina,ARG,28 de Noviembre,Municipio,Local,2,Santa Cruz,28 de Noviembre,9481,2022,0,0.00870561282932417,0.47088693297224105,0.6370070778564206,0.8360732738374824,0.990632318501171,0.9689695550351288,0.9953161592505854,0.04671052631578947,0.07301587301587302,0.02808988764044943,0.978337236533958,0.7612537512504168,0.00471928397070789,0.03010577705451586,0.6387587822014051,0.952576112412178,1,1712
ARG780280070,América del Sur,Argentina,ARG,El Calafate,Municipio,Local,2,Santa Cruz,El Calafate,22844,2022,0,0.00724342801334744,0.5770020533880903,0.759932730712634,0.9082697711762344,0.998334374349365,0.8403081407453676,0.9987507807620238,0.05945945945945946,0.08437067773167359,0.03955801104972376,0.9654382677493232,0.273383330974954,0.00390273191233863,0.03188231762233563,0.6487611909223402,0.957526545908807,1,4934
ARG780280074,América del Sur,Argentina,ARG,El Chaltén,Municipio,Local,2,Santa Cruz,El Chaltén,1865,2022,0,0.00151400454201362,0.6666666666666666,0.8557692307692307,0.969199178644764,0.9958419958419958,0.8690228690228692,0.9896049896049895,0.0181159420289855,0.03370786516853932,0.00635593220338983,1,0.985685071574642,0.00553165334972341,0.05838967424708052,0.6694386694386695,0.2681912681912682,1,535
ARG780285035,América del Sur,Argentina,ARG,Tres Lagos,Comisión de fomento,Local,2,Santa Cruz,Tres Lagos,408,2022,0,0.01339285714285714,0.3671875,0.8428571428571429,0.9052631578947368,1,0.9186046511627906,0.9883720930232558,0.02068965517241379,0.05084745762711865,0,0.813953488372093,1,0,0.07092198581560284,0.7558139534883721,0.3372093023255814,1,91
ARG780350077,América del Sur,Argentina,ARG,Los Antiguos,Municipio,Local,2,Santa Cruz,Los Antiguos,4655,2022,0,0.01264222503160556,0.4693619709412508,0.7165510406342914,0.8691006233303651,0.9108159392789374,0.8500948766603416,0.9962049335863378,0.04002354326074161,0.06500691562932227,0.02151639344262295,0.9174573055028464,0.6010439970171514,0.00921796015462384,0.04846862920011894,0.5825426944971537,0.961100569259962,1,1064
ARG780350084,América del Sur,Argentina,ARG,Perito Moreno,Municipio,Local,2,Santa Cruz,Perito Moreno,7808,2022,0,0.01957831325301205,0.4130236794171221,0.7247311827956989,0.8754889178617992,0.9900071377587438,0.9343326195574588,0.9992862241256244,0.02973661852166525,0.03659742828882294,0.02457185405807892,0.9286224125624554,0.5193602693602694,0.00714749837556855,0.0459172622915313,0.57958600999286225,0.9421841541755888,1,1417
ARG780420091,América del Sur,Argentina,ARG,Puerto San Julián,Municipio,Local,2,Santa Cruz,Puerto San Julián,12493,2022,0,0.00895415472779369,0.5093984962406015,0.697452229299363,0.8500400962309543,0.9984429739198132,0.9213701829505644,0.9996107434799532,0.03744834710743802,0.05251141552511415,0.025,0.9283768003114052,0.38292896813797134,0.00418039016974917,0.02571573346845705,0.652783184118334,0.9268197742312184,1,2569
ARG780490098,América del Sur,Argentina,ARG,Gobernador Gregores,Municipio,Local,2,Santa Cruz,Gobernador Gregores,5343,2022,0,0.01978973407544836,0.47368421052631576,0.7355371900826446,0.8606741573033708,0.9382113821138212,0.9333333333333332,0.997560975609756,0.04315841098577734,0.07078651685393259,0.02175805047867711,0.9227642276422764,0.5400350672121567,0.00266844563042028,0.06026239715365799,0.5398373983739837,0.9528455284552846,1,1249
ARG780495042,América del Sur,Argentina,ARG,Lago Posadas,Comisión de fomento,Local,2,Santa Cruz,Lago Posadas,662,2022,0,0.0217391304347826,0.4296296296296296,0.8289473684210527,0.8804347826086957,0.9772727272727272,0.7954545454545455,1,0.02083333333333333,0.04761904761904761,0,1,0.7749999999999999,0.0225563909774436,0.12406015037593984,0.6363636363636364,0.26136363636363635,1,91
ARG82,América del Sur,Argentina,ARG,Santa Fe,Provincia,Regional,1,Santa Fe,NA,3544908,2022,NA,0.01987414327458762,0.4974708796358281,0.6048352118677263,0.8404006879939497,0.8444834131932022,0.7006525636288636,0.993039386457252,0.0626733267381327,0.08852889888549116,0.04334167887004582,0.9258337739147772,0.24342657826844788,0.00300120348541391,0.01510302223162369,0.4631246810981368,0.8572130958455274,1,1024986
ARG820070007,América del Sur,Argentina,ARG,Armstrong,Municipio,Local,2,Santa Fe,Armstrong,12939,2022,0,0.01240035429583702,0.4864963503649635,0.6354416866826795,0.8922736084187206,0.959375,0.7236979166666667,0.9979166666666668,0.02570051757986792,0.04409911801763964,0.01210428305400372,0.9666666666666668,0.5435897435897435,0.00322187391152908,0.00957854406130268,0.51640625,0.8794270833333333,1,3849
ARG820070014,América del Sur,Argentina,ARG,Las Parejas,Municipio,Local,2,Santa Fe,Las Parejas,14493,2022,0,0.01954871581574295,0.4109947643979058,0.6079669662375516,0.8976282671829623,0.9604722792607804,0.846252566735113,0.9989733059548256,0.03831294269156471,0.07111466240511387,0.01617686708007549,0.9715092402464066,0.7305810397553517,0.00126192917422509,0.01017430396718984,0.4902464065708419,0.9147843942505134,1,3903
ARG820070021,América del Sur,Argentina,ARG,Las Rosas,Municipio,Local,2,Santa Fe,Las Rosas,14371,2022,0,0.01250954927425515,0.4521931208583149,0.5656519763743753,0.8573436401967673,0.3142337426102774,0.7671668940427467,0.9986357435197816,0.04715447154471545,0.08032128514056225,0.02459016393442623,0.9297407912687584,0.4885764499121265,0.00124187303674483,0.00898531667762437,0.4536152796725784,0.8633469758981355,1,4404
ARG820072007,América del Sur,Argentina,ARG,Bouquet,Comuna,Local,2,Santa Fe,Bouquet,1375,2022,0,0.01636363636363636,0.41310975609756095,0.5516483516483517,0.8835164835164835,0.7478813559322034,0.6059322033898306,1,0.04287901990811638,0.07171314741035857,0.02487562189054726,0.8707627118644068,0.7087198515769944,0,0.00341997264021887,0.461864406779661,0.9046610169491526,1,473
ARG820072014,América del Sur,Argentina,ARG,Montes de Oca,Comuna,Local,2,Santa Fe,Montes de Oca,2878,2022,0,0.01614959626009349,0.4178885630498534,0.592948717948718,0.8888888888888888,0.8597502401536984,0.7031700288184438,0.9971181556195966,0.02042304886943836,0.02882882882882883,0.01470588235294117,0.9058597502401536,0.971357409713574,0,0.00538539212386401,0.446685878962536,0.8309317963496637,1,1043
ARG820072021,América del Sur,Argentina,ARG,Tortugas,Comuna,Local,2,Santa Fe,Tortugas,2488,2022,0,0.01078028747433264,0.45211389128559104,0.5584905660377358,0.8821243523316062,0.8189448441247003,0.735011990407674,0.9940047961630696,0.02222222222222222,0.03828828828828828,0.01174743024963289,0.9016786570743404,0.5605095541401274,0.00319616460247702,0.01238513783459848,0.4568345323741007,0.8764988009592326,1,837
ARG820140028,América del Sur,Argentina,ARG,Casilda,Municipio,Local,2,Santa Fe,Casilda,38597,2022,0,0.0126393782007046,0.5526221048841954,0.6068241469816273,0.8552702460046687,0.950192225544639,0.8574967962409227,0.9975224263135412,0.05540031587899405,0.08217993079584775,0.03590174259920218,0.9445583461472749,0.17381040206565845,0.0028524159963489,0.01118147070568771,0.44920973942759507,0.8553609568560444,1,11728
ARG820142028,América del Sur,Argentina,ARG,Arequito,Comuna,Local,2,Santa Fe,Arequito,7316,2022,0,0.01036639857015192,0.528272414870353,0.5889908256880734,0.8784833257195066,0.9444206926036768,0.685335613510047,0.9995724668661822,0.0339881509198628,0.05763239875389408,0.01820072802912116,0.9653698161607523,0.9898132427843804,0.00117027501462843,0.00599765944997074,0.47669944420692606,0.8631893971782814,1,2345
ARG820142035,América del Sur,Argentina,ARG,Arteaga,Comuna,Local,2,Santa Fe,Arteaga,3414,2022,0,0.01138868479059515,0.5278436018957346,0.5955156950672645,0.9087591240875912,0.8813993174061433,0.5443686006825939,0.9982935153583616,0.01566265060240964,0.02259036144578313,0.01104417670682731,0.9351535836177476,0.996124031007752,0.00300210147102972,0.00900630441308916,0.4539249146757679,0.8481228668941979,1,1176
ARG820142042,América del Sur,Argentina,ARG,Berabevú,Comuna,Local,2,Santa Fe,Berabevú,2101,2022,0,0.01206715634837355,0.5505514705882353,0.5827633378932968,0.8666666666666667,0.6356968215158925,0.480440097799511,1,0.0399628252788104,0.06103286384976526,0.02615384615384615,0.9633251833740832,0.14924039320822163,0,0.00519031141868512,0.4486552567237164,0.8337408312958435,1,820
ARG820142049,América del Sur,Argentina,ARG,Bigand,Comuna,Local,2,Santa Fe,Bigand,5599,2022,0,0.01131275041244402,0.5421734013338564,0.6268221574344023,0.8682352941176471,0.9280089988751408,0.6242969628796401,0.998875140607424,0.04037632301058409,0.05581395348837209,0.02913279132791327,0.9100112485939258,0.15364485981308412,5.70559147965e-4,0.01160136934195511,0.44881889763779526,0.8605174353205849,1,1781
ARG820142056,América del Sur,Argentina,ARG,Chabas,Comuna,Local,2,Santa Fe,Chabas,7444,2022,0,0.01526851526851526,0.4941554646405611,0.6289691170073946,0.8910057598582188,0.9349896480331265,0.39296066252587986,0.996273291925466,0.0457043679490888,0.0698478561549101,0.02834410740924913,0.9544513457556936,0.10405741098537125,0.00153203342618384,0.00612813370473537,0.4318840579710145,0.8612836438923396,1,2417
ARG820142063,América del Sur,Argentina,ARG,Chañar Ladeado,Comuna,Local,2,Santa Fe,Chañar Ladeado,5385,2022,0,0.01100086281276963,0.5676691729323309,0.660472972972973,0.8825503355704698,0.9243986254295532,0.7874324987727049,0.9980363279332352,0.01853871319520174,0.02983802216538789,0.01013941698352344,0.9612174766813942,0.1248353096179183,1.7733640716439e-4,0.00354672814328781,0.5085910652920962,0.8645066273932254,1,2044
ARG820142070,América del Sur,Argentina,ARG,Gödeken,Comuna,Local,2,Santa Fe,Gödeken,1908,2022,0,0.01547368112325481,0.44695967457450414,0.5548094844259094,0.8571008773771042,0.02377120217902686,0.6112417976971648,1,0.03694113510427948,0.0902355295770541,0.00398562178744131,0.945754258122712,0.12438461328306424,5.7372346528973e-4,0.00229489386115892,0.3837115383481609,0.8437892428235377,1,591
ARG820142077,América del Sur,Argentina,ARG,Los Molinos,Comuna,Local,2,Santa Fe,Los Molinos,2022,2022,0,0.01026957637997432,0.4477296726504752,0.5688524590163935,0.8894080996884736,0.7760252365930599,0.582018927444795,0.9952681388012616,0.04466230936819172,0.07780979827089338,0.02451838879159369,0.9069400630914828,0.9960629921259844,0,0.015625,0.4416403785488959,0.8454258675078864,1,634
ARG820142084,América del Sur,Argentina,ARG,Los Quirquinchos,Comuna,Local,2,Santa Fe,Los Quirquinchos,2268,2022,0,0.01325757575757575,0.47554806070826305,0.6076433121019108,0.8669950738916257,0.00435255712731229,0.4363438520130576,0.9956474428726876,0.04149026248941575,0.06918238993710692,0.02272727272727272,0.9347116430903156,0.11031175059952038,3.8925652004671e-4,0.00544959128065395,0.3862894450489663,0.808487486398259,1,922
ARG820142091,América del Sur,Argentina,ARG,San José de la Esquina,Comuna,Local,2,Santa Fe,San José de la Esquina,6872,2022,0,0.01206688501982416,0.5235432607416127,0.6181898066783831,0.8744065602071645,0.8314144736842105,0.397203947368421,0.9991776315789472,0.04398485289833964,0.06254442075337598,0.03109575518262586,0.9416118421052632,0.99652978600347,0.00169683257918552,0.00890837104072398,0.4666940789473684,0.8696546052631579,1,2438
ARG820142098,América del Sur,Argentina,ARG,Sanford,Comuna,Local,2,Santa Fe,Sanford,2033,2022,0,0.0091324200913242,0.47440273037542663,0.5498338870431894,0.8629173989455184,0.7884012539184952,0.725705329153605,0.9984326018808776,0.03771289537712895,0.06948640483383686,0.01629327902240325,0.962382445141066,0.14251497005988023,0.00160857908847184,0.01126005361930294,0.4075235109717869,0.8197492163009404,1,639
ARG820142105,América del Sur,Argentina,ARG,Villada,Comuna,Local,2,Santa Fe,Villada,1259,2022,0,0.01759530791788856,0.3434343434343434,0.5889724310776943,0.88,0.5588865096359743,0.40471092077087795,0.9978586723768738,0.03747870528109029,0.06808510638297872,0.01704545454545454,0.9486081370449678,0.1380952380952381,0,0.01636788776305534,0.33832976445396146,0.7944325481798715,1,467
ARG820142595,América del Sur,Argentina,ARG,Cañada del Ucle,Comuna,Local,2,Santa Fe,Cañada del Ucle,973,2022,0,0.01118944154221882,0.4301039980959793,0.4641719650653539,0.8562938132603994,0.00852272727272727,0.4801136363636364,0.9971590909090908,0.03158998084360429,0.06630979978925183,0.01450345577192734,0.8806818181818182,0.17515689235359283,0,0.00632244467860906,0.3977272727272727,0.7698863636363636,1,352
ARG820210035,América del Sur,Argentina,ARG,Frontera,Municipio,Local,2,Santa Fe,Frontera,9967,2022,0.9504372385499128,0.02256354492320239,0.26172627971728424,0.6199937907482148,0.8899733806566105,0.984185733512786,0.7503364737550471,0.9915881561238225,0.05073911306432281,0.08212318477716575,0.02991026919242273,0.945827725437416,0.12360533800043756,0.0027785495971103,0.01333703806612948,0.3300807537012113,0.8919919246298789,1,2972
ARG820210042,América del Sur,Argentina,ARG,Rafaela,Municipio,Local,2,Santa Fe,Rafaela,101733,2022,0.9885838111214628,0.01069427458118831,0.5375676536134989,0.6752780885934312,0.8737560710525422,0.9821584865010436,0.8755806907695416,0.9983841648151888,0.04925937939236674,0.07178712412885618,0.03129130062971313,0.9949168518144482,0.1804479290120643,3.54293935132e-4,0.00997391108295846,0.5460513027671178,0.8706658587490742,1,29742
ARG820210049,América del Sur,Argentina,ARG,Sunchales,Municipio,Local,2,Santa Fe,Sunchales,23416,2022,0,0.0098330241187384,0.5401648297090657,0.7101533966398831,0.8888888888888888,0.8252260008609557,0.9083082221265604,0.9987085665088248,0.02437667995180276,0.03517794692450113,0.0155195681511471,0.9586741282823936,0.11971762885601006,0.00232150471407589,0.00753304590894016,0.560051657339647,0.8847754340651457,1,6983
ARG820212112,América del Sur,Argentina,ARG,Angélica,Comuna,Local,2,Santa Fe,Angélica,1475,2022,0,0.01373390557939914,0.3283173734610123,0.5867237687366167,0.8996062992125984,0.6480769230769231,0.6596153846153846,0.9884615384615384,0.02872777017783857,0.0510948905109489,0.01531728665207877,0.8346153846153846,0.13859910581222057,6.4432989690721e-4,0.00837628865979381,0.4269230769230769,0.8557692307692307,1,520
ARG820212119,América del Sur,Argentina,ARG,Ataliva,Comuna,Local,2,Santa Fe,Ataliva,2296,2022,0,0.02144772117962466,0.3412042502951594,0.6598290598290598,0.8866995073891626,0.02967359050445104,0.5,0.9925816023738872,0.0161987041036717,0.02849740932642487,0.0074074074074074,0.787833827893175,0.096579476861167,0.00153217568947906,0.01174668028600613,0.3635014836795252,0.8768545994065282,1,675
ARG820212126,América del Sur,Argentina,ARG,Aurelia,Comuna,Local,2,Santa Fe,Aurelia,203,2022,0,0.05314009661835749,0.232,0.4367816091954023,0.9148936170212766,0,0.33707865168539325,0.9550561797752808,0.00806451612903225,0,0.01162790697674418,0.4606741573033708,0.1271186440677966,0,0,0.23595505617977527,0.8764044943820225,1,89
ARG820212133,América del Sur,Argentina,ARG,Bauer y Sigel,Comuna,Local,2,Santa Fe,Bauer y Sigel,313,2022,0,0.02040816326530612,0.2025862068965517,0.4899328859060403,0.923529411764706,0.3271604938271605,0.5679012345679012,1,0.01304347826086956,0.0136986301369863,0.01273885350318471,0.7160493827160493,0.10382513661202186,0,0,0.3395061728395062,0.8518518518518519,1,162
ARG820212140,América del Sur,Argentina,ARG,Bella Italia,Comuna,Local,2,Santa Fe,Bella Italia,1939,2022,0.7656615924290812,0.02457264957264957,0.3918305597579425,0.6175,0.8900862068965517,0.02525252525252525,0.4722222222222222,0.9924242424242424,0.03939393939393939,0.08502024291497975,0.01210653753026634,0.8080808080808081,0.13613445378151262,0.00511322132943754,0.01533966398831263,0.48737373737373735,0.9621212121212122,1,396
ARG820212147,América del Sur,Argentina,ARG,Colonia Aldao,Comuna,Local,2,Santa Fe,Colonia Aldao,2015,2022,0,0.01334379905808477,0.3563218390804598,0.677734375,0.9102112676056338,0.02578268876611418,0.6022099447513813,0.9834254143646408,0.02662037037037037,0.04322766570605187,0.01547388781431334,0.8453038674033149,0.11447811447811448,0,0.00464306442251886,0.3406998158379374,0.8674033149171271,1,543
ARG820212154,América del Sur,Argentina,ARG,Colonia Bicha,Comuna,Local,2,Santa Fe,Colonia Bicha,375,2022,0,0,0.20606060606060608,0.5277777777777778,0.9435483870967742,0.03846153846153846,0.7596153846153846,1,0.0057471264367816,0.0175438596491228,0,0.6153846153846154,0.07954545454545454,0,0,0.33653846153846156,0.8942307692307693,1,104
ARG820212161,América del Sur,Argentina,ARG,Colonia Bigand,Comuna,Local,2,Santa Fe,Colonia Bigand,176,2022,0,0.01428571428571428,0.0898876404494382,0.7540983606557377,0.9333333333333332,0.01923076923076923,0.4423076923076923,0.9615384615384616,0.11206896551724138,0.10869565217391304,0.11428571428571428,0,0.03773584905660377,0,0.03365384615384615,0.1153846153846154,0.9423076923076924,1,52
ARG820212168,América del Sur,Argentina,ARG,Castellanos,Comuna,Local,2,Santa Fe,Castellanos,285,2022,0,0.0125,0.16666666666666666,0.4791666666666667,0.8879310344827587,0.01041666666666666,0.4479166666666667,0.9895833333333334,0.12080536912751678,0.2608695652173913,0.05825242718446602,0.6979166666666666,0.11811023622047244,0,0,0.25,0.8333333333333334,1,96
ARG820212175,América del Sur,Argentina,ARG,Colonia Cello,Comuna,Local,2,Santa Fe,Colonia Cello,215,2022,0,0.02845528455284552,0.20945945945945943,0.46236559139784944,0.9473684210526316,0.0510204081632653,0.5612244897959183,1,0.00662251655629139,0.02325581395348837,0,0.45918367346938777,0.11724137931034484,0,0.00906344410876133,0.336734693877551,0.8979591836734694,1,98
ARG820212182,América del Sur,Argentina,ARG,Colonia Iturraspe,Comuna,Local,2,Santa Fe,Colonia Iturraspe,88,2022,0,0,0,0.4,1,0,0,1,0,0,0,0,0,0,0,0.2,1,1,5
ARG820212189,América del Sur,Argentina,ARG,Colonia Margarita,Comuna,Local,2,Santa Fe,Colonia Margarita,351,2022,0,0.02875399361022364,0.13333333333333333,0.6165413533834586,0.9347826086956522,0,0.5378787878787878,0.9924242424242424,0.05687203791469194,0.0975609756097561,0.03100775193798449,0.6136363636363636,0.08571428571428572,0,0,0.2196969696969697,0.9242424242424242,1,132
ARG820212196,América del Sur,Argentina,ARG,Colonia Raquel,Comuna,Local,2,Santa Fe,Colonia Raquel,454,2022,0,0.0079155672823219,0.20816326530612245,0.8243243243243243,0.9242424242424242,0.02097902097902098,0.5384615384615384,1,0,0,0,0,0.0523076923076923,0.00739371534195933,0.01293900184842883,0.38461538461538464,0.972027972027972,1,143
ARG820212203,América del Sur,Argentina,ARG,Coronel Fraga,Comuna,Local,2,Santa Fe,Coronel Fraga,391,2022,0,0.0120845921450151,0.16417910447761194,0.6370967741935484,0.9236111111111112,0.09701492537313432,0.44029850746268656,0.9925373134328358,0.01415094339622641,0.02531645569620253,0.0075187969924812,0.7686567164179104,0.15841584158415842,0,0,0.29850746268656714,0.8805970149253731,1,134
ARG820212210,América del Sur,Argentina,ARG,Egusquiza,Comuna,Local,2,Santa Fe,Egusquiza,366,2022,0,0.020671834625323,0.22540983606557377,0.7468354430379747,0.934065934065934,0.01360544217687074,0.36734693877551017,0.9863945578231292,0.01736111111111111,0.00847457627118644,0.02352941176470588,0.6122448979591837,0.1842105263157895,0,0.00931098696461825,0.32653061224489793,0.8571428571428571,1,147
ARG820212217,América del Sur,Argentina,ARG,Esmeralda,Comuna,Local,2,Santa Fe,Esmeralda,705,2022,0,0.02024922118380062,0.2888283378746594,0.5541666666666667,0.8534798534798534,0.04210526315789473,0.6912280701754386,0.9964912280701754,0.01092896174863388,0.0150375939849624,0.00858369098712446,0.7263157894736842,0.1021021021021021,0.00465116279069767,0.00581395348837209,0.34385964912280703,0.8701754385964913,1,285
ARG820212224,América del Sur,Argentina,ARG,Estación Clucellas,Comuna,Local,2,Santa Fe,Estación Clucellas,1006,2022,0,0.01414427157001414,0.34739454094292804,0.4777777777777778,0.8543046357615894,0.6190476190476191,0.6938775510204082,1,0.020671834625323,0.01550387596899224,0.02325581395348837,0.8435374149659864,0.17391304347826086,0.00446428571428571,0.0078125,0.42517006802721086,0.8333333333333334,1,294
ARG820212231,América del Sur,Argentina,ARG,Eusebia y Carolina,Comuna,Local,2,Santa Fe,Eusebia y Carolina,1048,2022,0,0.02049180327868852,0.26773455377574373,0.6551724137931034,0.8892307692307693,0.02547770700636942,0.6815286624203822,1,0.0313152400835073,0.05789473684210526,0.01384083044982699,0.856687898089172,0.09297520661157024,0,0.02642276422764227,0.34076433121019106,0.8694267515923567,1,314
ARG820212238,América del Sur,Argentina,ARG,Eustolia,Comuna,Local,2,Santa Fe,Eustolia,107,2022,0,0.00840336134453781,0.1038961038961039,0.6382978723404256,0.9047619047619048,0.02222222222222222,0.6222222222222222,1,0.01149425287356321,0.03333333333333333,0,0,0.04705882352941176,0,0,0.26666666666666666,0.9777777777777776,1,45
ARG820212245,América del Sur,Argentina,ARG,Fidela,Comuna,Local,2,Santa Fe,Fidela,179,2022,0,0.01379310344827586,0.1919191919191919,0.7457627118644068,0.9864864864864864,0.03773584905660377,0.24528301886792453,0.981132075471698,0.01709401709401709,0.04545454545454545,0,0,0.04761904761904761,0,0,0.3584905660377358,0.981132075471698,1,53
ARG820212252,América del Sur,Argentina,ARG,Galisteo,Comuna,Local,2,Santa Fe,Galisteo,253,2022,0,0.03305785123966942,0.14473684210526316,0.6521739130434783,0.9558823529411764,0,0.5454545454545454,0.9545454545454546,0,0,0,0,0.01041666666666666,0,0.02923976608187134,0.13636363636363635,0.9772727272727272,1,44
ARG820212259,América del Sur,Argentina,ARG,Garibaldi,Comuna,Local,2,Santa Fe,Garibaldi,288,2022,0,0.03741496598639456,0.16111111111111112,0.4,0.841726618705036,0.03448275862068965,0.3448275862068966,0.9827586206896552,0.05454545454545454,0.10416666666666669,0.03418803418803419,0.3706896551724138,0.06832298136645962,0,0,0.2413793103448276,0.8362068965517241,1,116
ARG820212266,América del Sur,Argentina,ARG,Hugentobler,Comuna,Local,2,Santa Fe,Hugentobler,157,2022,0,0.02352941176470588,0.1320754716981132,0.625,0.9387755102040816,0.02702702702702703,0.4864864864864865,0.972972972972973,0.01515151515151515,0.05,0,0,0,0,0,0.16216216216216217,0.8648648648648649,1,37
ARG820212273,América del Sur,Argentina,ARG,Humberto Primo,Comuna,Local,2,Santa Fe,Humberto Primo,5855,2022,0,0.01625,0.4004587155963303,0.6408137317228226,0.8898790579248886,0.7558073654390934,0.706515580736544,0.9920679886685552,0.02826267664172901,0.04265873015873016,0.0178826895565093,0.9002832861189801,0.1248031496062992,0,0.00831443688586545,0.3722379603399434,0.8339943342776204,1,1769
ARG820212280,América del Sur,Argentina,ARG,Josefina,Comuna,Local,2,Santa Fe,Josefina,2722,2022,0.4127434264568602,0.02093144950287807,0.15473251028806584,0.51338199513382,0.8682170542635659,0.8917525773195877,0.6868556701030928,0.9935567010309276,0.0472636815920398,0.0947867298578199,0.02168367346938775,0.875,0.115695067264574,0.00350262697022767,0.00910683012259194,0.24484536082474223,0.9007731958762888,1,776
ARG820212287,América del Sur,Argentina,ARG,Lehmann,Comuna,Local,2,Santa Fe,Lehmann,3568,2022,0,0.02712477396021699,0.24963289280469897,0.6105032822757112,0.9146341463414634,0.00648648648648648,0.47459459459459463,0.9881081081081082,0.04663923182441701,0.08602150537634409,0.02222222222222222,0.7891891891891892,0.10256410256410256,0,0.0100780234070221,0.35135135135135137,0.8594594594594595,1,927
ARG820212294,América del Sur,Argentina,ARG,María Juana,Comuna,Local,2,Santa Fe,María Juana,4903,2022,0,0.00658215504631886,0.49051833122629585,0.6175742574257426,0.8863492063492063,0.02984234234234234,0.8192567567567568,1,0.02422723475355054,0.03507014028056112,0.0164756446991404,0.9662162162162162,0.19258130081300817,3.8993955936829e-4,0.00409436537336712,0.5011261261261262,0.8361486486486487,1,1780
ARG820212301,América del Sur,Argentina,ARG,Colonia Maua,Comuna,Local,2,Santa Fe,Colonia Maua,80,2022,0,0,0.23809523809523808,0.47368421052631576,0.8928571428571429,0,0.13636363636363635,1,0,0,0,0,0.2,0,0,0.09090909090909093,0.9090909090909092,1,22
ARG820212308,América del Sur,Argentina,ARG,Plaza Clucellas,Comuna,Local,2,Santa Fe,Plaza Clucellas,1948,2022,0,0.01683501683501683,0.3628571428571429,0.5252100840336135,0.8740157480314961,0.5074906367041199,0.5599250936329588,0.99250936329588,0.0345821325648415,0.048,0.02702702702702703,0.9363295880149812,0.17970049916805325,0.00188560653676932,0.02199874292897549,0.37265917602996257,0.8614232209737828,1,534
ARG820212315,América del Sur,Argentina,ARG,Presidente Roca,Comuna,Local,2,Santa Fe,Presidente Roca,1035,2022,0,0.00940860215053763,0.2281449893390192,0.49523809523809526,0.9028571428571428,0.00673400673400673,0.4006734006734007,0.9932659932659932,0.01271186440677966,0.03205128205128205,0.00316455696202531,0.5286195286195287,0.08591885441527447,0.00188323917137476,0.00188323917137476,0.30303030303030304,0.9124579124579124,1,297
ARG820212322,América del Sur,Argentina,ARG,Pueblo Marini,Comuna,Local,2,Santa Fe,Pueblo Marini,164,2022,0,0.0062111801242236,0.2376237623762376,0.6811594202898551,0.9620253164556962,0.01724137931034482,0.5,1,0.02439024390243902,0.06382978723404255,0,0,0.08928571428571429,0,0.0045045045045045,0.3448275862068966,0.9482758620689656,1,58
ARG820212329,América del Sur,Argentina,ARG,Ramona,Comuna,Local,2,Santa Fe,Ramona,2062,2022,0,0.01384083044982699,0.37737961926091823,0.5183333333333333,0.8760064412238325,0.04975124378109452,0.5903814262023217,1,0.04210526315789473,0.07395498392282958,0.02389705882352941,0.9303482587064676,0.11586206896551723,0.00263574064312071,0.02266736953083816,0.42454394693200664,0.8988391376451078,1,603
ARG820212336,América del Sur,Argentina,ARG,Saguier,Comuna,Local,2,Santa Fe,Saguier,505,2022,0,0.01225490196078431,0.2834008097165992,0.477124183006536,0.8563829787234043,0.01197604790419161,0.7365269461077844,0.9820359281437124,0.00854700854700854,0,0.0124223602484472,0.7365269461077845,0.10599078341013826,0,0.0146788990825688,0.31137724550898205,0.8203592814371258,1,167
ARG820212343,América del Sur,Argentina,ARG,San Antonio,Comuna,Local,2,Santa Fe,San Antonio,323,2022,0,0.00958466453674121,0.20725388601036268,0.5403225806451613,0.8904109589041096,0.0859375,0.515625,0.9921875,0.02030456852791878,0.01492537313432835,0.02307692307692307,0.7265625,0.15625,0,0,0.3984375,0.8515625,1,128
ARG820212350,América del Sur,Argentina,ARG,San Vicente,Municipio,Local,2,Santa Fe,San Vicente,6245,2022,0,0.01294498381877022,0.4602112676056338,0.6449974606399187,0.8492798353909465,0.9365296803652968,0.6045662100456621,0.9949771689497716,0.03800068469702156,0.05748031496062992,0.02301635372501514,0.9675799086757992,0.24851778656126483,0.00125726858400125,0.01068678296401068,0.5374429223744293,0.8424657534246576,1,2195
ARG820212357,América del Sur,Argentina,ARG,Santa Clara de Saguier,Comuna,Local,2,Santa Fe,Santa Clara de Saguier,2057,2022,0,0.01536772777167947,0.3612716763005781,0.5875706214689266,0.8707015130674003,0.05625,0.55125,0.9975,0.03336510962821735,0.0625,0.01421800947867298,0.92,0.15011286681715574,0,0.00336417157275021,0.3825,0.85375,1,803
ARG820212364,América del Sur,Argentina,ARG,Susana,Comuna,Local,2,Santa Fe,Susana,1834,2022,0,0.01170731707317073,0.3115264797507788,0.5354523227383863,0.9340909090909092,0.01348314606741573,0.5977528089887639,0.997752808988764,0.01746031746031746,0.0410958904109589,0.0048661800486618,0.8067415730337079,0.09882747068676716,0,0.01250919793966151,0.3842696629213483,0.8539325842696629,1,446
ARG820212371,América del Sur,Argentina,ARG,Tacural,Comuna,Local,2,Santa Fe,Tacural,1563,2022,0,0.02057245080500894,0.35198821796759944,0.5627802690582959,0.8879837067209776,0.6080508474576272,0.5021186440677966,0.9978813559322034,0.02183406113537117,0.0398406374501992,0.01146788990825688,0.788135593220339,0.0896358543417367,0,0.00734802939211756,0.4216101694915254,0.8707627118644068,1,472
ARG820212378,América del Sur,Argentina,ARG,Tacurales,Comuna,Local,2,Santa Fe,Tacurales,453,2022,0,0.00985221674876847,0.15328467153284672,0.7325581395348837,0.971291866028708,0,0.4866666666666667,0.9933333333333332,0.0060790273556231,0.01587301587301587,0,0.11333333333333331,0.03303303303303304,0.00513698630136986,0.00684931506849315,0.26666666666666666,0.9666666666666668,1,150
ARG820212385,América del Sur,Argentina,ARG,Vila,Comuna,Local,2,Santa Fe,Vila,1586,2022,0,0.01246105919003115,0.3615279672578445,0.6055226824457594,0.9025735294117648,0.03787878787878788,0.5643939393939394,0.9867424242424244,0.03007518796992481,0.05537459283387622,0.01425661914460285,0.8563327032136105,0.12618724559023065,0,0.00173310225303292,0.3181818181818182,0.865530303030303,1,531
ARG820212392,América del Sur,Argentina,ARG,Villa San José,Comuna,Local,2,Santa Fe,Villa San José,426,2022,0,0.00967741935483871,0.2648648648648649,0.512,0.8819444444444444,0.2773109243697479,0.3277310924369748,1,0.01570680628272251,0.015625,0.01574803149606299,0.5882352941176471,0.07103825136612023,0,0.02045454545454545,0.5042016806722689,0.8487394957983193,1,120
ARG820212399,América del Sur,Argentina,ARG,Virginia,Comuna,Local,2,Santa Fe,Virginia,216,2022,0,0.02643171806167401,0.21052631578947367,0.3595505617977528,0.7623762376237624,0.06185567010309278,0.3402061855670103,0.979381443298969,0,0,0,0.6907216494845361,0.13157894736842105,0,0.01661129568106312,0.15463917525773196,0.865979381443299,1,97
ARG820212406,América del Sur,Argentina,ARG,Zenón Pereyra,Comuna,Local,2,Santa Fe,Zenón Pereyra,2118,2022,0,0.01196709050112191,0.33957553058676654,0.5943396226415094,0.890652557319224,0.5326460481099656,0.7560137457044673,1,0.01219512195121951,0.01269841269841269,0.01188118811881188,0.90893470790378,0.13066666666666668,0,0.01468097120271033,0.39862542955326463,0.8865979381443299,1,582
ARG820280056,América del Sur,Argentina,ARG,Villa Constitución,Municipio,Local,2,Santa Fe,Villa Constitución,52602,2022,0.4877104724322286,0.01837569952947072,0.5111729336803374,0.5529825017888506,0.8169250385880142,0.9904381921992158,0.8634518814060673,0.9981426704271856,0.09901325336171037,0.1370427008587225,0.07245543415756182,0.9499208915181948,0.22031634446397183,0.0020798319327731,0.01302521008403361,0.47327509114672905,0.8415766664373667,1,14555
ARG820282413,América del Sur,Argentina,ARG,Alcorta,Comuna,Local,2,Santa Fe,Alcorta,7680,2022,0,0.0138356392732122,0.5110855168442269,0.6006560065600656,0.8639308855291576,0.9111714507370056,0.6536074476338246,0.9972847168347556,0.05021645021645021,0.08464163822525597,0.025,0.9534522885958108,0.24790841039189784,6.6569032086273e-4,0.02649447477033684,0.41505042668735453,0.8506594259115593,1,2582
ARG820282420,América del Sur,Argentina,ARG,Bombal,Comuna,Local,2,Santa Fe,Bombal,3510,2022,0,0.01873622336517266,0.5036452004860267,0.573502722323049,0.9066427289048474,0.9515260323159784,0.5484739676840216,0.9982046678635548,0.02436053593179049,0.04430379746835443,0.01188118811881188,0.9290843806104128,0.2140992167101828,0.00174570846668606,0.01018329938900203,0.48025134649910234,0.8877917414721723,1,1117
ARG820282427,América del Sur,Argentina,ARG,Cañada Rica,Comuna,Local,2,Santa Fe,Cañada Rica,679,2022,0,0.01050788091068301,0.407624633431085,0.5291479820627802,0.908256880733945,0.8669354838709677,0.5403225806451613,0.995967741935484,0.03164556962025317,0.05932203389830508,0.01515151515151515,0.8870967741935484,0.17924528301886794,0.00137741046831955,0.00826446280991735,0.41935483870967744,0.8467741935483871,1,248
ARG820282434,América del Sur,Argentina,ARG,Cepeda,Comuna,Local,2,Santa Fe,Cepeda,351,2022,0,0.0339943342776204,0.3626943005181347,0.4306569343065693,0.8702290076335878,0.7712418300653595,0.3267973856209151,1,0.02890173410404624,0.05084745762711865,0.0175438596491228,0.8562091503267973,0.3053435114503817,0.00668151447661469,0,0.3137254901960784,0.8562091503267973,1,153
ARG820282441,América del Sur,Argentina,ARG,Empalme Villa Constitución,Comuna,Local,2,Santa Fe,Empalme Villa Constitución,7139,2022,0,0.01274271844660194,0.5286085825747724,0.541686517389233,0.8377450980392157,0.9582704876822524,0.6666666666666666,0.9969834087481146,0.07800421644413212,0.11961301671064203,0.05032182562902282,0.9607843137254902,0.19178768152228343,0.00153798831128883,0.01907105505998154,0.4881850175967823,0.8456510809451986,1,1991
ARG820282448,América del Sur,Argentina,ARG,General Gelly,Comuna,Local,2,Santa Fe,General Gelly,651,2022,0,0.01675041876046901,0.43626062322946174,0.5446428571428571,0.8340425531914893,0.8264150943396227,0.49056603773584906,0.9924528301886792,0.03144654088050314,0.04098360655737704,0.02551020408163265,0.8943396226415095,0.225531914893617,0,0.00567375886524822,0.33962264150943394,0.8113207547169812,1,265
ARG820282455,América del Sur,Argentina,ARG,Godoy,Comuna,Local,2,Santa Fe,Godoy,1377,2022,0,0.0089047195013357,0.4200913242009132,0.5229357798165137,0.8004201680672269,0.8294243070362474,0.5053304904051172,0.9978678038379531,0.06896551724137931,0.09210526315789472,0.05511811023622047,0.8635394456289979,0.29411764705882354,0,0.00923951670220327,0.3582089552238806,0.8507462686567164,1,469
ARG820282462,América del Sur,Argentina,ARG,Juan B. Molina,Comuna,Local,2,Santa Fe,Juan B. Molina,1309,2022,0,0.01561144839549002,0.48346456692913387,0.5525114155251142,0.8574821852731591,0.9056224899598394,0.4959839357429719,0.9959839357429718,0.04145936981757877,0.04958677685950413,0.03601108033240997,0.9497991967871486,0.30528846153846156,7.168458781362e-4,0.01433691756272401,0.3795180722891566,0.8293172690763052,1,499
ARG820282469,América del Sur,Argentina,ARG,Juncal,Comuna,Local,2,Santa Fe,Juncal,996,2022,0,0.02060737527114967,0.35271317829457366,0.446685878962536,0.8523316062176166,0.7128712871287128,0.38861386138613857,0.9876237623762376,0.02066115702479339,0.03870967741935484,0.0121580547112462,0.8341584158415841,0.19076923076923075,0.00262237762237762,0.00262237762237762,0.2599009900990099,0.801980198019802,1,404
ARG820282476,América del Sur,Argentina,ARG,La Vanguardia,Comuna,Local,2,Santa Fe,La Vanguardia,383,2022,0,0.02694610778443114,0.2962962962962963,0.4700854700854701,0.8231292517006803,0.9096774193548388,0.33548387096774196,1,0.00568181818181818,0,0.00826446280991735,0.9096774193548388,0.2936507936507936,0,0,0.2258064516129032,0.8193548387096774,1,155
ARG820282483,América del Sur,Argentina,ARG,Máximo Paz,Comuna,Local,2,Santa Fe,Máximo Paz,3197,2022,0,0.0168732782369146,0.5141822570911285,0.6515426497277677,0.8664192949907236,0.9511811023622048,0.4086614173228347,0.9968503937007874,0.03268765133171913,0.04317548746518106,0.02462526766595289,0.8952755905511811,0.25528007346189163,0.00336228635472121,0.04707200896609694,0.3685039370078741,0.831496062992126,1,1276
ARG820282490,América del Sur,Argentina,ARG,Pavón,Comuna,Local,2,Santa Fe,Pavón,3088,2022,0,0.01407407407407407,0.4011363636363636,0.5621970920840065,0.8636363636363636,0.908256880733945,0.5045871559633028,0.9908256880733946,0.05225653206650831,0.08045977011494253,0.03238866396761133,0.9779816513761468,0.21439749608763692,0.0010548523206751,0.00158227848101265,0.3834862385321101,0.8605504587155963,1,545
ARG820282497,América del Sur,Argentina,ARG,Pavón Arriba,Comuna,Local,2,Santa Fe,Pavón Arriba,2114,2022,0,0.01628052598622417,0.4883955600403633,0.6110283159463488,0.87518573551263,0.9362363919129082,0.44167962674961125,0.9937791601866252,0.05005005005005005,0.07560975609756097,0.03225806451612903,0.9315707620528773,0.16830294530154277,0.00148809523809523,0.00198412698412698,0.3623639191290825,0.8351477449455676,1,643
ARG820282504,América del Sur,Argentina,ARG,Peyrano,Comuna,Local,2,Santa Fe,Peyrano,2470,2022,0,0.01881331403762663,0.5074365704286964,0.6096938775510204,0.8639798488664987,0.8495575221238938,0.4446902654867257,0.995575221238938,0.05326460481099656,0.07740585774058577,0.03644314868804665,0.9834070796460176,0.21188630490956073,0,0.01625386996904024,0.39491150442477874,0.8196902654867256,1,906
ARG820282511,América del Sur,Argentina,ARG,Rueda,Comuna,Local,2,Santa Fe,Rueda,628,2022,0,0.02290076335877862,0.42033898305084744,0.5459183673469388,0.8073394495412844,0.7464788732394366,0.40375586854460094,0.971830985915493,0.07420494699646643,0.102803738317757,0.05681818181818181,0.7652582159624414,0.2459016393442623,0,0.00159235668789808,0.3333333333333333,0.8356807511737089,1,213
ARG820282518,América del Sur,Argentina,ARG,Santa Teresa,Comuna,Local,2,Santa Fe,Santa Teresa,3234,2022,0,0.01693580149665222,0.5428769017980636,0.573982125124131,0.81855249745158,0.9610619469026548,0.4238938053097346,0.9946902654867258,0.06517016654598118,0.09515570934256055,0.0435865504358655,0.9690265486725664,0.25900900900900903,0.00286077558804831,0.00254291163382072,0.42212389380530974,0.8327433628318585,1,1131
ARG820282525,América del Sur,Argentina,ARG,Sargento Cabral,Comuna,Local,2,Santa Fe,Sargento Cabral,1023,2022,0,0.00981461286804798,0.5984703632887189,0.5282485875706214,0.8410404624277457,0.9417989417989416,0.3915343915343915,0.992063492063492,0.01673640167364016,0.0374331550802139,0.00343642611683848,0.9444444444444444,0.2685185185185185,0,0.00371057513914656,0.3968253968253968,0.8174603174603174,1,379
ARG820282532,América del Sur,Argentina,ARG,Theobald,Comuna,Local,2,Santa Fe,Theobald,532,2022,0,0.01351351351351351,0.37606837606837606,0.45222929936305734,0.8224852071005917,0.7449664429530202,0.6778523489932886,0.9865771812080536,0.0761904761904762,0.11267605633802816,0.05755395683453238,0.7483443708609272,0.2416107382550335,0,0.00943396226415094,0.4697986577181208,0.8590604026845637,1,151
ARG820352539,América del Sur,Argentina,ARG,Cayastá,Comuna,Local,2,Santa Fe,Cayastá,4919,2022,0,0.03915950334288443,0.329004329004329,0.55,0.8362831858407079,0.79491133384734,0.3600616808018504,0.969159599074788,0.04596472474612507,0.08276797829036635,0.02204585537918871,0.7632999228989977,0.33691164327002476,0.00292134831460674,0.05550561797752809,0.2644564379336931,0.8388589051657671,1,1302
ARG820352546,América del Sur,Argentina,ARG,Colonia Mascías,Comuna,Local,2,Santa Fe,Colonia Mascías,1047,2022,0,0.05844155844155844,0.1592128801431127,0.29411764705882354,0.8346938775510204,0.3828571428571429,0.45142857142857146,0.9257142857142856,0.0291828793774319,0.08571428571428572,0.01466992665036674,0,0.1671388101983003,0.00378501135503406,0.01135503406510219,0.13714285714285715,0.8714285714285714,1,352
ARG820352553,América del Sur,Argentina,ARG,Helvecia,Comuna,Local,2,Santa Fe,Helvecia,10132,2022,0,0.03499562554680665,0.3494704992435703,0.4931229773462783,0.7643207855973814,0.6803695150115473,0.4207852193995381,0.9247113163972286,0.04405571752510528,0.07301066447908121,0.02516059957173447,0.7012927054478301,0.3916314057357781,0.00125093820365273,0.05253940455341506,0.27852193995381064,0.8577367205542725,1,2176
ARG820352560,América del Sur,Argentina,ARG,Saladero Mariano Cabal,Comuna,Local,2,Santa Fe,Saladero Mariano Cabal,919,2022,0,0.04136690647482014,0.2279635258358663,0.47368421052631576,0.8550185873605948,0.7074235807860262,0.4061135371179039,0.9388646288209608,0.01775147928994083,0.03703703703703703,0.00869565217391304,0.6462882096069869,0.21839080459770116,0,0.02100350058343057,0.1222707423580786,0.8951965065502183,1,230
ARG820352567,América del Sur,Argentina,ARG,Santa Rosa de Calchines,Comuna,Local,2,Santa Fe,Santa Rosa de Calchines,7836,2022,0,0.03572220989571777,0.2872379551305627,0.5178571428571429,0.867533718689788,0.33315008246289174,0.28532160527762507,0.993952721275426,0.03125,0.05714285714285714,0.01665741254858412,0.931830676195712,0.2357071213640923,0.00111678366305041,0.00909380982769623,0.24354040681693237,0.8653106102253986,1,1822
ARG820420063,América del Sur,Argentina,ARG,Firmat,Municipio,Local,2,Santa Fe,Firmat,20584,2022,0,0.01491505414950761,0.5265348139209,0.6313326328115474,0.8629796022561776,0.7543661590305779,0.6859270563147843,0.9972996361165396,0.04502870124412086,0.06629496348276914,0.02893934386762785,0.9737586040911782,0.22853556072993017,0.00165837479270315,0.02789084878637117,0.4702877245798141,0.8571408233224018,1,6681
ARG820420070,América del Sur,Argentina,ARG,Rufino,Municipio,Local,2,Santa Fe,Rufino,19211,2022,0,0.0162859845925125,0.4962397315746847,0.6312531370252635,0.8595358576164718,0.9822323462414578,0.7980258162490509,0.99832953682612,0.04241866881250718,0.06360985952822687,0.02618757612667478,0.9223993925588458,0.24922271314023892,0.00180601296079889,0.0077021140975247,0.4891419893697798,0.8648443432042521,1,6601
ARG820420077,América del Sur,Argentina,ARG,Venado Tuerto,Municipio,Local,2,Santa Fe,Venado Tuerto,82757,2022,0.9609127311490452,0.01635772582653202,0.44420685386303527,0.6113312364690985,0.8892386468563754,0.16195250029836497,0.7463102199944305,0.9986076301865776,0.04016264210438967,0.06394494186823467,0.02336338320668334,0.9488005728607232,0.21812891857558497,3.0174619209424e-4,0.02011203967306456,0.4722122767235549,0.8864621872140669,1,25185
ARG820420084,América del Sur,Argentina,ARG,Villa Cañás,Municipio,Local,2,Santa Fe,Villa Cañás,9817,2022,0,0.01746552856204859,0.44857719023078646,0.6091119181247937,0.8566688785666888,0.7929770992366413,0.5795419847328244,0.9978625954198472,0.03478653715834651,0.05799457994579946,0.01820294345468629,0.9254961832061068,0.22487394957983192,0.00136842105263157,0.01094736842105263,0.456793893129771,0.8793893129770992,1,3289
ARG820422574,América del Sur,Argentina,ARG,Aarón Castellanos,Comuna,Local,2,Santa Fe,Aarón Castellanos,422,2022,0,0.03947368421052631,0.25,0.51,0.85,0.14545454545454545,0.14545454545454548,0.990909090909091,0.02941176470588235,0.0784313725490196,0,0.6545454545454545,0.34615384615384615,0,0.00970873786407766,0.3090909090909091,0.8909090909090909,1,110
ARG820422581,América del Sur,Argentina,ARG,Amenábar,Comuna,Local,2,Santa Fe,Amenábar,1981,2022,0,0.01435750179468772,0.324582338902148,0.5839285714285715,0.8760469011725294,0.0175438596491228,0.4880382775119617,0.9968102073365231,0.03647058823529411,0.07339449541284404,0.01338432122370937,0.8787878787878788,0.26876876876876876,0.0059912854030501,0.00925925925925925,0.3843700159489633,0.9043062200956936,1,627
ARG820422588,América del Sur,Argentina,ARG,Cafferata,Comuna,Local,2,Santa Fe,Cafferata,1108,2022,0,0.01690821256038647,0.45516304347826086,0.6180698151950719,0.892578125,0.00904159132007233,0.5171790235081374,0.9981916817359856,0.02374670184696569,0.04651162790697674,0.0087527352297593,0.9023508137432188,0.23595505617977525,0.0032258064516129,0.01354838709677419,0.35804701627486435,0.7739602169981917,1,554
ARG820422602,América del Sur,Argentina,ARG,Carmen,Comuna,Local,2,Santa Fe,Carmen,1686,2022,0,0.01270903010033444,0.4228571428571429,0.546572934973638,0.8966101694915254,0.01834862385321101,0.5565749235474007,0.9969418960244648,0.03571428571428571,0.06430868167202572,0.01890359168241966,0.8608562691131498,0.2120689655172414,0.00579557428872497,0.01317175974710221,0.40978593272171254,0.8562691131498471,1,656
ARG820422609,América del Sur,Argentina,ARG,Carreras,Comuna,Local,2,Santa Fe,Carreras,1932,2022,0,0.01801801801801801,0.503448275862069,0.5693548387096774,0.8401976935749588,0.7614138438880707,0.32106038291605304,1,0.03244495944380069,0.0453257790368272,0.02352941176470588,0.9823269513991164,0.24346405228758172,0.00527704485488126,0.04221635883905013,0.406480117820324,0.8262150220913107,1,680
ARG820422616,América del Sur,Argentina,ARG,Chapuy,Comuna,Local,2,Santa Fe,Chapuy,874,2022,0,0.01606425702811245,0.3435374149659864,0.5288461538461539,0.9230769230769232,0,0.5098039215686274,1,0.03973509933774834,0.05454545454545454,0.03125,0.8627450980392157,0.27064220183486243,0,0.01490312965722801,0.38235294117647056,0.8872549019607843,1,206
ARG820422623,América del Sur,Argentina,ARG,Chovet,Comuna,Local,2,Santa Fe,Chovet,2133,2022,0,0.01398239254272397,0.45588235294117646,0.6273712737127372,0.8600543478260869,0.8799019607843137,0.5416666666666666,0.9975490196078431,0.03010948905109489,0.04103671706263499,0.02211690363349131,0.8970588235294118,0.18170266836086404,0.00207900207900207,0.01746361746361746,0.4325980392156863,0.8296568627450981,1,818
ARG820422630,América del Sur,Argentina,ARG,Christophersen,Comuna,Local,2,Santa Fe,Christophersen,889,2022,0,0.0291970802919708,0.2476489028213166,0.4545454545454546,0.823076923076923,0.6441947565543071,0.400749063670412,0.99250936329588,0.03236245954692556,0.03157894736842105,0.03271028037383177,0.8127340823970037,0.2420634920634921,0,0,0.3445692883895131,0.902621722846442,1,267
ARG820422637,América del Sur,Argentina,ARG,Diego de Alvear,Comuna,Local,2,Santa Fe,Diego de Alvear,2051,2022,0,0.0241773002014775,0.2756563245823389,0.5016778523489933,0.8071895424836601,0.22342064714946072,0.6240369799691833,0.9907550077041604,0.09205548549810844,0.16387959866220736,0.048582995951417,0.9060092449922958,0.2036697247706422,0.00149925037481259,0.00399800099950025,0.38212634822804314,0.8813559322033898,1,649
ARG820422644,América del Sur,Argentina,ARG,Elortondo,Comuna,Local,2,Santa Fe,Elortondo,5781,2022,0,0.01478858571131014,0.4631192660550459,0.6343163538873995,0.8758884636413341,0.9166278528178856,0.4233814625058221,0.9976711690731253,0.0355475763016158,0.05325443786982249,0.02247191011235955,0.9273404750815092,0.25182863113897597,0.00131212071510578,0.01230113170411677,0.4033535165346996,0.8556124825337681,1,2154
ARG820422651,América del Sur,Argentina,ARG,Hughes,Comuna,Local,2,Santa Fe,Hughes,4794,2022,0,0.01132686084142394,0.384304932735426,0.6460932370321734,0.8722044728434505,0.9570707070707072,0.6041666666666666,0.9987373737373736,0.03788846317581949,0.05386178861788618,0.02637362637362637,0.918560606060606,0.164519906323185,0.00270833333333333,0.00979166666666666,0.4488636363636363,0.9046717171717172,1,1589
ARG820422658,América del Sur,Argentina,ARG,La Chispa,Comuna,Local,2,Santa Fe,La Chispa,569,2022,0,0.03987730061349693,0.2857142857142857,0.46875,0.9064748201438848,0.02068965517241379,0.5724137931034482,1,0.04838709677419355,0.08333333333333333,0.03174603174603174,0.7602739726027398,0.2335766423357664,0.00230414746543778,0.00230414746543778,0.33793103448275863,0.8689655172413793,1,146
ARG820422665,América del Sur,Argentina,ARG,Labordeboy,Comuna,Local,2,Santa Fe,Labordeboy,1158,2022,0,0.01983663943990665,0.39183673469387753,0.5745341614906833,0.850828729281768,0.8503937007874016,0.6692913385826772,0.9973753280839894,0.06288032454361055,0.0972972972972973,0.04220779220779221,0.9186351706036744,0.2,0.00291828793774319,0.01556420233463035,0.3438320209973753,0.7952755905511811,1,384
ARG820422672,América del Sur,Argentina,ARG,Lazzarino,Comuna,Local,2,Santa Fe,Lazzarino,449,2022,0,0.04531722054380664,0.07035175879396985,0.3937007874015748,0.8553459119496856,0.02877697841726619,0.36690647482014394,0.9784172661870504,0.04838709677419355,0.1,0.02941176470588235,0.7913669064748201,0.25153374233128833,0,0,0.1942446043165468,0.920863309352518,1,139
ARG820422679,América del Sur,Argentina,ARG,Maggiolo,Comuna,Local,2,Santa Fe,Maggiolo,2068,2022,0,0.01662404092071611,0.34572072072072074,0.5800316957210776,0.9117174959871588,0.3434343434343434,0.5122655122655122,0.9956709956709956,0.04389721627408993,0.07650273224043716,0.02288732394366197,0.8672438672438673,0.2855227882037533,0.00145914396887159,0.02042801556420233,0.3564213564213564,0.8946608946608947,1,695
ARG820422686,América del Sur,Argentina,ARG,María Teresa,Comuna,Local,2,Santa Fe,María Teresa,4074,2022,0,0.02280237937871778,0.375858123569794,0.5642915642915642,0.868595041322314,0.7298720842738902,0.4296463506395786,0.9947328818660648,0.02471264367816092,0.03918722786647315,0.01522359657469077,0.8796087283671934,0.22745735174654752,0.0015224562293834,0.0104034509007866,0.44469525959367945,0.8961625282167043,1,1334
ARG820422693,América del Sur,Argentina,ARG,Melincué,Comuna,Local,2,Santa Fe,Melincué,2406,2022,0,0.00993377483443708,0.5176589303733602,0.7093889716840537,0.8571428571428571,0.7784891165172856,0.5249679897567221,0.998719590268886,0.01923076923076923,0.02521008403361344,0.01418439716312056,0.942381562099872,0.35031847133757965,0.00488454706927175,0.02975133214920071,0.4058898847631242,0.8540332906530089,1,789
ARG820422700,América del Sur,Argentina,ARG,Miguel Torres,Comuna,Local,2,Santa Fe,Miguel Torres,507,2022,0,0.02710843373493976,0.24352331606217617,0.424,0.87248322147651,0.6323529411764706,0.463235294117647,1,0.0273224043715847,0.07547169811320754,0.00769230769230769,0.8529411764705882,0.21621621621621623,0,0,0.2058823529411765,0.8823529411764706,1,136
ARG820422707,América del Sur,Argentina,ARG,Murphy,Comuna,Local,2,Santa Fe,Murphy,4039,2022,0,0.01132075471698113,0.43640350877192985,0.6011854360711262,0.8766233766233766,0.9500805152979066,0.7061191626409018,0.999194847020934,0.03016759776536312,0.04507042253521127,0.02037037037037037,0.9541062801932368,0.18203125,7.8451882845188e-4,0.02353556485355648,0.4573268921095008,0.9162640901771336,1,1242
ARG820422714,América del Sur,Argentina,ARG,San Eduardo,Comuna,Local,2,Santa Fe,San Eduardo,1156,2022,0,0.01233183856502242,0.3060796645702306,0.5045592705167173,0.8753462603878116,0.00987654320987654,0.5481481481481482,0.9901234567901234,0.03319502074688797,0.04819277108433735,0.02531645569620253,0.7555555555555555,0.245014245014245,0.00177619893428063,0.01953818827708703,0.3160493827160494,0.8197530864197531,1,406
ARG820422721,América del Sur,Argentina,ARG,San Francisco de Santa Fe,Comuna,Local,2,Santa Fe,San Francisco de Santa Fe,313,2022,0,0.03550295857988166,0.25287356321839083,0.5,0.8863636363636364,0.03311258278145695,0.4304635761589404,0.933774834437086,0.05747126436781609,0.15789473684210523,0.00854700854700854,0.6556291390728477,0.21138211382113825,0,0.00954653937947494,0.2847682119205298,0.7152317880794702,1,151
ARG820422728,América del Sur,Argentina,ARG,San Gregorio,Comuna,Local,2,Santa Fe,San Gregorio,5543,2022,0,0.02818489289740699,0.404265873015873,0.6190476190476191,0.871994342291372,0.8596601636249214,0.5292636878539962,0.9981120201384518,0.04230038022813688,0.06084959816303099,0.0291970802919708,0.9005663939584645,0.22798948751642575,0.00322234156820623,0.00773361976369495,0.4008810572687225,0.8458149779735683,1,1594
ARG820422735,América del Sur,Argentina,ARG,Sancti Spiritu,Comuna,Local,2,Santa Fe,Sancti Spiritu,3732,2022,0,0.01820091004550227,0.34601873536299765,0.5839929639401935,0.8813972380178716,0.02901960784313725,0.4337254901960785,0.9952941176470588,0.03887935963407661,0.07078313253012049,0.01935483870967742,0.8737254901960785,0.2218798151001541,0.00182576943140323,0.0054773082942097,0.3349019607843137,0.8698039215686274,1,1277
ARG820422742,América del Sur,Argentina,ARG,Santa Isabel,Comuna,Local,2,Santa Fe,Santa Isabel,4733,2022,0,0.02127659574468085,0.4036740461610928,0.6055944055944056,0.890485968514716,0.7606177606177607,0.4845559845559846,0.9967824967824968,0.04983848638670973,0.07967667436489607,0.02997694081475788,0.9208494208494208,0.22646477946017116,4.3057050592034e-4,0.01593110871905274,0.39768339768339767,0.879021879021879,1,1558
ARG820422749,América del Sur,Argentina,ARG,Teodelina,Comuna,Local,2,Santa Fe,Teodelina,6652,2022,0,0.02278129952456418,0.43257261410788383,0.5958291956305859,0.8751274209989807,0.6873051224944321,0.4939866369710467,0.9964365256124722,0.03359616043880699,0.04833333333333333,0.023296447291788,0.9371937639198218,0.2447891420261755,0.00263525034878313,0.01147108975352658,0.4133630289532294,0.8926503340757238,1,2251
ARG820422756,América del Sur,Argentina,ARG,Wheelwright,Comuna,Local,2,Santa Fe,Wheelwright,6143,2022,0,0.01605169897852824,0.42101501072194425,0.6528205128205128,0.8600212089077413,0.9258898098488542,0.651389566065334,0.9990248659190638,0.03246977547495682,0.04477611940298507,0.02281134401972873,0.9336908824963432,0.1854043392504931,0.00248426631334879,0.00712156343159986,0.4251584592881521,0.908824963432472,1,2056
ARG820490091,América del Sur,Argentina,ARG,Avellaneda,Municipio,Local,2,Santa Fe,Avellaneda,29304,2022,0.8948027399859915,0.02917341977309562,0.41514093502512134,0.5337065269175798,0.8122945830797322,0.9297854555586514,0.7748676511563111,0.9763165227082752,0.06580598888291196,0.1019861638027226,0.04151056496328488,0.8742164646886753,0.19348778960551033,0.0017307026652821,0.0056920887658167,0.4148787963220953,0.8828364446921148,1,7187
ARG820490095,América del Sur,Argentina,ARG,Florencia,Municipio,Local,2,Santa Fe,Florencia,7439,2022,0,0.06497442697480584,0.2913596784996651,0.36046511627906974,0.6214953271028038,0.8572149344096872,0.5484359233097881,0.8915237134207871,0.15043478260869564,0.18876941457586616,0.12850307587149692,0.7956609485368314,0.3293172690763052,0.00420864685626833,0.01543170513965055,0.1992936427850656,0.8218970736629667,1,1985
ARG820490098,América del Sur,Argentina,ARG,Las Toscas,Municipio,Local,2,Santa Fe,Las Toscas,14212,2022,0,0.03913728341209257,0.33764728607301525,0.4962825278810409,0.7910365686004949,0.9080848447586845,0.6142022748232401,0.9348293882569936,0.04846186262115466,0.06955591225254147,0.03475842891901286,0.9043959422071932,0.2281511393135275,0.00361101780315754,0.04333221363789049,0.3074085459575776,0.8263141715339687,1,3260
ARG820490105,América del Sur,Argentina,ARG,Malabrigo,Municipio,Local,2,Santa Fe,Malabrigo,8724,2022,0,0.02752962625341841,0.48841519925857274,0.4888316151202749,0.7775368603642672,0.9098890942698706,0.7296672828096118,0.9884473197781886,0.0453770044353463,0.06678383128295255,0.03179029559397657,0.9038817005545288,0.3024193548387097,0.00176702460241946,0.00652439853201033,0.40249537892791126,0.8544362292051756,1,2167
ARG820490112,América del Sur,Argentina,ARG,Reconquista,Municipio,Local,2,Santa Fe,Reconquista,87965,2022,0.974811130769223,0.02696045672388444,0.45225004482161,0.5686371915880113,0.8215376324770972,0.6859633331754229,0.753327964375385,0.9842247382633,0.06394005619731502,0.08867210250436808,0.04537006668853176,0.9775924960917144,0.26578580737944363,0.00124098242168855,0.01343261192706841,0.4238950210810555,0.8677341418352361,1,21143
ARG820490119,América del Sur,Argentina,ARG,Villa Ocampo,Municipio,Local,2,Santa Fe,Villa Ocampo,20927,2022,0,0.0438431486036753,0.35949782940279246,0.4736147757255937,0.7364864864864865,0.8230416372618208,0.652258292166549,0.9269583627381792,0.08420907079646017,0.108983286908078,0.06788990825688074,0.8218066337332393,0.2899350009848336,0.00226649799704828,0.00458570524984187,0.2934015525758645,0.8181016231474947,1,5680
ARG820492763,América del Sur,Argentina,ARG,Arroyo Ceibal,Comuna,Local,2,Santa Fe,Arroyo Ceibal,1490,2022,0,0.04641775983854692,0.35535714285714287,0.41935483870967744,0.7302325581395349,0.5646437994722955,0.662269129287599,0.9234828496042216,0.15113871635610765,0.2307692307692308,0.10828025477707008,0.6596306068601583,0.26567164179104474,0,0.00842266462480857,0.2691292875989446,0.8759894459102903,1,379
ARG820492770,América del Sur,Argentina,ARG,Berna,Comuna,Local,2,Santa Fe,Berna,923,2022,0,0.05506216696269982,0.19753086419753085,0.3235294117647059,0.7183673469387755,0.8201754385964912,0.2850877192982456,0.9210526315789472,0.07509881422924901,0.09090909090909093,0.06818181818181818,0.631578947368421,0.25287356321839083,0.01930036188178528,0.2147165259348613,0.18859649122807015,0.7850877192982456,1,228
ARG820492777,América del Sur,Argentina,ARG,El Araza,Comuna,Local,2,Santa Fe,El Araza,778,2022,0,0.0367504835589942,0.25249169435215946,0.392156862745098,0.7757847533632287,0.8009259259259259,0.8240740740740741,0.9814814814814816,0.1660079051383399,0.2125,0.14450867052023122,0.7824074074074074,0.2662337662337662,0.00434782608695652,0.00869565217391304,0.21296296296296297,0.8935185185185185,1,216
ARG820492784,América del Sur,Argentina,ARG,El Rabón,Comuna,Local,2,Santa Fe,El Rabón,1440,2022,0,0.07076205287713841,0.2549800796812749,0.3618181818181818,0.7735191637630662,0.6972111553784861,0.4442231075697211,0.8904382470119522,0.02954898911353032,0.04020100502512563,0.02477477477477477,0.6772908366533864,0.2532751091703057,0,0.01362683438155136,0.20318725099601595,0.8147410358565738,1,502
ARG820492791,América del Sur,Argentina,ARG,El Sombrerito,Comuna,Local,2,Santa Fe,El Sombrerito,739,2022,0,0.08574879227053141,0.13901345291479822,0.23323615160349853,0.5813953488372093,0.20972644376899696,0.3829787234042553,0.7234042553191489,0.05,0.075,0.04,0,0.2476190476190476,8.4602368866328e-4,8.4602368866328e-4,0.05167173252279635,0.8601823708206687,1,329
ARG820492805,América del Sur,Argentina,ARG,Guadalupe Norte,Comuna,Local,2,Santa Fe,Guadalupe Norte,1684,2022,0,0.03748621830209481,0.3678571428571429,0.5463917525773195,0.8451776649746193,0.6385224274406333,0.5224274406332454,0.9445910290237468,0.03119266055045871,0.0330188679245283,0.03003003003003003,0.8073878627968337,0.17966903073286053,0.0071033938437253296,0.08997632202052092,0.35092348284960423,0.8759894459102903,1,379
ARG820492808,América del Sur,Argentina,ARG,Hardy,Comuna,Local,2,Santa Fe,Hardy,1081,2022,0,NA,NA,NA,NA,NA,NA,NA,NA,NA,NA,NA,NA,NA,NA,NA,NA,0,NA
ARG820492812,América del Sur,Argentina,ARG,Ingeniero Chanourdie,Comuna,Local,2,Santa Fe,Ingeniero Chanourdie,984,2022,0,0.08538163001293661,0.22075055187637968,0.3344155844155844,0.6323119777158774,0.4983164983164983,0.3468013468013468,0.7407407407407408,0.13636363636363635,0.2524271844660194,0.08370044052863436,0.3434343434343434,0.24630541871921183,0.00279589934762348,0.00279589934762348,0.15824915824915825,0.835016835016835,1,297
ARG820492819,América del Sur,Argentina,ARG,La Sarita,Comuna,Local,2,Santa Fe,La Sarita,1491,2022,0,0.04497991967871486,0.19889502762430936,0.40289256198347106,0.8240418118466899,0.464818763326226,0.42857142857142855,0.906183368869936,0.06137724550898203,0.08717948717948718,0.0507399577167019,0.4669509594882729,0.21445221445221443,0,0.00577367205542725,0.18976545842217485,0.8486140724946695,1,469
ARG820492826,América del Sur,Argentina,ARG,Lanteri,Comuna,Local,2,Santa Fe,Lanteri,2570,2022,0,0.0537280701754386,0.2831267874165872,0.38976377952755903,0.7235668789808917,0.647887323943662,0.4140845070422535,0.8619718309859155,0.08786127167630058,0.11784511784511784,0.0721830985915493,0.5225352112676056,0.26218487394957984,0.00232828870779976,0.00659681800543267,0.2563380281690141,0.8464788732394366,1,712
ARG820492833,América del Sur,Argentina,ARG,Las Garzas,Comuna,Local,2,Santa Fe,Las Garzas,1704,2022,0,0.0836092715231788,0.2466765140324963,0.396584440227704,0.7304015296367112,0.6553911205073996,0.3763213530655391,0.8414376321353064,0.08629441624365482,0.0861244019138756,0.08638743455497382,0.7251585623678647,0.2764578833693304,5.6689342403628e-4,0.01077097505668934,0.18816067653276955,0.8562367864693446,1,473
ARG820492840,América del Sur,Argentina,ARG,Los Laureles,Comuna,Local,2,Santa Fe,Los Laureles,1491,2022,0,0.05933014354066986,0.22128378378378377,0.3870967741935484,0.8747252747252747,0.6382978723404256,0.41607565011820336,0.9645390070921986,0.08480565371024736,0.14285714285714285,0.06030150753768844,0.6359338061465721,0.1748768472906404,6.578947368421e-4,0.16381578947368422,0.1867612293144208,0.8486997635933806,1,423
ARG820492847,América del Sur,Argentina,ARG,Nicanor Molinas,Comuna,Local,2,Santa Fe,Nicanor Molinas,548,2022,0,0.2097902097902098,0.2204968944099379,0.40948275862068967,0.8089430894308943,0.19069767441860463,0.4976744186046512,0.9069767441860463,0.04761904761904761,0.09473684210526316,0.02512562814070352,0.12063492063492064,0.23039215686274508,0.00183234081539166,0.00366468163078332,0.20465116279069767,0.8697674418604651,1,315
ARG820492854,América del Sur,Argentina,ARG,San Antonio de Obligado,Comuna,Local,2,Santa Fe,San Antonio de Obligado,3155,2022,0,0.05013192612137203,0.19712351945854484,0.3192261185006046,0.7286995515695067,0.9499323410013532,0.5087956698240865,0.9485791610284168,0.0700218818380744,0.14393939393939395,0.04,0.8768606224627875,0.21339563862928349,0.00493305144467935,0.01198026779422128,0.17726657645466848,0.803788903924222,1,740
ARG820492861,América del Sur,Argentina,ARG,Tacuarendi,Comuna,Local,2,Santa Fe,Tacuarendi,1644,2022,0,0.05890804597701149,0.18442932728647016,0.34591194968553457,0.7011375387797312,0.8666666666666667,0.49642857142857144,0.8976190476190476,0.1388888888888889,0.19696969696969696,0.11061946902654868,0.7571428571428571,0.23259052924791085,0.00129912309191295,0.01071776550828191,0.19166666666666668,0.8226190476190476,1,840
ARG820492868,América del Sur,Argentina,ARG,Villa Ana,Comuna,Local,2,Santa Fe,Villa Ana,3323,2022,0,0.06388308977035491,0.30185979971387694,0.3984891406987725,0.7613967022308439,0.8484270734032412,0.449952335557674,0.8970448045757865,0.04142502071251035,0.07345971563981042,0.02420382165605095,0.44804575786463297,0.3145258103241297,2.929115407147e-4,0.00527240773286467,0.14680648236415633,0.8379408960915157,1,1050
ARG820492875,América del Sur,Argentina,ARG,Villa Guillermina,Comuna,Local,2,Santa Fe,Villa Guillermina,3917,2022,0,0.05330937406409104,0.3028747433264887,0.34212305611899935,0.6918282548476454,0.9026946107784432,0.6467065868263473,0.932634730538922,0.06312292358803986,0.08893280632411067,0.05005005005005005,0.8787425149700598,0.31888246628131023,0.00140958517921868,0.00322190898107128,0.2148203592814371,0.8158682634730539,1,1341
ARG820560126,América del Sur,Argentina,ARG,Cañada de Gómez,Municipio,Local,2,Santa Fe,Cañada de Gómez,32108,2022,0,0.00989303682408151,0.5234971118876132,0.6363164990148295,0.8801563178462875,0.966864739651526,0.9219458152885488,0.9982878436902004,0.04380791912384162,0.06616688396349413,0.02688702516033547,0.958102527948434,0.21959782955633575,0.00224651287553648,0.00918723175965665,0.4981367710746299,0.8536609930506597,1,9956
ARG820560133,América del Sur,Argentina,ARG,Totoras,Municipio,Local,2,Santa Fe,Totoras,11683,2022,0,0.01654729562855026,0.4529508873297565,0.5787413429689853,0.872809667673716,0.8906882591093118,0.8860613071139387,0.9904569115095432,0.03284140511328206,0.05306971904266389,0.01938386985115957,0.917895345475571,0.19190031152647977,0.00116595413913719,0.00446949086669257,0.4621168305378832,0.8713128976286871,1,3460
ARG820562882,América del Sur,Argentina,ARG,Bustinza,Comuna,Local,2,Santa Fe,Bustinza,1343,2022,0,0.01991701244813278,0.45545977011494254,0.582089552238806,0.9038854805725972,0.8133333333333332,0.7104761904761904,0.9866666666666668,0.02097902097902098,0.04395604395604396,0.00678733031674208,0.84,0.19848771266540643,0,0.00195822454308093,0.4247619047619048,0.7961904761904762,1,526
ARG820562889,América del Sur,Argentina,ARG,Carrizales,Comuna,Local,2,Santa Fe,Carrizales,1206,2022,0,0.04396728016359918,0.2922794117647059,0.5027932960893855,0.8575129533678757,0.7526881720430108,0.4059139784946236,0.9865591397849462,0.03718199608610567,0.05555555555555555,0.02719033232628398,0.8521505376344086,0.2753246753246753,0,0.008058017727639,0.32526881720430106,0.8172043010752689,1,375
ARG820562896,América del Sur,Argentina,ARG,Classon,Comuna,Local,2,Santa Fe,Classon,924,2022,0,0.01649746192893401,0.2466793168880455,0.5465465465465466,0.9086021505376344,0.5538461538461539,0.5046153846153846,0.996923076923077,0.02884615384615384,0.04945054945054945,0.01775147928994083,0.4676923076923077,0.1520618556701031,0,0.0062111801242236,0.4307692307692308,0.913846153846154,1,329
ARG820562903,América del Sur,Argentina,ARG,Correa,Comuna,Local,2,Santa Fe,Correa,6212,2022,0,0.01656050955414012,0.4483882651213328,0.5488058151609554,0.8520833333333333,0.9579439252336448,0.6630321910695742,1,0.06498329001113999,0.10406811731315042,0.03973105134474328,0.8785046728971962,0.243228602383532,0.00166112956810631,0.00664451827242524,0.39511941848390447,0.8561786085150571,1,1933
ARG820562910,América del Sur,Argentina,ARG,Lucio V. López,Comuna,Local,2,Santa Fe,Lucio V. López,505,2022,0,0.04267161410018553,0.30990415335463256,0.5097087378640777,0.7705627705627706,0.5575221238938053,0.415929203539823,0.9823008849557522,0.08833922261484099,0.1619047619047619,0.0449438202247191,0.7433628318584071,0.19597989949748745,0,0,0.26991150442477874,0.7566371681415929,1,227
ARG820562917,América del Sur,Argentina,ARG,Oliveros,Comuna,Local,2,Santa Fe,Oliveros,5665,2022,0.1964161498104149,0.05318852687273739,0.5137120470127327,0.6410998552821997,0.8896746817538896,0.7910662824207493,0.5734870317002883,0.9906340057636888,0.05830223880597015,0.08126410835214447,0.04213036565977742,0.94164265129683,0.32205778717406625,0.00212901852246114,0.00936768149882904,0.4092219020172911,0.8501440922190202,1,1394
ARG820562924,América del Sur,Argentina,ARG,Pueblo Andino,Comuna,Local,2,Santa Fe,Pueblo Andino,4138,2022,0.9853042963516062,0.01570680628272251,0.4824723247232473,0.5916666666666667,0.8485675306957708,0.6666666666666666,0.697350069735007,0.99721059972106,0.05438931297709924,0.08450704225352113,0.03376205787781351,0.9428172942817294,0.2592067988668555,0.00404312668463611,0.00808625336927223,0.3640167364016737,0.8577405857740585,1,717
ARG820562931,América del Sur,Argentina,ARG,Salto Grande,Comuna,Local,2,Santa Fe,Salto Grande,2529,2022,0,0.0143014301430143,0.4463054187192118,0.5483405483405484,0.855755894590846,0.768918918918919,0.8135135135135135,0.9905405405405404,0.04212637913741224,0.08157894736842106,0.01782820097244732,0.7972972972972973,0.21221864951768488,0.00275103163686382,0.01192113709307657,0.47702702702702704,0.8148648648648649,1,744
ARG820562938,América del Sur,Argentina,ARG,Serodino,Comuna,Local,2,Santa Fe,Serodino,4089,2022,0,0.02626908058217962,0.39177750906892383,0.5765529308836396,0.8632404181184669,0.9250645994832042,0.5073212747631352,0.992248062015504,0.04,0.06980273141122914,0.0201816347124117,0.9138673557278209,0.24820788530465948,0.0019047619047619,0.00680272108843537,0.35486649440137813,0.8329026701119724,1,1162
ARG820562945,América del Sur,Argentina,ARG,Villa Eloísa,Comuna,Local,2,Santa Fe,Villa Eloísa,3234,2022,0,0.01285046728971962,0.44294395678595544,0.5967413441955194,0.8854886475814413,0.9096545615589016,0.650132860938884,0.9982285208148804,0.03978422117329737,0.06655290102389079,0.02229654403567447,0.9007971656333038,0.23161361141602635,3.1806615776081e-4,0.00636132315521628,0.4534986713906112,0.8228520814880426,1,1130
ARG820630140,América del Sur,Argentina,ARG,Laguna Paiva,Municipio,Local,2,Santa Fe,Laguna Paiva,13647,2022,0,0.01820336062042223,0.5549165120593692,0.561699948796723,0.7699428260277702,0.9462283384301732,0.6783893985728848,0.9966870540265036,0.06272401433691756,0.09161349134001824,0.04031117397454031,0.9673802242609582,0.4971526195899773,0.00329741032652404,0.00932925848479974,0.3761467889908257,0.8221202854230377,1,3928
ARG820630142,América del Sur,Argentina,ARG,Recreo,Municipio,Local,2,Santa Fe,Recreo,19248,2022,0.9581865964551888,0.02831268866451546,0.4006195988912441,0.5093607305936073,0.8383720930232558,0.5874035989717223,0.4,0.98560411311054,0.08156271418779987,0.13850291349170776,0.04632454923717059,0.8462724935732647,0.29698123470220283,0.00261856270002909,0.07353796915915042,0.34138817480719796,0.8650385604113111,1,3890
ARG820630143,América del Sur,Argentina,ARG,San José del Rincón,Municipio,Local,2,Santa Fe,San José del Rincón,14405,2022,0.9390994645677986,0.02030319436924742,0.5575708171999185,0.6715524977565062,0.854606672788491,0.5816655907036797,0.36701097482246614,0.998063266623628,0.05777248362120309,0.07305122494432072,0.04548710601719197,0.9703034215622982,0.3906962602614776,0.00323085960446446,0.01772077540630507,0.46126533247256296,0.9018721755971596,1,3101
ARG820630147,América del Sur,Argentina,ARG,Santa Fe,Municipio,Local,2,Santa Fe,Santa Fe,403878,2022,0.994876659105144,0.016095255590254,0.5804583678979814,0.6231560259679688,0.8017548602747806,0.929062168351673,0.7103917140782471,0.9980370408790228,0.08963979170010128,0.1175426736521886,0.06602086590437653,0.9611972684919268,0.35734396170969046,0.00326007260955493,0.01570416299855643,0.5279961059997925,0.857605668642925,1,125541
ARG820630154,América del Sur,Argentina,ARG,Santo Tomé,Municipio,Local,2,Santa Fe,Santo Tomé,75272,2022,0.9103288887266108,0.01006619733109173,0.6026247418559723,0.6299018422706832,0.8339615155723071,0.871953133172926,0.7518045820692542,0.9979077309341982,0.07304895620413497,0.09902510171182928,0.05292578496669838,0.9773511873626948,0.3531889931740615,0.01200430761434182,0.01628024832129735,0.5281933256616801,0.8579349304320536,1,19139
ARG820632952,América del Sur,Argentina,ARG,Arroyo Aguiar,Comuna,Local,2,Santa Fe,Arroyo Aguiar,1649,2022,0,0.03076923076923077,0.3580060422960725,0.4821052631578947,0.7720430107526882,0.6312217194570136,0.42760180995475106,0.9411764705882352,0.02210884353741496,0.02620087336244541,0.01949860724233983,0.8031674208144797,0.2883116883116883,0.0060893098782138,0.03450608930987822,0.27149321266968324,0.8461538461538461,1,442
ARG820632959,América del Sur,Argentina,ARG,Arroyo Leyes,Comuna,Local,2,Santa Fe,Arroyo Leyes,5126,2022,0.13649638169465494,0.02397105382180009,0.4420289855072464,0.601823708206687,0.8756371049949032,0.02317880794701986,0.33885209713024284,0.9889624724061812,0.04267033723331039,0.06902356902356903,0.02444703143189755,0.9304635761589404,0.3483386923901393,0.00560131795716639,0.02108731466227347,0.3057395143487859,0.9017660044150112,1,906
ARG820632966,América del Sur,Argentina,ARG,Cabal,Comuna,Local,2,Santa Fe,Cabal,193,2022,0,0.00595238095238095,0.41836734693877553,0.578125,0.9076923076923076,0.32,0.5066666666666667,1,0,0,0,0,0.19230769230769232,0.02912621359223301,0.02912621359223301,0.32,0.92,1,75
ARG820632973,América del Sur,Argentina,ARG,Campo Andino,Comuna,Local,2,Santa Fe,Campo Andino,438,2022,0,0.05352112676056338,0.19444444444444445,0.5782312925170068,0.8205128205128205,0.546583850931677,0.5403726708074534,0.9813664596273292,0.01877934272300469,0.04705882352941176,0,0,0.33064516129032256,0.00198412698412698,0.01587301587301587,0.17391304347826086,0.7577639751552795,1,161
ARG820632980,América del Sur,Argentina,ARG,Candioti,Comuna,Local,2,Santa Fe,Candioti,1185,2022,0,0.01756587202007528,0.3815261044176707,0.5197568389057751,0.8371428571428572,0.8211143695014663,0.4017595307917888,0.9882697947214076,0.05603448275862069,0.11695906432748536,0.0204778156996587,0.7595307917888563,0.17687074829931973,0,0.01432664756446991,0.3255131964809384,0.8035190615835777,1,341
ARG820632987,América del Sur,Argentina,ARG,Emilia,Comuna,Local,2,Santa Fe,Emilia,1041,2022,0,0.01126408010012515,0.5124481327800829,0.450920245398773,0.8414634146341463,0.8411214953271028,0.4953271028037383,1,0.02127659574468085,0.04761904761904761,0.0072463768115942,0.6822429906542056,0.2901960784313725,0,0.00689655172413793,0.43302180685358255,0.8722741433021807,1,321
ARG820632994,América del Sur,Argentina,ARG,Llambí Campbell,Comuna,Local,2,Santa Fe,Llambí Campbell,2758,2022,0,0.01457574180114523,0.48776223776223776,0.5433962264150943,0.8470290771175727,0.85844155844155845,0.5987012987012987,0.9948051948051948,0.02813067150635208,0.04861111111111111,0.01492537313432835,0.9142857142857144,0.26190476190476186,0.00396353547364248,0.00237812128418549,0.4844155844155844,0.8662337662337662,1,770
ARG820633001,América del Sur,Argentina,ARG,Monte Vera,Comuna,Local,2,Santa Fe,Monte Vera,9976,2022,0.8907890396691899,0.03732089303565478,0.3619714516563426,0.5921356977640709,0.8708571428571429,0.7043590850237376,0.45878290893396634,0.9943892965041,0.04892726321297749,0.083984375,0.02537182852143482,0.9067760034527406,0.2736459175424414,0.0013273802341016,0.02690961747315071,0.33059991368148467,0.8575744497194648,1,2320
ARG820633008,América del Sur,Argentina,ARG,Nelson,Comuna,Local,2,Santa Fe,Nelson,5071,2022,0,0.01490019679505201,0.4364368845120859,0.5216819973718791,0.826735885788449,0.8681102362204725,0.5748031496062993,0.989501312335958,0.04352030947775628,0.06675062972292191,0.02904238618524332,0.8655737704918033,0.23895727733526428,0.00506008855154965,0.0065359477124183,0.35761154855643046,0.85498687664042,1,1525
ARG820633029,América del Sur,Argentina,ARG,Sauce Viejo,Municipio,Local,2,Santa Fe,Sauce Viejo,14372,2022,0.7622466648630675,0.01485402082977633,0.4870162932790224,0.5854320030995738,0.8464730290456431,0.30445246690734057,0.4769354191736863,0.9947853991175292,0.0673768308921438,0.10787557908669757,0.04010695187165775,0.9695146409947852,0.3065217391304348,0.00222579448497588,0.01780635587980709,0.40954673084636983,0.8989169675090253,1,2494
ARG820700161,América del Sur,Argentina,ARG,Esperanza,Municipio,Local,2,Santa Fe,Esperanza,46753,2022,0,0.00955572102258625,0.5258629314657328,0.6069600818833163,0.8222012487294903,0.9486126126126126,0.7778738738738739,0.9963963963963964,0.05273347939063535,0.07504215851602024,0.03637969094922737,0.9753513513513512,0.2093873818957635,0.00230705196812938,0.01553097871328338,0.5134414414414414,0.8738018018018018,1,13909
ARG820700168,América del Sur,Argentina,ARG,San Carlos Centro,Municipio,Local,2,Santa Fe,San Carlos Centro,12314,2022,0,0.0091491308325709,0.5299256505576209,0.6294052863436124,0.8711727325245523,0.952656496580747,0.7456601788532351,0.9973698053655972,0.03338362881931347,0.05249343832020997,0.01889920424403183,0.9647553918990004,0.21043427572136403,0.00135672937771345,0.01085383502170767,0.4618621778011573,0.8640189374013677,1,3813
ARG820700171,América del Sur,Argentina,ARG,San Jerónimo Norte,Municipio,Local,2,Santa Fe,San Jerónimo Norte,7312,2022,0,0.00459682053246504,0.5318241469816273,0.6068965517241379,0.879110251450677,0.947945205479452,0.908675799086758,0.9995433789954338,0.01836065573770491,0.03003246753246753,0.01045104510451045,0.9452054794520548,0.19637305699481863,0.00432432432432432,0.01389961389961389,0.4461187214611872,0.8397260273972603,1,2193
ARG820703036,América del Sur,Argentina,ARG,Cavour,Comuna,Local,2,Santa Fe,Cavour,402,2022,0,0.01239669421487603,0.19375,0.5544554455445545,0.912280701754386,0.0099009900990099,0.405940594059406,1,0.0125,0.03571428571428571,0,0.5346534653465347,0.18867924528301888,0,0,0.3465346534653465,0.9405940594059404,1,101
ARG820703043,América del Sur,Argentina,ARG,San José,Comuna,Local,2,Santa Fe,San José,279,2022,0,0.03676470588235294,0.1952662721893491,0.5573770491803278,0.8770491803278688,0.00934579439252336,0.205607476635514,0.97196261682243,0.04571428571428571,0.10294117647058824,0.00934579439252336,0.14953271028037382,0.14529914529914528,0.0026595744680851,0.00531914893617021,0.3364485981308411,0.8504672897196262,1,107
ARG820703050,América del Sur,Argentina,ARG,Cululú,Comuna,Local,2,Santa Fe,Cululú,285,2022,0,0.00349650349650349,0.16393442622950818,0.5132743362831859,0.917910447761194,0.4297520661157025,0.4380165289256198,0.9834710743801652,0.04972375690607734,0.06896551724137931,0.04065040650406504,0,0.09917355371900828,0,0.0108695652173913,0.30578512396694213,0.9008264462809916,1,121
ARG820703057,América del Sur,Argentina,ARG,Elisa,Comuna,Local,2,Santa Fe,Elisa,1828,2022,0,0.0088560885608856,0.4649122807017544,0.6167883211678832,0.8711985688729875,0.05272108843537415,0.5136054421768708,0.9965986394557824,0.02909090909090909,0.04437869822485207,0.01848049281314168,0.8758503401360545,0.21756487025948104,0.00231749710312862,0.00521436848203939,0.42346938775510207,0.8792517006802721,1,589
ARG820703064,América del Sur,Argentina,ARG,Empalme San Carlos,Comuna,Local,2,Santa Fe,Empalme San Carlos,343,2022,0.1078674312156542,0.02040816326530612,0.2037037037037037,0.6880733944954128,0.9345794392523364,0,0.49999999999999994,0.9901960784313724,0.02285714285714285,0.04,0.01,0.3431372549019608,0.11504424778761062,0.00280112044817927,0.01680672268907563,0.22549019607843135,0.9705882352941176,1,102
ARG820703071,América del Sur,Argentina,ARG,Felicia,Comuna,Local,2,Santa Fe,Felicia,3155,2022,0,0.00989554700384826,0.3514285714285714,0.6070921985815603,0.8796680497925311,0.796875,0.7591145833333335,0.9921875,0.0206766917293233,0.03504672897196261,0.0110062893081761,0.7903645833333334,0.1896067415730337,0,0.0034767492394611,0.4010416666666667,0.8567708333333334,1,770
ARG820703078,América del Sur,Argentina,ARG,Franck,Comuna,Local,2,Santa Fe,Franck,6406,2022,0,0.00828661954667316,0.45317220543806647,0.5965714285714285,0.9070567986230637,0.9512614678899084,0.8629587155963302,0.9994266055045872,0.04533333333333334,0.07854406130268199,0.02340290955091714,0.9432339449541284,0.15538057742782152,0.0014521691777092,0.00562715556362316,0.5057339449541285,0.8927752293577982,1,1750
ARG820703085,América del Sur,Argentina,ARG,Grutly,Comuna,Local,2,Santa Fe,Grutly,875,2022,0,0.00988700564971751,0.3,0.4982578397212544,0.8571428571428571,0.5794701986754967,0.5430463576158939,0.9966887417218544,0.01965601965601965,0.04195804195804196,0.00757575757575757,0.7086092715231788,0.1758957654723127,0.00536480686695279,0.02360515021459227,0.4039735099337749,0.847682119205298,1,302
ARG820703092,América del Sur,Argentina,ARG,Hipatía,Comuna,Local,2,Santa Fe,Hipatía,550,2022,0,0.03076923076923077,0.2889733840304182,0.35403726708074534,0.8924731182795699,0.5761589403973509,0.6887417218543047,1,0.04484304932735426,0.14035087719298245,0.01204819277108433,0.6754966887417219,0.10344827586206898,0,0,0.31125827814569534,0.9205298013245032,1,151
ARG820703099,América del Sur,Argentina,ARG,Humboldt,Comuna,Local,2,Santa Fe,Humboldt,5324,2022,0,0.00876472199397425,0.4365393061045235,0.5949702183984117,0.9062295081967212,0.8692307692307693,0.7647435897435898,1,0.02060499780797895,0.03670745272525028,0.01013024602026049,0.8705128205128205,0.174931129476584,0.00188166422747229,0.01777127325946059,0.4596153846153846,0.8724358974358974,1,1565
ARG820703106,América del Sur,Argentina,ARG,Ituzaingó,Comuna,Local,2,Santa Fe,Ituzaingó,82,2022,0,0.03333333333333333,0.2564102564102564,0.35,0.8888888888888888,0,0.2857142857142857,1,0,0,0,0,0.14285714285714285,0,0,0.2857142857142857,0.8571428571428571,1,28
ARG820703113,América del Sur,Argentina,ARG,Jacinto L. Aráuz,Comuna,Local,2,Santa Fe,Jacinto L. Aráuz,186,2022,0,0.01265822784810126,0.1904761904761905,0.45901639344262296,0.875,0.0144927536231884,0.40579710144927533,0.9710144927536232,0.01020408163265306,0,0.01428571428571428,0.463768115942029,0.12068965517241378,0,0,0.36231884057971014,0.9565217391304348,1,69
ARG820703120,América del Sur,Argentina,ARG,La Pelada,Comuna,Local,2,Santa Fe,La Pelada,1440,2022,0,0.02286282306163022,0.33728813559322035,0.5112219451371571,0.8795454545454545,0.2817551963048499,0.4734411085450347,0.9930715935334872,0.01858108108108108,0.03414634146341464,0.0103359173126615,0.7066974595842956,0.2031602708803612,0.01016702977487291,0.00944081336238199,0.3002309468822171,0.8614318706697459,1,433
ARG820703127,América del Sur,Argentina,ARG,Las Tunas,Comuna,Local,2,Santa Fe,Las Tunas,482,2022,0,0.01044386422976501,0.20481927710843373,0.6402439024390244,0.9184782608695652,0.6258064516129033,0.34838709677419355,1,0.0218978102189781,0.05714285714285714,0,0.5290322580645161,0.1176470588235294,0,0.01254480286738351,0.25161290322580643,0.9161290322580644,1,155
ARG820703134,América del Sur,Argentina,ARG,María Luisa,Comuna,Local,2,Santa Fe,María Luisa,760,2022,0,0.00711743772241992,0.34402332361516036,0.42272727272727273,0.8583333333333333,0.01716738197424892,0.5665236051502146,0.9914163090128756,0.04347826086956521,0.0967741935483871,0.01941747572815533,0.7982832618025751,0.27586206896551724,0,0.01340482573726541,0.3776824034334764,0.8841201716738197,1,233
ARG820703141,América del Sur,Argentina,ARG,Matilde,Comuna,Local,2,Santa Fe,Matilde,966,2022,0,0.01949860724233983,0.36705882352941177,0.4513888888888889,0.8516129032258064,0.6506849315068494,0.410958904109589,1,0.02284263959390863,0.05384615384615385,0.00757575757575757,0.797945205479452,0.2307692307692308,0,0.01055966209081309,0.3835616438356164,0.8904109589041096,1,292
ARG820703148,América del Sur,Argentina,ARG,Nuevo Torino,Comuna,Local,2,Santa Fe,Nuevo Torino,756,2022,0,0.00829187396351575,0.32041343669250644,0.5642023346303502,0.9360902255639098,0.572,0.588,1,0.01522842639593908,0.02758620689655172,0.00803212851405622,0.608,0.1423076923076923,0,0.00366748166259168,0.384,0.904,1,250
ARG820703155,América del Sur,Argentina,ARG,Pilar,Comuna,Local,2,Santa Fe,Pilar,5310,2022,0,0.01382978723404255,0.41750358680057387,0.5868965517241379,0.8777852802160703,0.9563291139240506,0.8386075949367088,0.9943037974683544,0.01580660158066016,0.02585193889541715,0.00923076923076923,0.9575949367088608,0.2265978050355068,2.0165355918531e-4,0.01068763863682194,0.3987341772151899,0.839873417721519,1,1581
ARG820703162,América del Sur,Argentina,ARG,Progreso,Comuna,Local,2,Santa Fe,Progreso,2775,2022,0,0.01483375959079283,0.4621409921671018,0.5808080808080808,0.8706896551724138,0.864963503649635,0.7141119221411192,0.9927007299270072,0.03084832904884318,0.06304347826086956,0.0099009900990099,0.8004866180048662,0.22023047375160057,0,0.00817757009345794,0.4330900243309002,0.851581508515815,1,824
ARG820703169,América del Sur,Argentina,ARG,Providencia,Comuna,Local,2,Santa Fe,Providencia,902,2022,0,0.02086438152011922,0.33602150537634407,0.4846153846153846,0.8718861209964412,0.00338983050847457,0.4406779661016949,0.9966101694915254,0.01886792452830188,0.0238095238095238,0.0163265306122449,0.7627118644067796,0.2263374485596708,0,0.00556173526140155,0.288135593220339,0.8101694915254237,1,295
ARG820703176,América del Sur,Argentina,ARG,Pujato Norte,Comuna,Local,2,Santa Fe,Pujato Norte,495,2022,0,0.03669724770642202,0.2112676056338028,0.4130434782608696,0.9423076923076924,0,0.4545454545454546,0.9545454545454546,0,0,0,0,0.06521739130434782,0,0.00671140939597315,0.25,0.9772727272727272,1,44
ARG820703183,América del Sur,Argentina,ARG,Rivadavia,Comuna,Local,2,Santa Fe,Rivadavia,241,2022,0,0.00512820512820512,0.07086614173228346,0.5925925925925926,0.9906542056074766,0.0144927536231884,0.3623188405797102,1,0.00649350649350649,0.02083333333333333,0,0.05797101449275362,0.04761904761904761,0,0.03308823529411765,0.3188405797101449,0.9565217391304348,1,69
ARG820703190,América del Sur,Argentina,ARG,Sa Pereyra,Comuna,Local,2,Santa Fe,Sa Pereyra,1594,2022,0,0.01530272787757817,0.3942857142857143,0.590990990990991,0.8723723723723724,0.8433931484502447,0.5546492659053833,0.99836867862969,0.0154015401540154,0.02134146341463414,0.01204819277108433,0.8401305057096248,0.24074074074074076,0.00104931794333683,0.01521511017838405,0.34094616639477976,0.8776508972267537,1,617
ARG820703197,América del Sur,Argentina,ARG,San Agustín,Comuna,Local,2,Santa Fe,San Agustín,1147,2022,0,0.01683937823834197,0.3347547974413646,0.599388379204893,0.8994252873563219,0.6936936936936937,0.4234234234234234,0.993993993993994,0.02357563850687622,0.05102040816326531,0.00638977635782747,0.6996996996996997,0.1745152354570637,0.00294985250737463,0.02261553588987217,0.3213213213213213,0.8648648648648649,1,333
ARG820703204,América del Sur,Argentina,ARG,San Carlos Norte,Comuna,Local,2,Santa Fe,San Carlos Norte,1288,2022,0,0.01538461538461538,0.2650103519668737,0.5232198142414861,0.8620689655172413,0.7492163009404389,0.4420062695924765,0.9937304075235108,0.06609808102345416,0.10650887573964496,0.04333333333333333,0.8369905956112853,0.1875,9.4250706880301e-4,0.01131008482563619,0.31974921630094044,0.8589341692789969,1,319
ARG820703211,América del Sur,Argentina,ARG,San Carlos Sud,Comuna,Local,2,Santa Fe,San Carlos Sud,2607,2022,0,0.01172115977791486,0.4562814070351759,0.5964391691394659,0.8640483383685801,0.8005738880918221,0.6341463414634148,0.9985652797704448,0.04414784394250513,0.07462686567164178,0.02272727272727272,0.9010043041606888,0.21666666666666667,9.5147478591817e-4,0.0176022835394862,0.39598278335724535,0.8421807747489239,1,697
ARG820703218,América del Sur,Argentina,ARG,San Jerónimo del Sauce,Comuna,Local,2,Santa Fe,San Jerónimo del Sauce,993,2022,0,0.00981767180925666,0.2719298245614035,0.5472312703583062,0.8928571428571429,0.01027397260273972,0.3732876712328767,0.9931506849315068,0.06094808126410835,0.1130952380952381,0.02909090909090909,0.839041095890411,0.23202614379084968,0.00422386483632523,0.07602956705385427,0.25,0.8321917808219178,1,292
ARG820703232,América del Sur,Argentina,ARG,San Mariano,Comuna,Local,2,Santa Fe,San Mariano,380,2022,0,0.03985507246376811,0.16363636363636364,0.5363636363636364,0.912,0.559322033898305,0.47457627118644063,0.9915254237288136,0.02312138728323699,0.01694915254237288,0.02631578947368421,0.1440677966101695,0.21323529411764708,0,0.00248138957816377,0.211864406779661,0.8983050847457628,1,118
ARG820703239,América del Sur,Argentina,ARG,Santa Clara de Buena Vista,Comuna,Local,2,Santa Fe,Santa Clara de Buena Vista,3115,2022,0,0.0240506329113924,0.32116788321167883,0.5165421558164355,0.860488798370672,0.5421209117938552,0.4747274529236869,0.99603567888999,0.0346124905944319,0.05371900826446281,0.02366863905325443,0.8334985133795837,0.18478260869565216,0.00161082474226804,0.00934278350515463,0.34390485629335976,0.8453914767096135,1,1012
ARG820703246,América del Sur,Argentina,ARG,Santa María Centro,Comuna,Local,2,Santa Fe,Santa María Centro,152,2022,0,0.0291970802919708,0.06741573033707865,0.6428571428571429,0.9210526315789472,0,0.4375,1,0,0,0,0,0.06097560975609756,0,0.0213903743315508,0.08333333333333333,1,1,48
ARG820703253,América del Sur,Argentina,ARG,Santa María Norte,Comuna,Local,2,Santa Fe,Santa María Norte,164,2022,0,0.01226993865030674,0.1415929203539823,0.8082191780821918,0.9753086419753086,0,0.20967741935483872,1,0,0,0,0,0.109375,0,0,0.3548387096774194,1,1,62
ARG820703260,América del Sur,Argentina,ARG,Santo Domingo,Comuna,Local,2,Santa Fe,Santo Domingo,1804,2022,0,0.01485884101040118,0.44696969696969696,0.5373134328358209,0.8342440801457195,0.8545780969479354,0.6929982046678634,0.9964093357271095,0.04423592493297587,0.0625,0.03275109170305677,0.8581687612208259,0.2463768115942029,0,0.01090700344431687,0.3608617594254937,0.8150807899461401,1,557
ARG820703267,América del Sur,Argentina,ARG,Sarmiento,Comuna,Local,2,Santa Fe,Sarmiento,1145,2022,0,0.00864100549882168,0.4254498714652956,0.5756972111553785,0.9010791366906474,0.744954128440367,0.7486238532110092,1,0.01645569620253164,0.02076124567474048,0.01397205588822355,0.7211009174311926,0.20952380952380953,0.00181708055723803,0.00302846759539672,0.42018348623853213,0.8862385321100917,1,548
ARG820703274,América del Sur,Argentina,ARG,Soutomayor,Comuna,Local,2,Santa Fe,Soutomayor,120,2022,0,0.02158273381294964,0.08860759493670886,0.4426229508196721,0.890625,0.01886792452830188,0.4716981132075472,1,0,0,0,0,0.125,0,0,0.2641509433962264,0.9245283018867924,1,53
ARG820770175,América del Sur,Argentina,ARG,Tostado,Municipio,Local,2,Santa Fe,Tostado,17009,2022,0,0.04610288027974602,0.39635811836115326,0.546105090983439,0.8318142361111112,0.7354852686308492,0.5654246100519931,0.974003466204506,0.04335793357933579,0.05877948333957319,0.03261153143751631,0.8802252544942604,0.33179925487617795,0.00231764630142277,0.01899182385888109,0.32885615251299827,0.8013431542461005,1,4631
ARG820773281,América del Sur,Argentina,ARG,Esteban Rams,Comuna,Local,2,Santa Fe,Esteban Rams,307,2022,0,0.05194805194805195,0.17518248175182485,0.30927835051546393,0.811965811965812,0.42342342342342343,0.37837837837837845,0.945945945945946,0.032,0,0.04210526315789473,0,0.27,0.00321543408360128,0,0.12612612612612611,0.927927927927928,1,111
ARG820773288,América del Sur,Argentina,ARG,Gato Colorado,Comuna,Local,2,Santa Fe,Gato Colorado,1106,2022,0,0.12754555198285103,0.2003676470588235,0.3746556473829201,0.8125,0.44029850746268656,0.3034825870646766,0.8606965174129354,0.03153988868274583,0.05147058823529411,0.02481389578163772,0.6069651741293532,0.25866666666666666,0.00212464589235127,0.00708215297450424,0.10945273631840796,0.7910447761194029,1,402
ARG820773295,América del Sur,Argentina,ARG,Gregoria Pérez de Denis,Comuna,Local,2,Santa Fe,Gregoria Pérez de Denis,1967,2022,0,0.0835181079083518,0.28201970443349755,0.4618055555555556,0.722662440570523,0.2270363951473137,0.35181975736568455,0.8838821490467937,0.05263157894736842,0.07142857142857142,0.04166666666666666,0.6204506065857885,0.3741648106904231,0.00245218244237371,0.00686611083864639,0.20623916811091855,0.8492201039861352,1,577
ARG820773302,América del Sur,Argentina,ARG,Juan de Garay,Comuna,Local,2,Santa Fe,Juan de Garay,48,2022,0,0.0217391304347826,0.3333333333333333,0.2777777777777778,0.9230769230769232,0.16666666666666666,0.7222222222222222,0.888888888888889,0,0,0,0,0.2307692307692308,0,0,0.05555555555555555,0.9444444444444444,1,18
ARG820773309,América del Sur,Argentina,ARG,Logroño,Comuna,Local,2,Santa Fe,Logroño,810,2022,0,0.03064516129032258,0.3160493827160494,0.4157303370786517,0.851063829787234,0.7335766423357665,0.5729927007299271,0.9781021897810218,0.02279202279202279,0.04504504504504504,0.0125,0.6970802919708029,0.2536764705882353,0,0.00348837209302325,0.20072992700729927,0.9306569343065694,1,276
ARG820773316,América del Sur,Argentina,ARG,Montefiore,Comuna,Local,2,Santa Fe,Montefiore,292,2022,0,0.06,0.11965811965811966,0.5411764705882353,0.9306930693069309,0.04301075268817204,0.3440860215053763,0.8602150537634409,0.03571428571428571,0.06521739130434782,0.02127659574468085,0.4731182795698925,0.2641509433962264,0,0.0380952380952381,0.08602150537634409,0.8494623655913979,1,93
ARG820773323,América del Sur,Argentina,ARG,Pozo Borrado,Comuna,Local,2,Santa Fe,Pozo Borrado,1021,2022,0,0.04825462012320328,0.2182103610675039,0.3907766990291262,0.8786610878661087,0.5870069605568445,0.3294663573085847,0.9582366589327146,0.02409638554216867,0.04347826086956521,0.01666666666666666,0.665893271461717,0.21158690176322417,0,0.00494001411432604,0.21809744779582368,0.8955916473317865,1,431
ARG820773330,América del Sur,Argentina,ARG,San Bernardo,Comuna,Local,2,Santa Fe,San Bernardo,744,2022,0,0.109375,0.10803324099722993,0.4272300469483568,0.8940809968847352,0.26556016597510373,0.2946058091286307,0.8755186721991701,0.03968253968253968,0.10989010989010987,0.01742160278745644,0.2572614107883817,0.1872146118721461,0,0.00854700854700854,0.08713692946058091,0.8008298755186722,1,241
ARG820773337,América del Sur,Argentina,ARG,Santa Margarita,Comuna,Local,2,Santa Fe,Santa Margarita,1103,2022,0,0.097926267281106,0.1961904761904762,0.3116883116883117,0.7853535353535354,0.2925531914893617,0.29255319148936165,0.9441489361702128,0.03944315545243619,0.05833333333333333,0.03215434083601286,0.75,0.266025641025641,0,7.3260073260073e-4,0.18085106382978725,0.8696808510638298,1,376
ARG820773344,América del Sur,Argentina,ARG,Villa Minetti,Comuna,Local,2,Santa Fe,Villa Minetti,6535,2022,0,0.07531380753138076,0.2844425604069521,0.4931912374185909,0.8529580700746697,0.3383177570093458,0.5096573208722741,0.968847352024922,0.03796376186367558,0.06002400960384153,0.02558922558922559,0.8579439252336448,0.2356164383561644,0.00263250263250263,0.0121095121095121,0.2442367601246106,0.8878504672897196,1,1611
ARG820840182,América del Sur,Argentina,ARG,Arroyo Seco,Municipio,Local,2,Santa Fe,Arroyo Seco,24513,2022,0.9510488684321792,0.01904063031052062,0.5047269920895234,0.6001669449081803,0.8634310427679001,0.954054307995866,0.8774781546556423,0.9961477027153998,0.06192170818505338,0.09225776541492814,0.04007123775601069,0.9188351338656646,0.2116506774799723,0.00396861739475531,0.00662453826663003,0.4560744151085221,0.8367001785210937,1,10660
ARG820840189,América del Sur,Argentina,ARG,Funes,Municipio,Local,2,Santa Fe,Funes,38274,2022,0.9985375019586986,0.00846784870431029,0.7411284739357936,0.7022178700497917,0.897259938525974,0.4585307512390771,0.6523125300309486,0.9990526224147952,0.03378485450127147,0.04840725775620608,0.02185164489705826,0.9825196629495432,0.2530883106845617,0.00361132107163853,0.01116990005878894,0.6619585563530329,0.9206786585478606,1,11618
ARG820840196,América del Sur,Argentina,ARG,Granadero Baigorria,Municipio,Local,2,Santa Fe,Granadero Baigorria,44220,2022,0.9999999998974648,0.01574009645607889,0.4729432795799039,0.616980118216013,0.8552106430155211,0.9877271373249924,0.5249329758713137,0.9978552278820376,0.07651430694908956,0.10843058700574812,0.05276121337827327,0.936967530533214,0.23015784171051157,0.00349631542144048,0.01923869972925968,0.4630920464700626,0.8732201370271075,1,16794
ARG820840203,América del Sur,Argentina,ARG,Pérez,Municipio,Local,2,Santa Fe,Pérez,32430,2022,0.9966862404636752,0.02439269223047581,0.3746477346629092,0.5653337411117058,0.8545749112791236,0.8097098678194364,0.46471028348158616,0.9987530135505862,0.06198906393806507,0.09764674060048688,0.03818723481086937,0.939489651733023,0.1813815736812615,0.00585840532221229,0.01203951941217356,0.3552248732230443,0.8594230609360711,1,12040
ARG820840207,América del Sur,Argentina,ARG,Pueblo Esther,Municipio,Local,2,Santa Fe,Pueblo Esther,12679,2022,0.9999999999424508,0.02072027627035027,0.543906333155934,0.6529680365296804,0.8950478334271244,0.5490196078431373,0.4657573174197215,0.9974424552429668,0.0413399857448325,0.05758946935417523,0.02892172272870166,0.9250213007668276,0.21895332390381897,0.00436641499135813,0.00909669789866278,0.51974992895709,0.8982665529980108,1,3522
ARG820840210,América del Sur,Argentina,ARG,Rosario,Municipio,Local,2,Santa Fe,Rosario,1029619,2022,1,0.01873825319297032,0.5617588177483347,0.6480944454930762,0.8404952038236132,0.9923696657830448,0.7855536497045931,0.99721052722768,0.07019467528470298,0.09289099526066352,0.05131548229946218,0.943846812107858,0.20321709644232663,0.00440710127151463,0.0173247106074125,0.5153663565327373,0.8513782767642116,1,289060
ARG820840217,América del Sur,Argentina,ARG,Villa Gobernador Gálvez,Municipio,Local,2,Santa Fe,Villa Gobernador Gálvez,92137,2022,0.9999999999705071,0.02593977958353039,0.3119466508864966,0.5359777137611194,0.8292121909143185,0.9734298601372096,0.35394003714513134,0.9973846795284842,0.09035372024156504,0.13513673143937158,0.0611419325011558,0.9007691433334596,0.17269129726314392,0.00200710205341979,0.01088981524368277,0.354432778683243,0.8313686843800933,1,26405
ARG820843351,América del Sur,Argentina,ARG,Acebal,Comuna,Local,2,Santa Fe,Acebal,5633,2022,0,0.01235902981615943,0.5114345114345115,0.6154138192862566,0.8677165354330708,0.9787395596051632,0.8621867881548977,0.9984813971146546,0.03555555555555555,0.05120296113510179,0.02404718693284936,0.9738041002277904,0.17687961755758366,3.7907505686125e-4,0.00379075056861258,0.44533029612756264,0.8678815489749431,1,2641
ARG820843358,América del Sur,Argentina,ARG,Albarellos,Comuna,Local,2,Santa Fe,Albarellos,366,2022,0,0.02045454545454545,0.3790322580645161,0.5253164556962026,0.907514450867052,0.7471910112359551,0.3932584269662921,0.9831460674157304,0.025,0.04819277108433735,0.01273885350318471,0.7640449438202247,0.2204724409448819,0,0.00982318271119842,0.33146067415730335,0.8764044943820225,1,179
ARG820843365,América del Sur,Argentina,ARG,Álvarez,Comuna,Local,2,Santa Fe,Álvarez,7934,2022,0.08381311753252532,0.01836509251587959,0.47526783679051743,0.5909239307868103,0.8898830006882312,0.8967698967698968,0.4538794538794539,0.996003996003996,0.05868971792538671,0.10220994475138122,0.02822892498066512,0.93006993006993,0.1926260346124906,0.00444059352323188,0.01797898841113397,0.4398934398934399,0.8761238761238761,1,3004
ARG820843372,América del Sur,Argentina,ARG,Alvear,Comuna,Local,2,Santa Fe,Alvear,8349,2022,1,0.02008113590263691,0.42874506229109693,0.5672209026128266,0.8894854586129753,0.5349397590361445,0.30795180722891563,0.996144578313253,0.04808296668761785,0.0728643216080402,0.03319919517102616,0.8318072289156626,0.20575539568345325,0.00240384615384615,0.01096754807692307,0.4004819277108434,0.864578313253012,1,2077
ARG820843379,América del Sur,Argentina,ARG,Arminda,Comuna,Local,2,Santa Fe,Arminda,303,2022,0,0.0097024316973166,0.3888707275434965,0.523061188854798,0.9326770045492316,0.8780487804878048,0.3109756097560975,1,0.05769248623606198,0.10356781742019355,0.02889483308397938,0.9207317073170732,0.23704144506019015,0.0082815734989648,0,0.28048780487804875,0.798780487804878,1,164
ARG820843386,América del Sur,Argentina,ARG,Carmen del Sauce,Comuna,Local,2,Santa Fe,Carmen del Sauce,997,2022,0,0.02027027027027027,0.2694805194805195,0.5829268292682926,0.8864142538975501,0.7556675062972292,0.27455919395465994,0.9773299748110832,0.03610675039246468,0.06276150627615062,0.02010050251256281,0.8790931989924433,0.1188118811881188,0,0.00453857791225416,0.28463476070528965,0.9395465994962215,1,399
ARG820843393,América del Sur,Argentina,ARG,Coronel Bogado,Comuna,Local,2,Santa Fe,Coronel Bogado,2446,2022,0,0.02759381898454746,0.4655978623914496,0.6115384615384616,0.8762575452716298,0.9604471195184868,0.5012897678417885,0.9957007738607052,0.033178500331785,0.04245283018867924,0.02640642939150402,0.9303525365434222,0.30259067357512953,0.00234397890418986,0.00761793143861705,0.3688736027515047,0.7773000859845228,1,1164
ARG820843400,América del Sur,Argentina,ARG,Fighiera,Comuna,Local,2,Santa Fe,Fighiera,5962,2022,0,0.019907100199071,0.42094972067039105,0.53330658105939,0.8710843373493976,0.9411047928513404,0.7051177904142973,0.9906580016246952,0.05660377358490566,0.08954100827689992,0.03642231443061319,0.9281072298943948,0.17632346811171323,0.00197967533324534,0.00871057146627953,0.3972380178716491,0.8290008123476849,1,2462
ARG820843407,América del Sur,Argentina,ARG,General Lagos,Comuna,Local,2,Santa Fe,General Lagos,5073,2022,1,0.05246981339187705,0.38079591091639287,0.5849740932642487,0.8560767590618337,0.8920863309352518,0.8090758162700609,0.991698948533481,0.05850091407678245,0.09654561558901682,0.03175591531755915,0.8921460176991151,0.16392512762336925,0.00149427195749626,0.01162211522497094,0.3790813503043719,0.8904261206419479,1,1811
ARG820843414,América del Sur,Argentina,ARG,Ibarlucea,Comuna,Local,2,Santa Fe,Ibarlucea,9224,2022,0.9999999999691424,0.01545443342936443,0.5582813894413116,0.644811267921147,0.8876092489808851,0.02260198456449834,0.6256890848952591,0.9944873208379272,0.04680842385128937,0.07765744634115729,0.02515175103484746,0.8908489525909592,0.23275544085083227,0.0053763440860215,0.01780913978494623,0.4884233737596472,0.9371554575523704,1,1814
ARG820843421,América del Sur,Argentina,ARG,Piñero,Comuna,Local,2,Santa Fe,Piñero,2488,2022,0.958591153253205,0.02832709780865847,0.38176033934252385,0.5,0.8849028400597907,0.556701030927835,0.3762886597938144,0.9879725085910652,0.04147982062780269,0.07666666666666666,0.02364864864864865,0.6288659793814433,0.19462025316455697,0,0.03518211920529801,0.27835051546391754,0.8814432989690721,1,583
ARG820843435,América del Sur,Argentina,ARG,Pueblo Muñoz,Comuna,Local,2,Santa Fe,Pueblo Muñoz,569,2022,0,0.01548387096774193,0.5108225108225108,0.5361842105263158,0.8655737704918033,0.922879177377892,0.5372750642673522,0.9974293059125964,0.02576112412177986,0.04294478527607362,0.01515151515151515,0.7660668380462725,0.28027681660899656,0.00322234156820623,0.00214822771213748,0.34190231362467866,0.8483290488431876,1,389
ARG820843442,América del Sur,Argentina,ARG,Soldini,Comuna,Local,2,Santa Fe,Soldini,4302,2022,0.9782839325205104,0.01528969957081545,0.477891156462585,0.5896257386736704,0.8973551637279596,0.4440767703507611,0.5221707478491066,0.9947054930509596,0.02453723633232888,0.04120267260579064,0.01403508771929824,0.8398411647915288,0.2102461743180306,0.00227413686169113,0.00806284887326855,0.44738583719391134,0.8762409000661814,1,1511
ARG820843449,América del Sur,Argentina,ARG,Uranga,Comuna,Local,2,Santa Fe,Uranga,884,2022,0,0.01050080775444265,0.4888268156424581,0.5219206680584552,0.888421052631579,0.956262425447316,0.5725646123260438,0.9960238568588468,0.03273809523809524,0.064,0.01421800947867298,0.9761431411530817,0.18791946308724833,0,0.00960878517501715,0.3976143141153082,0.805168986083499,1,503
ARG820843456,América del Sur,Argentina,ARG,Villa Amelia,Comuna,Local,2,Santa Fe,Villa Amelia,1846,2022,0.4344501216368669,0.01234567901234567,0.607035175879397,0.571656050955414,0.823076923076923,0.6147186147186147,0.5151515151515152,1,0.058165548098434,0.10306406685236769,0.02803738317757009,0.7893217893217893,0.24680851063829787,0.00299850074962518,0.00899550224887556,0.4069264069264069,0.8282828282828283,1,694
ARG820843463,América del Sur,Argentina,ARG,Zavalla,Comuna,Local,2,Santa Fe,Zavalla,6738,2022,0.37532511892379505,0.01131651514842951,0.51652019042168,0.5526369553133998,0.764955690358343,0.9678689289292248,0.40925187958905695,0.9971751362891524,0.0426067142826118,0.05887144151676859,0.03183908342985796,0.965750281146089,0.2834050559149036,0.00241208581947441,0.01345689983496254,0.4509188698440788,0.8499292406212194,1,2833
ARG820843470,América del Sur,Argentina,ARG,Coronel Domínguez,Comuna,Local,2,Santa Fe,Coronel Domínguez,1171,2022,0,0.01532846715328467,0.4710947109471095,0.6276595744680851,0.9333333333333332,0.7389770723104057,0.5396825396825397,0.9894179894179894,0.02178899082568807,0.0423728813559322,0.00772200772200772,0.9012345679012346,0.1875,0.00302846759539672,0.00121138703815869,0.4038800705467372,0.8201058201058201,1,567
ARG820843988,América del Sur,Argentina,ARG,Coronel Arnold,Comuna,Local,2,Santa Fe,Coronel Arnold,990,2022,0,0.00545247120303242,0.4826920036365074,0.5309950617730587,0.8922573242069956,0.9310344827586208,0.5141065830721003,0.9968652037617556,0.04285823187332564,0.07013460942610253,0.02501925077340826,0.884012539184953,0.20110554688996524,0.00106723585912486,0.016008537886873,0.4827586206896552,0.7962382445141065,1,319
ARG820910224,América del Sur,Argentina,ARG,Ceres,Municipio,Local,2,Santa Fe,Ceres,16357,2022,0,0.02868632707774799,0.44050929313625053,0.6068535825545172,0.852794085670798,0.4000833506980621,0.7603667430714733,0.99124817670348,0.05143191116306254,0.08076659822039699,0.02957674655787863,0.9354032090018752,0.24433475431904864,9.1557125106271e-4,0.00974429402916748,0.3963325692852678,0.8601792040008335,1,4816
ARG820910231,América del Sur,Argentina,ARG,San Cristóbal,Municipio,Local,2,Santa Fe,San Cristóbal,15363,2022,0,0.02502915582667982,0.4540472835447002,0.5836882453151618,0.8127028280018544,0.08004012036108325,0.792778335005015,0.9851554663991976,0.0497838962702097,0.06384531192995258,0.0387906446092413,0.9309929789368104,0.39339981006647673,0.00207746950810883,0.01112451414019568,0.3671013039117352,0.8322968906720161,1,4996
ARG820910233,América del Sur,Argentina,ARG,San Guillermo,Municipio,Local,2,Santa Fe,San Guillermo,9297,2022,0,0.01723264064875823,0.42857142857142855,0.64,0.8774529435322387,0.7288606589916633,0.8265184597062326,0.999206034140532,0.03006118648576749,0.04017857142857143,0.02282062984938384,0.8777292576419214,0.21527213647441107,0.00128155837498398,0.00833012943739587,0.4390631202858277,0.8610559745930925,1,2524
ARG820910235,América del Sur,Argentina,ARG,Suardi,Municipio,Local,2,Santa Fe,Suardi,7761,2022,0,0.01800076599004213,0.3631729850270787,0.6513306269733875,0.8821698532681191,0.05110497237569061,0.822744014732965,0.9949355432780848,0.02800466744457409,0.04501385041551246,0.015625,0.9106813996316758,0.1817416912074043,0.00288475407471513,0.01182749170633203,0.42173112338858193,0.8747697974217311,1,2178
ARG820913477,América del Sur,Argentina,ARG,Aguará Grande,Comuna,Local,2,Santa Fe,Aguará Grande,384,2022,0,0.04605263157894736,0.20089285714285715,0.39166666666666666,0.9570552147239264,0.06206896551724138,0.3655172413793103,0.9586206896551724,0.01970443349753694,0.0425531914893617,0.01282051282051282,0,0.20670391061452512,0,0.03896103896103896,0.14482758620689656,0.9172413793103448,1,145
ARG820913484,América del Sur,Argentina,ARG,Ambrosetti,Comuna,Local,2,Santa Fe,Ambrosetti,1333,2022,0,0.02577873254564984,0.24528301886792453,0.5248041775456919,0.8775055679287305,0.06615776081424936,0.7302798982188294,0.989821882951654,0.03361344537815126,0.06467661691542288,0.01776649746192893,0.6768447837150128,0.29515418502202645,0.00230237912509593,0.01611665387567152,0.22646310432569977,0.8880407124681934,1,393
ARG820913491,América del Sur,Argentina,ARG,Arrufo,Comuna,Local,2,Santa Fe,Arrufo,2301,2022,0,0.0275735294117647,0.3753723932472691,0.5436337625178826,0.9098837209302324,0.01716738197424892,0.7224606580829757,0.988555078683834,0.01888667992047713,0.02894736842105263,0.01277955271565495,0.8454935622317596,0.2310704960835509,0,0.00550711335474988,0.31759656652360513,0.8841201716738197,1,702
ARG820913498,América del Sur,Argentina,ARG,Capivara,Comuna,Local,2,Santa Fe,Capivara,352,2022,0,0.03745318352059925,0.13690476190476192,0.3008849557522124,0.8394160583941606,0,0.32380952380952377,0.9714285714285716,0.03355704697986577,0.08823529411764706,0.01739130434782608,0.11428571428571428,0.13675213675213677,0,0,0.11428571428571428,0.9333333333333332,1,105
ARG820913505,América del Sur,Argentina,ARG,Colonia Ana,Comuna,Local,2,Santa Fe,Colonia Ana,283,2022,0,0.01904761904761905,0.1366906474820144,0.5888888888888889,0.9380530973451328,0.03703703703703703,0.4691358024691358,1,0.01886792452830188,0.05660377358490566,0,0,0.06870229007633588,0,0.01302931596091205,0.25925925925925924,0.9506172839506172,1,81
ARG820913512,América del Sur,Argentina,ARG,Colonia Bossi,Comuna,Local,2,Santa Fe,Colonia Bossi,467,2022,0,0.01162790697674418,0.1565217391304348,0.6071428571428571,0.9553072625698324,0.3384615384615385,0.6230769230769231,1,0.01171875,0.02352941176470588,0.00584795321637426,0.36153846153846153,0.08839779005524862,0.00210526315789473,0.01052631578947368,0.4230769230769231,0.9692307692307692,1,130
ARG820913519,América del Sur,Argentina,ARG,Colonia Rosa,Comuna,Local,2,Santa Fe,Colonia Rosa,1073,2022,0,0.03128911138923655,0.14595660749506903,0.5468277945619335,0.9267676767676768,0.06354515050167224,0.6722408026755853,0.9933110367892976,0.03102189781021898,0.04972375690607734,0.0217983651226158,0.4214046822742475,0.12313432835820896,0,0,0.2842809364548495,0.9230769230769232,1,299
ARG820913526,América del Sur,Argentina,ARG,Constanza,Comuna,Local,2,Santa Fe,Constanza,256,2022,0,0.0427807486631016,0.10091743119266056,0.2702702702702703,0.7666666666666667,0.04819277108433735,0.3734939759036144,0.963855421686747,0.05617977528089887,0.05,0.05797101449275362,0.08433734939759036,0.15384615384615383,0,0,0.0963855421686747,0.9156626506024096,1,83
ARG820913533,América del Sur,Argentina,ARG,Curupaity,Comuna,Local,2,Santa Fe,Curupaity,387,2022,0,0.06770833333333333,0.17083333333333334,0.3741935483870968,0.898936170212766,0.10365853658536583,0.5060975609756098,0.9573170731707318,0.01762114537444934,0.05172413793103448,0.0059171597633136,0.3475609756097561,0.125,0,0.01261261261261261,0.16463414634146342,0.8902439024390244,1,164
ARG820913540,América del Sur,Argentina,ARG,Dos Rosas y La Legua,Comuna,Local,2,Santa Fe,Dos Rosas y La Legua,504,2022,0,0.0299625468164794,0.07865168539325842,0.6829268292682927,0.9637681159420288,0.04081632653061224,0.5,0.979591836734694,0.00921658986175115,0,0.0150375939849624,0,0.04,0,0,0.11224489795918367,1,1,98
ARG820913547,América del Sur,Argentina,ARG,Hersilia,Comuna,Local,2,Santa Fe,Hersilia,3449,2022,0,0.02660944206008583,0.4158273381294964,0.5387062566277837,0.8488253319713994,0.03488372093023256,0.6647286821705427,0.9844961240310076,0.02165795369678864,0.03740157480314961,0.01203369434416365,0.8856589147286822,0.29583333333333334,0.00379146919431279,0.01800947867298578,0.34689922480620156,0.8468992248062015,1,1035
ARG820913554,América del Sur,Argentina,ARG,Huanqueros,Comuna,Local,2,Santa Fe,Huanqueros,864,2022,0,0.03703703703703703,0.22959183673469388,0.49264705882352944,0.8643410852713178,0.01067615658362989,0.597864768683274,0.9395017793594306,0.04201680672268908,0.05223880597014925,0.03587443946188341,0.7437722419928826,0.2874493927125506,0,0.00996677740863787,0.19572953736654805,0.8469750889679716,1,281
ARG820913561,América del Sur,Argentina,ARG,La Cabral,Comuna,Local,2,Santa Fe,La Cabral,246,2022,0,0.04705882352941176,0.12037037037037036,0.25,0.8181818181818182,0.05813953488372093,0.2906976744186046,0.941860465116279,0.09195402298850576,0.26666666666666666,0.05555555555555555,0.6395348837209303,0.16176470588235295,0,0.01204819277108433,0.06976744186046512,0.813953488372093,1,86
ARG820913568,América del Sur,Argentina,ARG,Colonia Clara,Comuna,Local,2,Santa Fe,Colonia Clara,144,2022,0,0.01574803149606299,0.24390243902439024,0.2830188679245283,0.8688524590163934,0,0.49999999999999994,0.9814814814814814,0,0,0,0,0.1509433962264151,0.01612903225806451,0,0.35185185185185186,0.9074074074074074,1,54
ARG820913575,América del Sur,Argentina,ARG,La Lucila,Comuna,Local,2,Santa Fe,La Lucila,265,2022,0,0.02358490566037736,0.208955223880597,0.4868421052631579,0.822429906542056,0,0.5,0.9456521739130436,0.016,0.02702702702702703,0.01136363636363636,0,0.20481927710843373,0.00327868852459016,0.02295081967213114,0.25,0.8804347826086957,1,92
ARG820913582,América del Sur,Argentina,ARG,La Rubia,Comuna,Local,2,Santa Fe,La Rubia,543,2022,0,0.02005730659025788,0.2413793103448276,0.6126760563380281,0.9044585987261148,0.03246753246753247,0.6623376623376623,0.987012987012987,0.03930131004366812,0.05747126436781609,0.02816901408450704,0.7012987012987013,0.26,0,0.00214592274678111,0.24025974025974023,0.8831168831168831,1,154
ARG820913589,América del Sur,Argentina,ARG,Las Avispas,Comuna,Local,2,Santa Fe,Las Avispas,127,2022,0,0.02985074626865671,0.10869565217391304,0.3469387755102041,0.9333333333333332,0.01470588235294117,0.3235294117647059,0.9558823529411764,0.01149425287356321,0.0588235294117647,0,0,0.1323529411764706,0,0.01941747572815533,0.07352941176470588,0.9117647058823528,1,68
ARG820913596,América del Sur,Argentina,ARG,Las Palmeras,Comuna,Local,2,Santa Fe,Las Palmeras,644,2022,0,0.05172413793103448,0.1821705426356589,0.435,0.8854166666666666,0.6717171717171717,0.4343434343434343,0.9898989898989898,0.08171206225680934,0.11494252873563218,0.06470588235294118,0.8585858585858586,0.22807017543859648,0,0,0.17676767676767677,0.8282828282828283,1,198
ARG820913603,América del Sur,Argentina,ARG,Moisés Ville,Comuna,Local,2,Santa Fe,Moisés Ville,2423,2022,0,0.03763143331488655,0.35234215885947046,0.563265306122449,0.8356940509915014,0.45792079207920794,0.5185643564356436,0.9851485148514852,0.04083665338645418,0.05797101449275362,0.0288135593220339,0.9282178217821784,0.2434402332361516,0,0.00948453608247422,0.349009900990099,0.8094059405940595,1,811
ARG820913610,América del Sur,Argentina,ARG,Monigotes,Comuna,Local,2,Santa Fe,Monigotes,426,2022,0,0.0486322188449848,0.15053763440860216,0.40601503759398494,0.8085106382978723,0.2463768115942029,0.572463768115942,0.9782608695652172,0.02976190476190476,0.07407407407407407,0.0087719298245614,0.8333333333333334,0.2846153846153846,0,0,0.15217391304347827,0.8478260869565217,1,138
ARG820913617,América del Sur,Argentina,ARG,Monte Oscuridad,Comuna,Local,2,Santa Fe,Monte Oscuridad,719,2022,0,0.0206766917293233,0.08430232558139535,0.6588785046728972,0.9566666666666668,0.06532663316582915,0.4371859296482412,1,0.00467289719626168,0.01418439716312056,0,0,0.04878048780487805,0,0,0.2562814070351759,0.9899497487437184,1,199
ARG820913624,América del Sur,Argentina,ARG,Ñanducita,Comuna,Local,2,Santa Fe,Ñanducita,212,2022,0,0.0457516339869281,0.1263157894736842,0.4,0.9714285714285714,0.05,0.6166666666666667,0.9333333333333332,0.0625,0.10714285714285714,0.04411764705882353,0,0.11666666666666668,0.04504504504504504,0.05405405405405406,0.2,1,1,60
ARG820913631,América del Sur,Argentina,ARG,Palacios,Comuna,Local,2,Santa Fe,Palacios,507,2022,0,0.0273224043715847,0.14096916299559473,0.6026490066225165,0.9212121212121211,0.3333333333333333,0.23270440251572327,0.9559748427672956,0.01646090534979424,0.03296703296703297,0.00657894736842105,0.5031446540880503,0.13068181818181818,0,0.0150375939849624,0.2389937106918239,0.8805031446540881,1,159
ARG820913638,América del Sur,Argentina,ARG,Portugalete,Comuna,Local,2,Santa Fe,Portugalete,145,2022,0,0.04285714285714286,0.13095238095238096,0.4705882352941176,0.868421052631579,0.01639344262295082,0.3770491803278688,0.9672131147540984,0,0,0,0,0.1643835616438356,0.00490196078431372,0,0.09836065573770492,0.9344262295081968,1,61
ARG820913652,América del Sur,Argentina,ARG,Santurce,Comuna,Local,2,Santa Fe,Santurce,52,2022,0,0.025,0.12,0.3333333333333333,0.868421052631579,0.02564102564102564,0.2564102564102564,0.8717948717948718,0.06976744186046512,0.3,0,0,0.15625,0,0.01639344262295082,0.1282051282051282,0.9230769230769232,1,39
ARG820913659,América del Sur,Argentina,ARG,Soledad,Comuna,Local,2,Santa Fe,Soledad,1125,2022,0,0.03619047619047619,0.24878048780487805,0.3706293706293706,0.8326359832635983,0.7136563876651982,0.3568281938325991,0.9713656387665198,0.03231597845601436,0.05660377358490566,0.02261306532663316,0.7048458149779736,0.14385150812064965,0.00204918032786885,0.01229508196721311,0.2356828193832599,0.8766519823788547,1,454
ARG820913673,América del Sur,Argentina,ARG,Villa Saralegui,Comuna,Local,2,Santa Fe,Villa Saralegui,635,2022,0,0.05128205128205128,0.12188365650969528,0.234375,0.8356164383561644,0.4434782608695652,0.29130434782608694,0.9217391304347826,0.07236842105263158,0.2,0.04098360655737704,0.5521739130434783,0.13545816733067728,0.00318809776833156,0.00106269925611052,0.17391304347826086,0.917391304347826,1,230
ARG820913680,América del Sur,Argentina,ARG,Villa Trinidad,Comuna,Local,2,Santa Fe,Villa Trinidad,3949,2022,0,0.0236087689713322,0.37658017298735863,0.6588235294117647,0.9245630174793008,0.18970736629667004,0.8234106962663976,0.9959636730575177,0.01908169350029815,0.03125,0.01094527363184079,0.8526740665993946,0.1865284974093264,0.00636739891754218,0.00859598853868194,0.4510595358224016,0.9122098890010092,1,993
ARG820980237,América del Sur,Argentina,ARG,Romang,Municipio,Local,2,Santa Fe,Romang,9187,2022,0,0.03876707975850016,0.39264784230154504,0.4959016393442623,0.7793633369923162,0.8823306848278472,0.5448354143019296,0.973136587211502,0.06472117885004335,0.09015777610818931,0.0488262910798122,0.8898978433598184,0.2860486891385768,0.0018728783799602,0.01439775254594404,0.306848278471434,0.8581157775255391,1,2647
ARG820980238,América del Sur,Argentina,ARG,San Javier,Municipio,Local,2,Santa Fe,San Javier,17429,2022,0,0.04478791604461227,0.3980106888361045,0.4982380579483164,0.7744047619047619,0.7160282473785577,0.4780654825593837,0.9625508238818744,0.05055831265508685,0.07583497053045186,0.03407635152446835,0.8175401069518716,0.3717830882352941,0.0021277889233388,0.03951608000486351,0.28461373849775307,0.8544832013695699,1,4685
ARG820983687,América del Sur,Argentina,ARG,Alejandra,Comuna,Local,2,Santa Fe,Alejandra,4414,2022,0,0.0651795050540258,0.22624156958920907,0.41190864600326266,0.8130400628436764,0.5533117932148627,0.3933764135702746,0.9103392568659128,0.06038961038961039,0.09702970297029705,0.04251207729468599,0.6720516962843296,0.2349841938883035,0.00288392213410237,0.01898582071617399,0.17124394184168013,0.8586429725363489,1,1241
ARG820983694,América del Sur,Argentina,ARG,Cacique Ariacaiquín,Comuna,Local,2,Santa Fe,Cacique Ariacaiquín,378,2022,0,0.04014598540145985,0.1625,0.40186915887850466,0.7265625,0.6116504854368932,0.32038834951456313,0.9514563106796116,0.07352941176470588,0.20930232558139536,0.01075268817204301,0.14563106796116504,0.42,0,0.0443213296398892,0.18446601941747573,0.8349514563106796,1,103
ARG820983701,América del Sur,Argentina,ARG,Colonia Durán,Comuna,Local,2,Santa Fe,Colonia Durán,457,2022,0,0.05819295558958652,0.1972602739726027,0.32916666666666666,0.7103448275862069,0.3686274509803922,0.3647058823529411,0.8627450980392156,0.05614035087719298,0.1139240506329114,0.03398058252427184,0.10588235294117648,0.24117647058823527,0,0.11228070175438595,0.16862745098039217,0.8823529411764706,1,256
ARG820983704,América del Sur,Argentina,ARG,Colonia Teresa,Comuna,Local,2,Santa Fe,Colonia Teresa,701,2022,0,NA,NA,NA,NA,NA,NA,NA,NA,NA,NA,NA,NA,NA,NA,NA,NA,0,NA
ARG820983708,América del Sur,Argentina,ARG,La Brava,Comuna,Local,2,Santa Fe,La Brava,614,2022,0,0.05373831775700934,0.27340823970037453,0.3625,0.6878048780487804,0.544502617801047,0.25654450261780104,0.8324607329842932,0.11557788944723618,0.2413793103448276,0.06382978723404255,0.5235602094240838,0.3543307086614173,0,0.03220338983050847,0.13612565445026178,0.8481675392670157,1,191
ARG821050245,América del Sur,Argentina,ARG,Coronda,Municipio,Local,2,Santa Fe,Coronda,19487,2022,0,0.03121070926706604,0.4603321033210332,0.5885703785373024,0.7940732351830879,0.7931818181818182,0.6869318181818183,0.9875,0.04480431848852901,0.06774898532625663,0.02733539339196577,0.9030486650255634,0.362555720653789,0.00182169472812586,0.00932928512282638,0.3615530303030303,0.85625,1,5293
ARG821050252,América del Sur,Argentina,ARG,Gálvez,Municipio,Local,2,Santa Fe,Gálvez,20124,2022,0,0.01194404117724693,0.5267049216508497,0.6182673588578845,0.8478910660909996,0.979626225490196,0.8987438725490197,0.9970894607843138,0.04295166535830436,0.05825242718446602,0.03153153153153153,0.9747242647058824,0.22143228715103175,0.00150189031021803,0.00771660883525817,0.5068933823529411,0.8501838235294118,1,6548
ARG821050256,América del Sur,Argentina,ARG,San Genaro,Municipio,Local,2,Santa Fe,San Genaro,9624,2022,0,0.01868758915834522,0.4277791174342898,0.5585215605749486,0.8581129378127234,0.9333109919571044,0.679289544235925,0.9959785522788204,0.04611951400942227,0.06556372549019608,0.03290295710120783,0.9423592493297588,0.2286910197869102,6.6079295154185e-4,0.00693832599118942,0.40382037533512066,0.8357908847184986,1,2989
ARG821053722,América del Sur,Argentina,ARG,Arocena,Comuna,Local,2,Santa Fe,Arocena,2143,2022,0,0.02910958904109589,0.2959770114942529,0.5084507042253521,0.8073047858942065,0.7017783857729138,0.4049247606019152,0.9466484268125857,0.03792415169660679,0.05817174515235457,0.026521060842433698,0.6415868673050615,0.23795620437956205,0.00165975103734439,0.00414937759336099,0.24076607387140905,0.8399452804377565,1,731
ARG821053729,América del Sur,Argentina,ARG,Barrancas,Comuna,Local,2,Santa Fe,Barrancas,5616,2022,0,0.02435460301997077,0.43036484896037663,0.5164572112507481,0.8389491719017704,0.8985835694050992,0.5263456090651557,0.9881019830028328,0.04802744425385934,0.0776361529548088,0.03063308373042886,0.9178470254957508,0.26936026936026936,0.00111379246333766,0.00594022647113421,0.33087818696883853,0.8345609065155808,1,1765
ARG821053736,América del Sur,Argentina,ARG,Bernardo de Irigoyen,Comuna,Local,2,Santa Fe,Bernardo de Irigoyen,1661,2022,0,0.01218637992831541,0.44430217669654287,0.5189873417721519,0.8664259927797834,0.7768595041322314,0.6214876033057851,0.9884297520661156,0.08213820078226858,0.11149825783972124,0.06458333333333334,0.905785123966942,0.22580645161290325,0.00282805429864253,0.01074660633484162,0.3371900826446281,0.8132231404958677,1,605
ARG821053743,América del Sur,Argentina,ARG,Campo Piaggio,Comuna,Local,2,Santa Fe,Campo Piaggio,87,2022,0,0.01587301587301587,0.10256410256410256,0.23809523809523808,0.8529411764705882,0,0.40625,0.9375,0,0,0,0,0.125,0,0,0.3125,1,1,32
ARG821053750,América del Sur,Argentina,ARG,Casalegno,Comuna,Local,2,Santa Fe,Casalegno,176,2022,0,0.03902439024390244,0.22608695652173913,0.375,0.896551724137931,0.5977011494252874,0.3908045977011494,0.9885057471264368,0.01801801801801801,0.0303030303030303,0.01282051282051282,0.6436781609195402,0.2435897435897436,0,0.01481481481481481,0.1839080459770115,0.8160919540229885,1,87
ARG821053757,América del Sur,Argentina,ARG,Centeno,Comuna,Local,2,Santa Fe,Centeno,3088,2022,0,0.01410153102336825,0.4358799454297408,0.5659824046920822,0.8574237954768928,0.9256360078277888,0.7906066536203523,0.9931506849315068,0.02825637491385251,0.05008635578583765,0.01376146788990825,0.8747553816046967,0.21197252208047104,0.00128369704749679,0.00545571245186136,0.3943248532289628,0.8385518590998043,1,1024
ARG821053764,América del Sur,Argentina,ARG,Desvío Arijón,Comuna,Local,2,Santa Fe,Desvío Arijón,2946,2022,0,0.05495634309193631,0.24559859154929575,0.5126658624849216,0.8168701442841287,0.0155440414507772,0.34974093264248707,0.983160621761658,0.05254091300602928,0.08470588235294117,0.03396739130434782,0.944300518134715,0.18955732122587968,0,0.01749908858913598,0.25129533678756477,0.8588082901554405,1,772
ARG821053771,América del Sur,Argentina,ARG,Díaz,Comuna,Local,2,Santa Fe,Díaz,1780,2022,0,0.04154929577464789,0.33955223880597013,0.4631956912028725,0.8158347676419966,0.8276450511945392,0.4812286689419796,0.9880546075085324,0.0546448087431694,0.07751937984496124,0.04219409282700422,0.878839590443686,0.2268041237113402,0.00159066808059384,0.01590668080593849,0.30204778156996587,0.7559726962457338,1,588
ARG821053778,América del Sur,Argentina,ARG,Gaboto,Comuna,Local,2,Santa Fe,Gaboto,3672,2022,0,0.06243949661181026,0.2761372705506784,0.4303370786516854,0.8008565310492506,0.18023255813953487,0.3953488372093024,0.986046511627907,0.04420866489832007,0.07571801566579635,0.02807486631016043,0.9034883720930232,0.25267993874425726,0.00133913625711416,0.0257783729494476,0.1930232558139535,0.7976744186046512,1,861
ARG821053785,América del Sur,Argentina,ARG,Gessler,Comuna,Local,2,Santa Fe,Gessler,1153,2022,0,0.0125,0.4059196617336152,0.5471698113207547,0.8827160493827161,0.8828571428571429,0.5085714285714286,0.9942857142857142,0.01521739130434782,0.03448275862068965,0.00349650349650349,0.8542857142857143,0.24542124542124544,0.004,0.005,0.3628571428571429,0.8285714285714286,1,350
ARG821053792,América del Sur,Argentina,ARG,Irigoyen,Comuna,Local,2,Santa Fe,Irigoyen,1011,2022,0,0.00631988332523091,0.31336405529953915,0.5736677115987461,0.8253968253968254,0.7603833865814696,0.49201277955271566,0.9968051118210864,0.04063205417607223,0.06557377049180328,0.02307692307692307,0.8562300319488818,0.2,0.00153491941673062,0.00306983883346124,0.329073482428115,0.8466453674121406,1,413
ARG821053799,América del Sur,Argentina,ARG,Larrechea,Comuna,Local,2,Santa Fe,Larrechea,687,2022,0,0.0159090909090909,0.35144927536231885,0.4545454545454546,0.8205128205128205,0.8579881656804734,0.5621301775147928,0.9881656804733728,0.03333333333333333,0.0625,0.01875,0,0.31736526946107785,0,0.03019538188277087,0.31952662721893493,0.834319526627219,1,169
ARG821053806,América del Sur,Argentina,ARG,Loma Alta,Comuna,Local,2,Santa Fe,Loma Alta,198,2022,0,0.01666666666666666,0.3037974683544304,0.6222222222222222,0.8942307692307693,0.7523809523809524,0.5904761904761905,1,0.00671140939597315,0,0.01075268817204301,0,0.31521739130434784,0,0,0.4476190476190477,0.9333333333333332,1,105
ARG821053813,América del Sur,Argentina,ARG,López,Comuna,Local,2,Santa Fe,López,1580,2022,0,0.00785340314136125,0.3088023088023088,0.6194503171247357,0.8987603305785123,0.9077568134171908,0.6163522012578617,0.9958071278825996,0.03296703296703297,0.06484641638225255,0.01149425287356321,0.9077568134171908,0.15510204081632653,0,0.00260586319218241,0.42138364779874216,0.8846960167714885,1,477
ARG821053820,América del Sur,Argentina,ARG,Maciel,Comuna,Local,2,Santa Fe,Maciel,5961,2022,0,0.02469690166142793,0.4737045630317092,0.5837927232635061,0.8242630385487528,0.9733777038269552,0.4841930116472546,0.9938990571270104,0.05013927576601671,0.0679886685552408,0.03713892709766162,0.9628397115917916,0.28728323699421965,0.0022616562282533,0.00678496868475991,0.4082085413200222,0.8236272878535774,1,1807
ARG821053827,América del Sur,Argentina,ARG,Monje,Comuna,Local,2,Santa Fe,Monje,2412,2022,0,0.02035203520352035,0.4300766283524904,0.5550906555090656,0.8679504814305364,0.917487684729064,0.49753694581280794,0.9864532019704434,0.0728862973760933,0.11809045226130652,0.04437400950871632,0.9322660098522167,0.25943396226415094,0.00171232876712328,0.01284246575342465,0.3066502463054187,0.7536945812807881,1,813
ARG821053834,América del Sur,Argentina,ARG,San Eugenio,Comuna,Local,2,Santa Fe,San Eugenio,122,2022,0,0.01704545454545454,0.3050847457627119,0.5443037974683544,0.8947368421052632,0.7654320987654321,0.8641975308641975,1,0.01801801801801801,0.04651162790697674,0,0.8518518518518519,0.27058823529411763,0,0.03319502074688797,0.3333333333333333,0.9753086419753086,1,81
ARG821053841,América del Sur,Argentina,ARG,San Fabián,Comuna,Local,2,Santa Fe,San Fabián,1089,2022,0,0.02597402597402597,0.3106060606060606,0.4390243902439024,0.8391608391608392,0.91,0.6366666666666667,0.9833333333333334,0.06284153005464481,0.12698412698412698,0.02916666666666666,0.9133333333333332,0.296943231441048,0,0.02265372168284789,0.2833333333333333,0.7533333333333333,1,300
ARG821120259,América del Sur,Argentina,ARG,San Justo,Municipio,Local,2,Santa Fe,San Justo,26366,2022,0,0.02029037248601689,0.46057968147195566,0.5845919357073577,0.8268385584529739,0.9687842278203724,0.6545728368017525,0.9952081051478644,0.04815978911081821,0.06992178241289405,0.03189227498228206,0.9464823432794964,0.2693846153846154,0.00133209004928733,0.02197948581324097,0.3940306681270537,0.856106243154436,1,7320
ARG821123862,América del Sur,Argentina,ARG,Angeloni,Comuna,Local,2,Santa Fe,Angeloni,272,2022,0,0.02510460251046025,0.1176470588235294,0.34523809523809523,0.8608695652173913,0.06060606060606061,0.24242424242424243,0.9595959595959596,0.0078125,0.03448275862068965,0,0,0.1904761904761905,0,0.01298701298701298,0.1717171717171717,0.898989898989899,1,102
ARG821123869,América del Sur,Argentina,ARG,Cayastacito,Comuna,Local,2,Santa Fe,Cayastacito,501,2022,0,0.05460750853242321,0.21301775147928995,0.3089430894308943,0.8448275862068966,0.7761194029850746,0.2537313432835821,0.9776119402985076,0.08088235294117647,0.13157894736842105,0.06122448979591836,0.7910447761194029,0.326530612244898,0.0024390243902439,0.03170731707317073,0.1865671641791045,0.7985074626865671,1,135
ARG821123876,América del Sur,Argentina,ARG,Colonia Dolores,Comuna,Local,2,Santa Fe,Colonia Dolores,761,2022,0,0.04123711340206185,0.11904761904761904,0.3907284768211921,0.7647058823529411,0.8359375,0.28125,0.9296875,0.09405940594059406,0.2033898305084746,0.04895104895104895,0.1640625,0.17482517482517484,0.01436265709156194,0.5457809694793537,0.0859375,0.78125,1,128
ARG821123883,América del Sur,Argentina,ARG,Esther,Comuna,Local,2,Santa Fe,Esther,79,2022,0,0,0.2653061224489796,0.3870967741935484,0.7941176470588235,0.5588235294117647,0.38235294117647056,0.9705882352941176,0.07692307692307693,0.25,0,0.5,0.16666666666666666,0,0,0.2058823529411765,0.8823529411764706,1,35
ARG821123890,América del Sur,Argentina,ARG,Gobernador Crespo,Comuna,Local,2,Santa Fe,Gobernador Crespo,6454,2022,0,0.01433082341510808,0.5129393588258014,0.6130851663846588,0.8599523241954709,0.9823361823361824,0.8706552706552707,0.9971509971509972,0.03715415019762846,0.05059797608095676,0.02702702702702703,0.9561503416856492,0.217827626918536,5.391804457225e-4,0.04457225017972682,0.49230769230769234,0.8923076923076924,1,1761
ARG821123897,América del Sur,Argentina,ARG,La Camila,Comuna,Local,2,Santa Fe,La Camila,111,2022,0,0.07633587786259542,0.18571428571428572,0.3541666666666667,0.7647058823529411,0.25,0.375,0.953125,0.07142857142857142,0.17647058823529413,0.02564102564102564,0.203125,0.3421052631578947,0,0.03508771929824561,0.109375,0.828125,1,64
ARG821123904,América del Sur,Argentina,ARG,La Criolla,Comuna,Local,2,Santa Fe,La Criolla,2505,2022,0,0.04340071343638525,0.3495440729483283,0.48255813953488375,0.8295774647887324,0.8315068493150685,0.5356164383561643,0.9767123287671232,0.0260586319218241,0.03614457831325301,0.02037351443123939,0.8575342465753425,0.27697262479871176,0.00474547023295944,0.07851596203623813,0.33287671232876714,0.8602739726027397,1,730
ARG821123911,América del Sur,Argentina,ARG,La Penca y Caraguatá,Comuna,Local,2,Santa Fe,La Penca y Caraguatá,377,2022,0,0.01652892561983471,0.2383177570093458,0.2937062937062937,0.8323699421965318,0.30714285714285716,0.2785714285714286,0.9928571428571428,0.01612903225806451,0.04761904761904761,0.00694444444444444,0.3,0.109375,0,0.01581027667984189,0.32857142857142857,0.95,1,140
ARG821123918,América del Sur,Argentina,ARG,Marcelino Escalada,Comuna,Local,2,Santa Fe,Marcelino Escalada,2042,2022,0,0.03048327137546468,0.3573232323232323,0.3754646840148699,0.7465986394557823,0.8711985688729875,0.3291592128801431,0.9910554561717352,0.0234009360374415,0.03465346534653465,0.01822323462414578,0.9087656529516994,0.30769230769230765,5.5340343110127e-4,0.09131156613171,0.3076923076923077,0.8318425760286225,1,559
ARG821123925,América del Sur,Argentina,ARG,Naré,Comuna,Local,2,Santa Fe,Naré,336,2022,0,0.05187319884726225,0.20476190476190476,0.4172661870503597,0.8589743589743589,0.738562091503268,0.3006535947712418,0.9738562091503268,0.03645833333333333,0.06896551724137931,0.02238805970149253,0.6078431372549019,0.28289473684210525,0,0.02028397565922921,0.2679738562091503,0.8562091503267973,1,154
ARG821123932,América del Sur,Argentina,ARG,Pedro Gómez Cello,Comuna,Local,2,Santa Fe,Pedro Gómez Cello,654,2022,0,0.06934306569343066,0.17405063291139242,0.37383177570093457,0.808,0.7692307692307692,0.27149321266968324,0.9547511312217194,0.09574468085106384,0.175,0.06435643564356436,0.6787330316742082,0.21182266009852216,0.00927152317880794,0.00794701986754966,0.19004524886877827,0.8823529411764706,1,221
ARG821123939,América del Sur,Argentina,ARG,Ramayón,Comuna,Local,2,Santa Fe,Ramayón,693,2022,0,0.04,0.25,0.4228855721393035,0.7715736040609137,0.8185840707964602,0.38495575221238937,0.986725663716814,0.09282700421940927,0.09411764705882351,0.09210526315789472,0.3230088495575221,0.26282051282051283,0,0.01934523809523809,0.22566371681415928,0.7787610619469026,1,226
ARG821123946,América del Sur,Argentina,ARG,San Bernardo,Comuna,Local,2,Santa Fe,San Bernardo,81,2022,0,0.0125,0.12195121951219512,0.13333333333333333,0.8378378378378378,0.12903225806451613,0.3225806451612903,0.8709677419354839,0,0,0,0,0.16666666666666666,0,0.00970873786407766,0.0967741935483871,0.935483870967742,1,32
ARG821123953,América del Sur,Argentina,ARG,San Martín Norte,Comuna,Local,2,Santa Fe,San Martín Norte,954,2022,0,0.05052631578947368,0.26199261992619927,0.3762886597938144,0.7724867724867724,0.821256038647343,0.34299516908212563,0.9661835748792272,0.0228310502283105,0.0410958904109589,0.0136986301369863,0.8164251207729468,0.2302158273381295,0,0.11600587371512482,0.2222222222222222,0.8405797101449275,1,207
ARG821123960,América del Sur,Argentina,ARG,Silva,Comuna,Local,2,Santa Fe,Silva,452,2022,0,0.03296703296703297,0.17857142857142858,0.39864864864864863,0.94,0.6526946107784432,0.28143712574850305,0.9700598802395208,0.03,0.0847457627118644,0.00709219858156028,0.6586826347305389,0.20270270270270271,0,0.03300970873786408,0.20958083832335328,0.8982035928143712,1,167
ARG821123967,América del Sur,Argentina,ARG,Vera y Pintado,Comuna,Local,2,Santa Fe,Vera y Pintado,1343,2022,0,0.03397508493771234,0.3284823284823285,0.5084269662921348,0.7799442896935933,0.8449197860962567,0.6443850267379679,0.9893048128342246,0.04989154013015184,0.04419889502762431,0.05357142857142857,0.8368983957219251,0.2950310559006211,0,0.02825342465753424,0.31283422459893045,0.8502673796791443,1,374
ARG821123974,América del Sur,Argentina,ARG,Videla,Comuna,Local,2,Santa Fe,Videla,2505,2022,0,0.01763367463026166,0.4616915422885572,0.4696755994358251,0.8272327964860908,0.8932655654383737,0.46505717916137235,0.9898348157560356,0.03118040089086859,0.04204204204204204,0.0247787610619469,0.90216010165184235,0.2986798679867987,0,0.00485651214128035,0.3176620076238882,0.8284625158831004,1,788
ARG821190266,América del Sur,Argentina,ARG,Capitán Bermúdez,Municipio,Local,2,Santa Fe,Capitán Bermúdez,30577,2022,0.9999108932199624,0.01664900194311959,0.4779251056389334,0.5717678645187939,0.8618027617701425,0.989129241243,0.6507082464038652,0.9983529153398484,0.0808883606922677,0.1125158027812895,0.05879384304819581,0.9495992093993632,0.18933189655172417,0.00234494477485131,0.01182667799490229,0.42890084550345886,0.8203579663994729,1,9113
ARG821190273,América del Sur,Argentina,ARG,Carcarañá,Municipio,Local,2,Santa Fe,Carcarañá,17350,2022,0,0.01209048361934477,0.47223262198926746,0.5739366515837104,0.852598483447383,0.9815585960737656,0.5254808645647432,0.9982153480071386,0.07659683845264105,0.1065909807631662,0.05596529284164859,0.9543922268490976,0.20011947431302268,0.00212999026290165,0.01703992210321324,0.453896490184414,0.8778504858219314,1,5054
ARG821190280,América del Sur,Argentina,ARG,Fray Luis Beltrán,Municipio,Local,2,Santa Fe,Fray Luis Beltrán,18696,2022,1,0.01587721619476052,0.4426454445664106,0.5397044334975369,0.8569704284852142,0.974845542806708,0.6125330979699911,0.997352162400706,0.07786826689527075,0.113179992698065,0.05516431924882629,0.9649238914626076,0.23453981385729056,0.00357398141529664,0.0128663330950679,0.4320388349514563,0.8380406001765225,1,4534
ARG821190287,América del Sur,Argentina,ARG,Puerto General San Martín,Municipio,Local,2,Santa Fe,Puerto General San Martín,17977,2022,0.9946509449724132,0.02183497795507033,0.29950657894736843,0.5058932285648255,0.8429752066115702,0.983965793693212,0.7495991448423303,0.9981293425975414,0.08178503212363257,0.11923252626770214,0.0588235294117647,0.9300026716537536,0.21423312883435583,0.00208814975016779,0.01051532552763069,0.35515766969535006,0.8623730625334046,1,3748
ARG821190294,América del Sur,Argentina,ARG,Roldán,Municipio,Local,2,Santa Fe,Roldán,30680,2022,0.9980422170462444,0.01727375140818625,0.5352691010412084,0.6250268297918008,0.879528590135312,0.7993467102193187,0.5363975734951003,0.996266915538964,0.04883318928262748,0.07417582417582418,0.03052109181141439,0.9547363509099394,0.2280123131046614,0.00167843905168193,0.00748304077208196,0.48086794213719086,0.8852076528231452,1,4294
ARG821190301,América del Sur,Argentina,ARG,San Lorenzo,Municipio,Local,2,Santa Fe,San Lorenzo,50954,2022,0.9999998646816796,0.01382346343651861,0.5114790780935332,0.5923778501628665,0.856343535122017,0.984960871044573,0.7963252807077238,0.9986389928547124,0.06950816663608002,0.09644781700208951,0.05022435645123199,0.9550187138482475,0.20124720395851692,0.00168688769220787,0.01072687558121931,0.4823409322898945,0.8624702279686969,1,14722
ARG821193981,América del Sur,Argentina,ARG,Aldao,Comuna,Local,2,Santa Fe,Aldao,802,2022,0.9695249876920816,0.0176678445229682,0.3613445378151261,0.5627705627705628,0.905511811023622,0.8042553191489362,0.6595744680851064,0.974468085106383,0.04166666666666666,0.1,0.00869565217391304,0.8468085106382979,0.1653225806451613,0,0.00962861072902338,0.4382978723404255,0.902127659574468,1,235
ARG821193995,América del Sur,Argentina,ARG,Fuentes,Comuna,Local,2,Santa Fe,Fuentes,2729,2022,0,0.01360781577110956,0.4289888953828171,0.5298701298701298,0.8769911504424779,0.9780405405405406,0.9256756756756755,0.9991554054054054,0.04990642545227698,0.08986928104575163,0.02522704339051463,0.977195945945946,0.22908745247148288,0,0.00198807157057654,0.4341216216216216,0.8378378378378378,1,1185
ARG821194002,América del Sur,Argentina,ARG,Luis Palacios,Comuna,Local,2,Santa Fe,Luis Palacios,1543,2022,0.4583431097603634,0.02981366459627329,0.2645161290322581,0.5457317073170732,0.8778409090909091,0.00615384615384615,0.6184615384615384,0.9969230769230768,0.06147540983606557,0.0893854748603352,0.04530744336569579,0.7261538461538461,0.2099125364431487,0.00193236714975845,0.0038647342995169,0.35384615384615387,0.8830769230769231,1,325
ARG821194009,América del Sur,Argentina,ARG,Pujato,Comuna,Local,2,Santa Fe,Pujato,3566,2022,0,0.01616094986807387,0.4681087077093733,0.5780346820809249,0.8418907905460473,0.9284511784511784,0.3737373737373737,0.9983164983164984,0.0363531448355453,0.05428571428571428,0.02420135527589545,0.9427609427609428,0.2160437556973564,0.0032441200324412,0.008110300081103,0.4621212121212121,0.8215488215488216,1,1188
ARG821194016,América del Sur,Argentina,ARG,Ricardone,Comuna,Local,2,Santa Fe,Ricardone,5964,2022,0.9999999999048048,0.00977729494839761,0.5252293577981652,0.5735805330243338,0.9024970273483948,0.9308996088657104,0.7092568448500651,0.998696219035202,0.04146730462519936,0.06868686868686869,0.02371541501976284,0.7861799217731421,0.23536036036036032,3.699593044765e-4,0.00924898261191269,0.5071707953063885,0.9348109517601044,1,769
ARG821194023,América del Sur,Argentina,ARG,San Jerónimo Sud,Comuna,Local,2,Santa Fe,San Jerónimo Sud,3067,2022,0.9303197515642232,0.00943396226415094,0.49667405764966743,0.5830653804930332,0.8655555555555555,0.9453125,0.42522321428571425,1,0.04157218442932729,0.0625,0.0269576379974326,0.9274553571428572,0.18388195232690124,0,0.01438848920863309,0.4866071428571429,0.8895089285714286,1,898
ARG821194030,América del Sur,Argentina,ARG,Timbúes,Comuna,Local,2,Santa Fe,Timbúes,6438,2022,0.4485480380933113,0.02470355731225296,0.3831101956745623,0.5646616541353383,0.8823099415204678,0.8825944170771757,0.5443349753694581,0.9885057471264368,0.06894790602655772,0.10918774966711052,0.04391052195526097,0.9475409836065574,0.23984962406015037,0.00139729855612482,0.01024685607824871,0.3563218390804598,0.8949096880131363,1,1221
ARG821194037,América del Sur,Argentina,ARG,Villa Mugueta,Comuna,Local,2,Santa Fe,Villa Mugueta,2254,2022,0,0.01591511936339522,0.499063670411985,0.5800561797752809,0.8561827956989247,0.9331619537275064,0.5758354755784062,0.9974293059125964,0.04761904761904761,0.07506053268765134,0.02982731554160125,0.9524421593830334,0.2702290076335878,4.4052863436123e-4,0.01145374449339207,0.38046272493573263,0.8637532133676092,1,778
ARG821260308,América del Sur,Argentina,ARG,El Trébol,Municipio,Local,2,Santa Fe,El Trébol,12422,2022,0,0.0092654610404108,0.467606149341142,0.6346823907799518,0.8880393227744402,0.6157773806484554,0.7646157773806486,0.999234107735512,0.03647686832740213,0.05954391891891892,0.01968019680196802,0.9565994383456728,0.2080428954423593,0.00199600798403193,0.00911221036188492,0.5034465151901966,0.8675006382435537,1,3921
ARG821260315,América del Sur,Argentina,ARG,San Jorge,Municipio,Local,2,Santa Fe,San Jorge,19521,2022,0,0.01573946471313556,0.4405441515850844,0.6324965132496513,0.8746835443037975,0.3284207000502428,0.9110701725004188,0.9979902863841902,0.03544004725339634,0.05457552370452039,0.02108745089931776,0.9641601071847262,0.20622237334240057,0.00243686309260079,0.01046743464776251,0.4794841735052755,0.8650142354714453,1,5990
ARG821260322,América del Sur,Argentina,ARG,Sastre y Ortiz,Municipio,Local,2,Santa Fe,Sastre y Ortiz,5855,2022,0,0.01452145214521452,0.4885233358837031,0.6367789834380354,0.8602941176470589,0.01826258637709773,0.8692003948667324,0.998025666337611,0.02352048558421851,0.03139013452914798,0.01775147928994083,0.937314906219151,0.2582106455266138,1.7491691446562e-4,0.00804617806541892,0.4585389930898322,0.8474827245804541,1,2032
ARG821264044,América del Sur,Argentina,ARG,Cañada Rosquín,Comuna,Local,2,Santa Fe,Cañada Rosquín,5619,2022,0,0.01778846153846153,0.3891847603441213,0.6508413461538461,0.8652148322542672,0.8281596452328159,0.7788248337028826,0.9988913525498893,0.02781041911476694,0.04155124653739612,0.01768707482993197,0.939578713968958,0.2055622732769045,0.00354081252329481,0.00577711516958628,0.45620842572062087,0.8592017738359202,1,1811
ARG821264051,América del Sur,Argentina,ARG,Carlos Pellegrini,Comuna,Local,2,Santa Fe,Carlos Pellegrini,5970,2022,0,0.01330108827085852,0.4651533253683791,0.6507263922518159,0.901285046728972,0.0195858981533296,0.8864017907106883,0.9994404029099048,0.02941176470588235,0.04372093023255814,0.01944264419961114,0.9462786793508674,0.1487603305785124,0.00169459612125776,0.00734324985878365,0.5142697257974258,0.863458310016788,1,1790
ARG821264058,América del Sur,Argentina,ARG,Casas,Comuna,Local,2,Santa Fe,Casas,777,2022,0,0.01993865030674846,0.2712765957446808,0.5325670498084292,0.8776223776223776,0.01048951048951049,0.7167832167832168,0.9965034965034966,0.02051282051282051,0.04316546762589928,0.00796812749003984,0.8076923076923077,0.2857142857142857,0.00432432432432432,0.00432432432432432,0.2692307692307692,0.8496503496503497,1,286
ARG821264065,América del Sur,Argentina,ARG,Castelar,Comuna,Local,2,Santa Fe,Castelar,755,2022,0,0.0213089802130898,0.2375,0.4867924528301887,0.8952702702702703,0.06204379562043795,0.624087591240876,0.9963503649635036,0.00507614213197969,0.01550387596899224,0,0.7664233576642335,0.1893939393939394,0.00563697857948139,0.01352874859075535,0.33211678832116787,0.8576642335766423,1,274
ARG821264072,América del Sur,Argentina,ARG,Colonia Belgrano,Comuna,Local,2,Santa Fe,Colonia Belgrano,1420,2022,0,0.01325178389398572,0.41368078175895767,0.6467532467532467,0.908235294117647,0.7981859410430839,0.5736961451247166,0.9954648526077098,0.01732283464566929,0.03614457831325301,0.00518134715025906,0.7505668934240363,0.2123456790123457,0,0.0116822429906542,0.4036281179138322,0.873015873015873,1,442
ARG821264079,América del Sur,Argentina,ARG,Crispi,Comuna,Local,2,Santa Fe,Crispi,454,2022,0,0.03414634146341464,0.1752136752136752,0.5061728395061729,0.8781725888324873,0.05847953216374269,0.6023391812865497,0.9707602339181288,0.03529411764705882,0.07317073170731707,0.01734104046242774,0.3684210526315789,0.11956521739130437,0.00507614213197969,0.01184433164128595,0.25146198830409355,0.9064327485380116,1,171
ARG821264086,América del Sur,Argentina,ARG,Landeta,Comuna,Local,2,Santa Fe,Landeta,1495,2022,0,0.02197802197802198,0.3245997088791849,0.5846153846153846,0.8844621513944223,0.01343570057581573,0.6890595009596929,1,0.01690140845070422,0.03007518796992481,0.009009009009009,0.8579654510556622,0.21975806451612903,0.00131147540983606,0.00131147540983606,0.42418426103646834,0.8560460652591171,1,523
ARG821264093,América del Sur,Argentina,ARG,Las Bandurrias,Comuna,Local,2,Santa Fe,Las Bandurrias,308,2022,0,0.06435643564356436,0.11450381679389313,0.5,0.9722222222222222,0.02325581395348837,0.27906976744186046,0.9767441860465116,0.02797202797202797,0.05263157894736842,0.01904761904761905,0.26744186046511625,0.17142857142857143,0,0.01644736842105263,0.11627906976744186,0.9418604651162792,1,86
ARG821264100,América del Sur,Argentina,ARG,Las Petacas,Comuna,Local,2,Santa Fe,Las Petacas,952,2022,0,0.00863131935881627,0.3542116630669546,0.546031746031746,0.8942307692307693,0.04010695187165775,0.6898395721925134,1,0.01330376940133037,0.02906976744186046,0.003584229390681,0.7967914438502673,0.2147887323943662,0,0.01454898157129,0.3315508021390374,0.8048128342245989,1,374
ARG821264107,América del Sur,Argentina,ARG,Los Cardos,Comuna,Local,2,Santa Fe,Los Cardos,1333,2022,0,0.013711151736745881,0.315712187958884,0.5727482678983834,0.9063745019920318,0.2869022869022869,0.5197505197505198,0.9958419958419958,0.04836415362731152,0.07661290322580645,0.03296703296703297,0.9043659043659044,0.1859504132231405,0.00278164116828929,0.00904033379694019,0.4303534303534304,0.8586278586278586,1,481
ARG821264114,América del Sur,Argentina,ARG,María Susana,Comuna,Local,2,Santa Fe,María Susana,3572,2022,0,0.0101119537739256,0.43013365735115433,0.5951717734447539,0.8868092691622104,0.01376936316695352,0.7082616179001721,0.9965576592082616,0.01833740831295843,0.02964118564742589,0.01105527638190954,0.9320137693631668,0.2198142414860681,0.00143760782058654,0.00575043128234617,0.4836488812392427,0.8580034423407917,1,1164
ARG821264121,América del Sur,Argentina,ARG,Piamonte,Comuna,Local,2,Santa Fe,Piamonte,3622,2022,0,0.01936177841520258,0.41779497098646035,0.6013320647002854,0.8683966635773864,0.0121654501216545,0.7307380373073804,0.9959448499594484,0.03186743148502231,0.05221518987341772,0.01814300960512273,0.913219789132198,0.25390218522372526,2.8304557033682e-4,0.00198131899235776,0.4030819140308192,0.8126520681265207,1,1237
ARG821264128,América del Sur,Argentina,ARG,San Martín de las Escobas,Comuna,Local,2,Santa Fe,San Martín de las Escobas,3047,2022,0,0.00581395348837209,0.4026687598116169,0.6065773447015834,0.8994350282485876,0.5546697038724374,0.7027334851936219,0.9977220956719818,0.0231839258114374,0.03413654618473896,0.01633165829145728,0.7995444191343963,0.1888509670079636,0.00372717107715244,0.00969064480059634,0.5250569476082004,0.8553530751708428,1,881
ARG821264135,América del Sur,Argentina,ARG,Traill,Comuna,Local,2,Santa Fe,Traill,177,2022,0,0.02290076335877862,0.2,0.35185185185185186,0.8813559322033898,0,0.4098360655737705,1,0.05633802816901408,0.21052631578947367,0,0.3770491803278688,0.22448979591836735,0,0,0.3114754098360656,0.9344262295081968,1,61
ARG821330329,América del Sur,Argentina,ARG,Calchaquí,Municipio,Local,2,Santa Fe,Calchaquí,12788,2022,0,0.05036338135917379,0.3542954593903219,0.4611368909512761,0.7632042253521126,0.9033270558694289,0.6148775894538606,0.9770872567482736,0.10641851586733476,0.14779874213836475,0.08112264513648597,0.8594289300282397,0.30367988567345483,9.0735867888576e-4,0.04464204700117957,0.3044569993722536,0.8493408662900188,1,3192
ARG821330336,América del Sur,Argentina,ARG,Vera,Municipio,Local,2,Santa Fe,Vera,22748,2022,0,0.04026384499106775,0.4449646037908198,0.4883720930232558,0.7279960218796618,0.924422554347826,0.5536684782608696,0.974014945652174,0.06456278763971071,0.08558979147214442,0.04918032786885246,0.8935303107488538,0.3980395925427638,0.00131649519723048,0.00609488517236335,0.33984375,0.8478260869565217,1,5906
ARG821334142,América del Sur,Argentina,ARG,Cañada Ombú,Comuna,Local,2,Santa Fe,Cañada Ombú,914,2022,0,0.09219858156028368,0.20600858369098712,0.43333333333333335,0.7628865979381443,0.225,0.115,0.895,0.03982300884955752,0.0641025641025641,0.02702702702702703,0.165,0.23972602739726023,0.08675078864353312,0.08201892744479496,0.13,0.72,1,200
ARG821334149,América del Sur,Argentina,ARG,Fortín Olmos,Comuna,Local,2,Santa Fe,Fortín Olmos,3493,2022,0,0.08415841584158416,0.29473684210526313,0.36858638743455496,0.6731898238747553,0.7243660418963616,0.3914002205071664,0.8776185226019846,0.13076923076923078,0.1789772727272727,0.10610465116279068,0.5016538037486218,0.4022988505747126,9.0470446320868e-4,0.01417370325693606,0.14112458654906285,0.8269018743109151,1,911
ARG821334156,América del Sur,Argentina,ARG,Garabato,Comuna,Local,2,Santa Fe,Garabato,1913,2022,0,0.07586763518966909,0.21045576407506705,0.33948339483394835,0.7037037037037037,0.898238747553816,0.17612524461839532,0.917808219178082,0.0548885077186964,0.09782608695652174,0.03508771929824561,0.06066536203522504,0.41329479768786126,0.00106269925611052,0.0026567481402763,0.11154598825831702,0.8532289628180039,1,513
ARG821334163,América del Sur,Argentina,ARG,Golondrina,Comuna,Local,2,Santa Fe,Golondrina,443,2022,0,0.08754208754208755,0.11527377521613832,0.3436123348017621,0.6763754045307443,0.8065843621399177,0.1934156378600823,0.8559670781893003,0.0313588850174216,0.05128205128205128,0.02392344497607655,0,0.25365853658536586,0.00566251415628539,0,0.10699588477366256,0.8189300411522634,1,243
ARG821334170,América del Sur,Argentina,ARG,Intiyaco,Comuna,Local,2,Santa Fe,Intiyaco,1405,2022,0,0.06896551724137931,0.24164133738601823,0.38177874186550975,0.7721280602636534,0.8663697104677061,0.2717149220489977,0.9242761692650334,0.03583617747440273,0.0625,0.02439024390243902,0.5456570155902004,0.3448275862068966,5.9171597633136e-4,0.00650887573964497,0.17817371937639198,0.8463251670378619,1,452
ARG821334177,América del Sur,Argentina,ARG,La Gallareta,Comuna,Local,2,Santa Fe,La Gallareta,2719,2022,0,0.07551707551707551,0.3102310231023102,0.4349939246658566,0.7354211663066955,0.7885057471264367,0.3655172413793103,0.9333333333333332,0.0356111645813282,0.06145251396648044,0.02202643171806167,0.6977011494252874,0.3497997329773031,0,0.00241212956581667,0.15517241379310345,0.8126436781609195,1,875
ARG821334184,América del Sur,Argentina,ARG,Los Amores,Comuna,Local,2,Santa Fe,Los Amores,1206,2022,0,0.09918319719953324,0.21730382293762576,0.3489010989010989,0.6548463356973995,0.4417989417989418,0.3042328042328042,0.8465608465608466,0.19306930693069307,0.33070866141732286,0.1299638989169675,0.18518518518518515,0.3466135458167331,0,0.00225733634311512,0.14285714285714285,0.8571428571428571,1,381
ARG821334188,América del Sur,Argentina,ARG,Los Tábanos,Comuna,Local,2,Santa Fe,Los Tábanos,495,2022,0,NA,NA,NA,NA,NA,NA,NA,NA,NA,NA,NA,NA,NA,NA,NA,NA,0,NA
ARG821334191,América del Sur,Argentina,ARG,Margarita,Comuna,Local,2,Santa Fe,Margarita,4571,2022,0,0.04772370486656201,0.3825107296137339,0.4526779163609685,0.7791225416036308,0.8555389221556886,0.5905688622754491,0.9752994011976048,0.06557377049180328,0.08103727714748785,0.05631067961165048,0.8390718562874252,0.30863039399624764,0.00138026224982746,0.03496664366229583,0.2679640718562874,0.812125748502994,1,1339
ARG821334198,América del Sur,Argentina,ARG,Tartagal,Comuna,Local,2,Santa Fe,Tartagal,1847,2022,0,0.07856093979441997,0.34101941747572817,0.32669983416252074,0.7217675941080196,0.829867674858223,0.32514177693761814,0.8979206049149338,0.04075235109717868,0.07106598984771574,0.02721088435374149,0.7013232514177694,0.3848101265822785,0.0025497195308516,0.00560938296787353,0.2003780718336484,0.8638941398865785,1,532
ARG821334205,América del Sur,Argentina,ARG,Toba,Comuna,Local,2,Santa Fe,Toba,921,2022,0,0.0778816199376947,0.08184143222506395,0.22641509433962265,0.5093167701863354,0.5868725868725869,0.11969111969111967,0.7953667953667954,0.04017857142857143,0.06666666666666667,0.03048780487804878,0.25096525096525096,0.38562091503267976,0,9.8039215686274e-4,0.04247104247104247,0.7644787644787645,1,259
ARG86,América del Sur,Argentina,ARG,Santiago del Estero,Provincia,Regional,1,Santiago del Estero,NA,1060906,2022,NA,0.04525413677922547,0.34335479069354113,0.4626424333741407,0.7334721459222522,0.8143506979348839,0.5241236223761458,0.914361255318856,0.06248386428468979,0.08535254844487869,0.04777268560953254,0.6456342086788142,0.3683106495390542,0.00290260971521219,0.01317681759473843,0.23067883978940315,0.8221723424080933,1,218323
ARG860070007,América del Sur,Argentina,ARG,Pinto,Municipio,Local,2,Santiago del Estero,Pinto,5468,2022,0,0.0480649188514357,0.25400801603206413,0.4763212079615649,0.7532097004279601,0.9484944532488114,0.6204437400950872,0.9405705229793978,0.06171428571428571,0.07492795389048991,0.05303030303030303,0.8677751385589866,0.6079797340088664,0.00171013253527148,0.00919196237708422,0.20364500792393028,0.8787638668779715,1,1270
ARG860076007,América del Sur,Argentina,ARG,Malbrán,Comisión municipal,Local,2,Santiago del Estero,Malbrán,1377,2022,0,0.06338939197930142,0.22532188841201717,0.6105919003115264,0.7837837837837838,0.9135802469135804,0.5432098765432098,0.962962962962963,0.06126914660831509,0.08673469387755102,0.0421455938697318,0.9076923076923076,0.4757834757834758,0.03278688524590164,0.01366120218579235,0.22839506172839505,0.8703703703703703,1,326
ARG860076308,América del Sur,Argentina,ARG,Argentina,Comisión municipal,Local,2,Santiago del Estero,Argentina,129,2022,0,0.03846153846153846,0.3703703703703703,0.47368421052631576,0.6666666666666666,0.3103448275862069,0.27586206896551724,0.9655172413793104,0.04347826086956521,0.1111111111111111,0,0,0.7391304347826086,0,0,0.13793103448275862,0.896551724137931,1,29
ARG860076315,América del Sur,Argentina,ARG,Casares,Comisión municipal,Local,2,Santiago del Estero,Casares,232,2022,0,0.01298701298701298,0.16981132075471697,0.2903225806451613,0.5897435897435898,0.02631578947368421,0.6578947368421053,0.7894736842105263,0.15625,0.3333333333333333,0.08695652173913043,0.5,1,0,0.01639344262295082,0.10526315789473684,0.8157894736842105,1,38
ARG860140014,América del Sur,Argentina,ARG,Campo Gallo,Municipio,Local,2,Santiago del Estero,Campo Gallo,8294,2022,0,0.06456611570247933,0.2353202846975089,0.42592592592592593,0.7893835616438356,0.989971346704871,0.44126074498567336,0.9512893982808024,0.02878716375648891,0.05434782608695652,0.01518438177874186,0.7098853868194842,0.4755606670500288,0,0.00432622977087005,0.12392550143266476,0.8151862464183381,1,1403
ARG860146014,América del Sur,Argentina,ARG,Sachajoy,Comisión municipal,Local,2,Santiago del Estero,Sachajoy,4177,2022,0,0.09137635636778985,0.21468926553672316,0.3868974042027194,0.7951807228915663,0.2141802067946824,0.3781388478581979,0.9453471196454948,0.01644398766700925,0.03194888178913738,0.00909090909090909,0.6794117647058824,0.2966751918158568,0,0,0.15066469719350073,0.8493353028064993,1,680
ARG860146322,América del Sur,Argentina,ARG,Donadeu,Comisión municipal,Local,2,Santiago del Estero,Donadeu,931,2022,0,0.06321839080459771,0.16494845360824742,0.2054794520547945,0.6645962732919255,0.9612403100775194,0.08527131782945736,0.937984496124031,0.0145985401459854,0,0.01869158878504672,0,0.3909090909090909,0,0,0.02325581395348837,0.6201550387596899,1,129
ARG860146325,América del Sur,Argentina,ARG,Huachana,Comisión municipal,Local,2,Santiago del Estero,Huachana,146,2022,0,NA,NA,NA,NA,NA,NA,NA,NA,NA,NA,NA,NA,NA,NA,NA,NA,0,NA
ARG860146329,América del Sur,Argentina,ARG,Santos Lugares,Comisión municipal,Local,2,Santiago del Estero,Santos Lugares,550,2022,0,0.03092783505154639,0.12727272727272726,0.26666666666666666,0.6712328767123288,0.11940298507462686,0.02985074626865671,0.7910447761194029,0.09230769230769233,0.125,0.08163265306122448,0,0.411764705882353,0,0,0.05970149253731343,0,1,70
ARG860210021,América del Sur,Argentina,ARG,Villa Atamisqui,Municipio,Local,2,Santiago del Estero,Villa Atamisqui,5508,2022,0,0.04014939309056956,0.32823813354786807,0.44629822732012514,0.6300904977375565,0.9806201550387598,0.4366925064599483,0.937984496124031,0.05685279187817259,0.0794392523364486,0.03949730700179533,0.7387387387387387,0.6315049226441631,0.00212830647613256,0.01064153238066281,0.19509043927648576,0.8785529715762274,1,783
ARG860216021,América del Sur,Argentina,ARG,Estación Atamisqui,Comisión municipal,Local,2,Santiago del Estero,Estación Atamisqui,772,2022,0,0.03448275862068965,0.2147651006711409,0.2857142857142857,0.4745762711864407,0.9306930693069306,0.1188118811881188,0.9405940594059408,0.12790697674418605,0.16666666666666666,0.10714285714285714,0,1,0,0.00478468899521531,0.04950495049504951,0.8316831683168316,1,101
ARG860216024,América del Sur,Argentina,ARG,Hoyón,Comisión municipal,Local,2,Santiago del Estero,Hoyón,78,2022,0,NA,NA,NA,NA,NA,NA,NA,NA,NA,NA,NA,NA,NA,NA,NA,NA,0,NA
ARG860216026,América del Sur,Argentina,ARG,Juanillo,Comisión municipal,Local,2,Santiago del Estero,Juanillo,104,2022,0,NA,NA,NA,NA,NA,NA,NA,NA,NA,NA,NA,NA,NA,NA,NA,NA,0,NA
ARG860216028,América del Sur,Argentina,ARG,Medellín,Comisión municipal,Local,2,Santiago del Estero,Medellín,1165,2022,0,0.03865979381443299,0.10655737704918032,0.24096385542168677,0.5617977528089888,0.967741935483871,0.32903225806451614,0.9290322580645162,0.07857142857142857,0.075,0.08,0.2129032258064516,0.5523809523809524,0,0.00707964601769911,0.0967741935483871,0.8193548387096774,1,155
ARG860280028,América del Sur,Argentina,ARG,Colonia Dora,Municipio,Local,2,Santiago del Estero,Colonia Dora,5017,2022,0,0.03273542600896861,0.25279642058165547,0.46579476861167,0.7754698318496538,0.8822829964328182,0.5695600475624256,0.938168846611177,0.09943865276663992,0.15334773218142547,0.06760204081632654,0.7788347205707491,0.4819277108433735,0.00297265160523186,0.00178359096313912,0.19262782401902495,0.8561236623067776,1,841
ARG860286035,América del Sur,Argentina,ARG,Herrera,Comisión municipal,Local,2,Santiago del Estero,Herrera,3216,2022,0,0.05128205128205128,0.3814866760168303,0.4400715563506261,0.6439688715953308,0.9491525423728814,0.49788135593220345,0.9364406779661016,0.04506065857885615,0.05691056910569105,0.03625377643504532,0.9364406779661016,0.6551724137931034,0.00316789862724392,0.00897571277719113,0.19703389830508475,0.875,1,472
ARG860286042,América del Sur,Argentina,ARG,Icaño,Comisión municipal,Local,2,Santiago del Estero,Icaño,3122,2022,0,0.05149884704073789,0.27483870967741936,0.47424511545293074,0.7340241796200345,0.9149797570850204,0.5101214574898786,0.9271255060728744,0.04913294797687861,0.07116104868913857,0.03529411764705882,0.8663967611336032,0.5553435114503816,0.00354430379746835,0.01417721518987341,0.194331983805668,0.8218623481781376,1,494
ARG860286049,América del Sur,Argentina,ARG,Lugones,Comisión municipal,Local,2,Santiago del Estero,Lugones,1808,2022,0,0.02795425667090216,0.22838137472283815,0.3135593220338983,0.6656626506024096,0.9375,0.3914473684210526,0.924342105263158,0.02710843373493976,0.07207207207207207,0.00452488687782805,0,0.5350877192982456,0.00327332242225859,0.00490998363338788,0.13486842105263158,0.9210526315789472,1,304
ARG860286056,América del Sur,Argentina,ARG,Real Sayana,Comisión municipal,Local,2,Santiago del Estero,Real Sayana,2396,2022,0,0.05,0.2122905027932961,0.33902439024390246,0.6421319796954315,0.9588235294117649,0.3088235294117647,0.9147058823529411,0.04846938775510204,0.07913669064748201,0.03162055335968379,0.9294117647058824,0.4684385382059801,0,0,0.1176470588235294,0.8941176470588236,1,340
ARG860286336,América del Sur,Argentina,ARG,Villa Mailín,Comisión municipal,Local,2,Santiago del Estero,Villa Mailín,1864,2022,0,0.04862236628849271,0.10526315789473684,0.2172284644194757,0.571917808219178,0.7477876106194691,0.2256637168141593,0.8008849557522124,0.05777777777777777,0.10344827586206896,0.04191616766467065,0.24336283185840707,0.5342465753424658,9.4250706880301e-4,0.18661639962299717,0.04424778761061947,0.7876106194690266,1,226
ARG860286340,América del Sur,Argentina,ARG,Punta Pozo,Comisión municipal,Local,2,Santiago del Estero,Punta Pozo,10,2022,0,NA,NA,NA,NA,NA,NA,NA,NA,NA,NA,NA,NA,NA,NA,NA,NA,0,NA
ARG860350035,América del Sur,Argentina,ARG,Clodomira,Municipio,Local,2,Santiago del Estero,Clodomira,12618,2022,0,0.04970414201183432,0.4031007751937984,0.4418052256532066,0.70931326434619,0.998159057437408,0.648379970544919,0.9779086892488954,0.06266666666666666,0.10147849462365592,0.03713527851458886,0.9340942562592048,0.4436363636363636,0.00192961499586511,0.00514563998897362,0.20176730486008837,0.812960235640648,1,2719
ARG860350042,América del Sur,Argentina,ARG,La Banda,Municipio,Local,2,Santiago del Estero,La Banda,128665,2022,1,0.02975862882302067,0.4329027929212447,0.5240207566119852,0.7818364305483744,0.9770767303014668,0.6774157883098695,0.9861059924817572,0.06282451842028366,0.08992173774157483,0.04302497471407453,0.8875948993882214,0.3533591501758624,0.00359522243122283,0.00576347513458919,0.2850667059777401,0.8591435099874696,1,27154
ARG860356063,América del Sur,Argentina,ARG,Estación Simbolar,Comisión municipal,Local,2,Santiago del Estero,Estación Simbolar,2917,2022,1,NA,NA,NA,NA,NA,NA,NA,NA,NA,NA,NA,NA,NA,NA,NA,NA,0,NA
ARG860356070,América del Sur,Argentina,ARG,Los Quiroga,Comisión municipal,Local,2,Santiago del Estero,Los Quiroga,2645,2022,0.9195174871031258,0.04221635883905013,0.1851063829787234,0.2752808988764045,0.718562874251497,0.9892086330935252,0.5251798561151079,0.9820143884892086,0.0621301775147929,0.1020408163265306,0.04583333333333333,0.7357142857142858,0.3814814814814815,0,0.00779896013864818,0.12589928057553956,0.8129496402877698,1,280
ARG860356342,América del Sur,Argentina,ARG,Abra Grande,Comisión municipal,Local,2,Santiago del Estero,Abra Grande,301,2022,0,NA,NA,NA,NA,NA,NA,NA,NA,NA,NA,NA,NA,NA,NA,NA,NA,0,NA
ARG860356343,América del Sur,Argentina,ARG,Antajé,Comisión municipal,Local,2,Santiago del Estero,Antajé,406,2022,0,0.06535947712418301,0.0707070707070707,0.109375,0.6666666666666666,0.98,0.02,0.98,0,0,0,0,0.2545454545454545,0,0,0.02,0.74,1,50
ARG860356350,América del Sur,Argentina,ARG,Ardiles,Comisión municipal,Local,2,Santiago del Estero,Ardiles,541,2022,0,0.06666666666666667,0.06315789473684211,0.3898305084745763,0.6666666666666666,0.4603174603174603,0.04761904761904761,0.8888888888888888,0.02898550724637681,0,0.04347826086956521,0,0.4528301886792453,0,0,0.04761904761904761,0.6984126984126984,1,63
ARG860356357,América del Sur,Argentina,ARG,Cañada Escobar,Comisión municipal,Local,2,Santiago del Estero,Cañada Escobar,29,2022,0,0.05612244897959184,0.01652892561983471,0.4457831325301205,0.8125,1,0.0821917808219178,0.8767123287671232,0.00869565217391304,0.02702702702702703,0,0,0.07317073170731708,0,0.00314465408805031,0.0136986301369863,0.7534246575342466,1,73
ARG860356364,América del Sur,Argentina,ARG,Chaupi Pozo,Comisión municipal,Local,2,Santiago del Estero,Chaupi Pozo,416,2022,0,0.15348837209302327,0.03418803418803419,0.39,0.7252747252747253,0.865979381443299,0.16494845360824742,0.8762886597938144,0.2761904761904762,0.28205128205128205,0.2727272727272727,0,0.5714285714285714,0,0,0.01030927835051546,0.8350515463917526,1,97
ARG860356368,América del Sur,Argentina,ARG,El Aibé,Comisión municipal,Local,2,Santiago del Estero,El Aibé,357,2022,0,NA,NA,NA,NA,NA,NA,NA,NA,NA,NA,NA,NA,NA,NA,NA,NA,0,NA
ARG860356371,América del Sur,Argentina,ARG,La Aurora,Comisión municipal,Local,2,Santiago del Estero,La Aurora,970,2022,0,0.08281573498964803,0.13074204946996468,0.2798165137614679,0.7568807339449541,0.8488372093023255,0.1046511627906977,0.8546511627906976,0,0,0,0,0.33695652173913043,0,0,0.01162790697674418,0.7209302325581395,1,172
ARG860356378,América del Sur,Argentina,ARG,San Ramón - La Dársena,Comisión municipal,Local,2,Santiago del Estero,San Ramón - La Dársena,952,2022,0.999999999914784,NA,NA,NA,NA,NA,NA,NA,NA,NA,NA,NA,NA,NA,NA,NA,NA,0,NA
ARG860356382,América del Sur,Argentina,ARG,Negra Muerta,Comisión municipal,Local,2,Santiago del Estero,Negra Muerta,48,2022,0,NA,NA,NA,NA,NA,NA,NA,NA,NA,NA,NA,NA,NA,NA,NA,NA,0,NA
ARG860420049,América del Sur,Argentina,ARG,Bandera,Municipio,Local,2,Santiago del Estero,Bandera,8432,2022,0,0.04775465498357065,0.3138899015676267,0.5049212598425197,0.8435782108945528,0.7507280139778684,0.6039603960396039,0.9953407105416424,0.02358142962417096,0.03703703703703703,0.01540284360189573,0.9679673849737916,0.20208023774145617,0.00474296205630354,0.00474296205630354,0.3465346534653465,0.916715200931858,1,1731
ARG860426077,América del Sur,Argentina,ARG,Fortín Inca,Comisión municipal,Local,2,Santiago del Estero,Fortín Inca,590,2022,0,0.0670926517571885,0.19672131147540983,0.2857142857142857,0.7131147540983607,0.2518518518518519,0.3333333333333333,1,0.00775193798449612,0,0.01149425287356321,1,0.5,0.00205338809034907,0,0.14814814814814814,0.762962962962963,1,135
ARG860426084,América del Sur,Argentina,ARG,Guardia Escolta,Comisión municipal,Local,2,Santiago del Estero,Guardia Escolta,956,2022,0,0.06135986733001658,0.2140845070422535,0.41015625,0.7660377358490567,0.296137339055794,0.3690987124463519,0.9871244635193132,0.03896103896103896,0.04761904761904761,0.03448275862068965,1,0.26905829596412556,0.00111856823266219,0.00335570469798657,0.1459227467811159,0.8154506437768241,1,236
ARG860426385,América del Sur,Argentina,ARG,Cuatro Bocas,Comisión municipal,Local,2,Santiago del Estero,Cuatro Bocas,148,2022,0,0.02597402597402597,0.21818181818181817,0.425,0.7058823529411765,0.84375,0.6875,1,0.0975609756097561,0.17647058823529413,0.04166666666666666,0,0.15625,0,0,0.21875,0.90625,1,32
ARG860490056,América del Sur,Argentina,ARG,Santiago del Estero,Municipio,Local,2,Santiago del Estero,Santiago del Estero,310148,2022,0.998914529985216,0.02249949201781507,0.5188995926359774,0.583409104327803,0.7964192631592734,0.9920045688178184,0.7539475512062606,0.9883618627193728,0.06609808102345416,0.08984738695704975,0.04680228255685836,0.9019450571485864,0.40511733107152953,0.00289561833599528,0.0094436190847934191,0.39129763687159463,0.8739253245249818,1,64902
ARG860496388,América del Sur,Argentina,ARG,El Deán,Comisión municipal,Local,2,Santiago del Estero,El Deán,983,2022,0.4010431633981053,NA,NA,NA,NA,NA,NA,NA,NA,NA,NA,NA,NA,NA,NA,NA,NA,0,NA
ARG860496390,América del Sur,Argentina,ARG,Remes,Comisión municipal,Local,2,Santiago del Estero,Remes,218,2022,0,NA,NA,NA,NA,NA,NA,NA,NA,NA,NA,NA,NA,NA,NA,NA,NA,0,NA
ARG860496391,América del Sur,Argentina,ARG,San Benito,Comisión municipal,Local,2,Santiago del Estero,San Benito,233,2022,0,NA,NA,NA,NA,NA,NA,NA,NA,NA,NA,NA,NA,NA,NA,NA,NA,0,NA
ARG860496392,América del Sur,Argentina,ARG,San Pedro,Comisión municipal,Local,2,Santiago del Estero,San Pedro,551,2022,0,NA,NA,NA,NA,NA,NA,NA,NA,NA,NA,NA,NA,NA,NA,NA,NA,0,NA
ARG860496394,América del Sur,Argentina,ARG,Santa María,Comisión municipal,Local,2,Santiago del Estero,Santa María,486,2022,0,NA,NA,NA,NA,NA,NA,NA,NA,NA,NA,NA,NA,NA,NA,NA,NA,0,NA
ARG860496396,América del Sur,Argentina,ARG,Sol de Mayo,Comisión municipal,Local,2,Santiago del Estero,Sol de Mayo,90,2022,0,NA,NA,NA,NA,NA,NA,NA,NA,NA,NA,NA,NA,NA,NA,NA,NA,0,NA
ARG860496399,América del Sur,Argentina,ARG,Villa Zanjón,Comisión municipal,Local,2,Santiago del Estero,Villa Zanjón,5280,2022,0.8319536423344109,0.02810304449648712,0.6053639846743295,0.3542600896860987,0.7553516819571865,1,0.8062015503875969,1,0,0,0,1,0.6788321167883212,0,0,0.5,0.9341085271317828,1,258
ARG860496403,América del Sur,Argentina,ARG,Vuelta de la Barranca,Comisión municipal,Local,2,Santiago del Estero,Vuelta de la Barranca,630,2022,0,NA,NA,NA,NA,NA,NA,NA,NA,NA,NA,NA,NA,NA,NA,NA,NA,0,NA
ARG860560063,América del Sur,Argentina,ARG,Monte Quemado,Municipio,Local,2,Santiago del Estero,Monte Quemado,17316,2022,0,0.05071218074656188,0.34664436546100774,0.3793923381770145,0.7125137816979051,0.9771888627977188,0.4189869171418987,0.9637705467963772,0.03382243223078836,0.04665738161559889,0.02669245647969052,0.7358364063023801,0.3848850798597585,6.3780594754046e-4,0.00948736346966435,0.1875209661187521,0.8198591076819859,1,2996
ARG860560070,América del Sur,Argentina,ARG,Pampa de los Guanacos,Municipio,Local,2,Santiago del Estero,Pampa de los Guanacos,6394,2022,0,0.07386363636363637,0.21428571428571427,0.38461538461538464,0.7617079889807162,0.8590492076730608,0.390325271059216,0.9424520433694744,0.03534430225472273,0.05794392523364486,0.02441229656419529,0.6330275229357798,0.3634782608695652,7.5858145268348e-4,0.00417219798975915,0.16763969974979148,0.7998331943286072,1,1206
ARG860566091,América del Sur,Argentina,ARG,Los Pirpintos,Comisión municipal,Local,2,Santiago del Estero,Los Pirpintos,2125,2022,0,0.0960989533777355,0.17398373983739837,0.3231441048034934,0.6721649484536083,0.9769230769230768,0.3974358974358974,0.9615384615384616,0.04430379746835443,0.08108108108108109,0.02760736196319018,0.0641025641025641,0.490506329113924,0,0.00173510699826489,0.09487179487179488,0.823076923076923,1,393
ARG860566405,América del Sur,Argentina,ARG,Ahí Veremos,Comisión municipal,Local,2,Santiago del Estero,Ahí Veremos,129,2022,0,NA,NA,NA,NA,NA,NA,NA,NA,NA,NA,NA,NA,NA,NA,NA,NA,0,NA
ARG860566406,América del Sur,Argentina,ARG,El Caburé,Comisión municipal,Local,2,Santiago del Estero,El Caburé,1007,2022,0,0.07751937984496124,0.097165991902834,0.34502923976608185,0.7512953367875648,0.99375,0.25625000000000003,0.975,0.02450980392156862,0.03389830508474576,0.02068965517241379,0,0.4273504273504274,0,0,0.05625,0.8125,1,161
ARG860566413,América del Sur,Argentina,ARG,San José del Boquerón,Comisión municipal,Local,2,Santiago del Estero,San José del Boquerón,795,2022,0,0.04545454545454545,0.25,0.3333333333333333,0.7333333333333333,1,0.09090909090909093,0.8181818181818182,0.2307692307692308,0,0.2727272727272727,0,0.5,0,0.5789473684210527,0,0.18181818181818185,1,11
ARG860566420,América del Sur,Argentina,ARG,Villa Matoque,Comisión municipal,Local,2,Santiago del Estero,Villa Matoque,50,2022,0,0.11820083682008369,0.07063197026022305,0.4759493670886076,0.6850574712643678,0.01240694789081886,0.01240694789081886,0.4962779156327544,0.06995884773662552,0.06914893617021277,0.07046979865771812,0,0.427536231884058,0,0.10784313725490197,0.00744416873449131,0.15632754342431762,1,404
ARG860630077,América del Sur,Argentina,ARG,Frías,Municipio,Local,2,Santiago del Estero,Frías,33557,2022,0,0.02345980173353402,0.4306129192136131,0.5424179380490061,0.7955928901874848,0.99502554450121,0.7792417316482925,0.99005108900242,0.06065194157463484,0.08033240997229917,0.04651874521805662,0.9196020435600968,0.35949875871852466,0.00138841982813614,0.00555367931254456,0.3151384780855069,0.8397418660930358,1,7438
ARG860636098,América del Sur,Argentina,ARG,Choya,Comisión municipal,Local,2,Santiago del Estero,Choya,1563,2022,0,0.0647887323943662,0.27403846153846156,0.3774193548387097,0.7301587301587301,0.9926739926739928,0.46886446886446886,0.9597069597069596,0.07492795389048991,0.1111111111111111,0.05652173913043478,0.8901098901098901,0.3886792452830189,0,0.00383877159309021,0.14652014652014653,0.7472527472527473,1,273
ARG860636105,América del Sur,Argentina,ARG,Laprida,Comisión municipal,Local,2,Santiago del Estero,Laprida,1878,2022,0,0.06161745827984596,0.17094017094017094,0.3871866295264624,0.6063218390804598,0.6305084745762712,0.23728813559322037,0.9694915254237289,0.06571428571428571,0.07913669064748201,0.05687203791469194,0.8508474576271187,0.37262357414448666,0,0,0.04406779661016949,0.8101694915254237,1,295
ARG860636112,América del Sur,Argentina,ARG,Tapso,Comisión municipal,Local,2,Santiago del Estero,Tapso,891,2022,0,0.04194260485651214,0.1916376306620209,0.601010101010101,0.8113207547169812,0.9197530864197532,0.40740740740740744,0.9691358024691358,0.05154639175257732,0.06722689075630252,0.04069767441860465,0,0.5952380952380953,0,0.01013024602026049,0.13580246913580246,0.8518518518518519,1,162
ARG860636119,América del Sur,Argentina,ARG,Villa La Punta,Comisión municipal,Local,2,Santiago del Estero,Villa La Punta,1240,2022,0,0.04078014184397163,0.2631578947368421,0.46825396825396826,0.7786885245901639,0.914691943127962,0.48815165876777256,0.95260663507109,0.08441558441558442,0.1271186440677966,0.05789473684210526,0.8483412322274881,0.6282051282051282,0,0.01587301587301587,0.13270142180094788,0.8815165876777251,1,211
ARG860706126,América del Sur,Argentina,ARG,Bandera Bajada,Comisión municipal,Local,2,Santiago del Estero,Bandera Bajada,1204,2022,0,0.06605222734254992,0.39502762430939226,0.3872053872053872,0.6198630136986302,0.5594713656387665,0.3920704845814978,0.9559471365638768,0.02702702702702703,0.04347826086956521,0.01657458563535911,0.01762114537444934,0.5989847715736041,0,0.04045643153526971,0.14977973568281938,0.8502202643171806,1,227
ARG860706133,América del Sur,Argentina,ARG,La Cañada,Comisión municipal,Local,2,Santiago del Estero,La Cañada,2331,2022,0,0.04473438956197577,0.20031055900621117,0.3577586206896552,0.787819253438114,1,0.47783251231527096,0.9408866995073892,0.04938271604938271,0.08433734939759036,0.03491271820448877,0.7068965517241379,0.351421188630491,0.0017688679245283,0.00294811320754717,0.05172413793103448,0.6625615763546798,1,406
ARG860706424,América del Sur,Argentina,ARG,Caspi Corral,Comisión municipal,Local,2,Santiago del Estero,Caspi Corral,941,2022,0,NA,NA,NA,NA,NA,NA,NA,NA,NA,NA,NA,NA,NA,NA,NA,NA,0,NA
ARG860706427,América del Sur,Argentina,ARG,Colonia San Juan,Comisión municipal,Local,2,Santiago del Estero,Colonia San Juan,281,2022,0,0.10909090909090909,0.15151515151515152,0.28,0.6956521739130435,0.20833333333333337,0,0.9583333333333334,0.04347826086956521,0,0.0625,0,0.2307692307692308,0,0,0.04166666666666666,0.5416666666666666,1,24
ARG860706431,América del Sur,Argentina,ARG,El Cruce,Comisión municipal,Local,2,Santiago del Estero,El Cruce,2159,2022,0,NA,NA,NA,NA,NA,NA,NA,NA,NA,NA,NA,NA,NA,NA,NA,NA,0,NA
ARG860706434,América del Sur,Argentina,ARG,La Invernada,Comisión municipal,Local,2,Santiago del Estero,La Invernada,707,2022,0,0.10736196319018404,0.2033898305084746,0.37142857142857144,0.63125,0.8230088495575222,0.23008849557522124,0.8053097345132744,0.09803921568627452,0.19230769230769232,0.04950495049504951,0,0.32941176470588235,0,0.01547388781431334,0.05309734513274336,0.7610619469026548,1,113
ARG860706438,América del Sur,Argentina,ARG,Vaca Huañuna,Comisión municipal,Local,2,Santiago del Estero,Vaca Huañuna,137,2022,0,NA,NA,NA,NA,NA,NA,NA,NA,NA,NA,NA,NA,NA,NA,NA,NA,0,NA
ARG860706441,América del Sur,Argentina,ARG,Villa Figueroa,Comisión municipal,Local,2,Santiago del Estero,Villa Figueroa,200,2022,0,0,0.1153846153846154,0.4375,0.7142857142857143,0.2222222222222222,0.1111111111111111,0.9444444444444444,0,0,0,0,0.4705882352941177,0,0.01388888888888888,0,0.8333333333333334,1,18
ARG860770084,América del Sur,Argentina,ARG,Añatuya,Municipio,Local,2,Santiago del Estero,Añatuya,29746,2022,0,0.05332649660299961,0.3503783783783784,0.47801804382070745,0.7383870479648964,0.9819309123117804,0.6184233835252436,0.9546501328609388,0.07447067412995863,0.10635110844817255,0.0526639344262295,0.8841862936072251,0.3441259731068648,0.00304904234303873,0.00558275358584557,0.24800708591674048,0.828875110717449,1,5680
ARG860770091,América del Sur,Argentina,ARG,Los Juríes,Municipio,Local,2,Santiago del Estero,Los Juríes,4983,2022,0,0.06666666666666667,0.27709279688513955,0.4511400651465798,0.795233892321271,0.2521097046413502,0.3586497890295358,0.95042194092827,0.05085910652920962,0.05776173285198556,0.04661487236403995,0.8955696202531646,0.3025027203482046,7.8267675450039e-4,0.00678319853900339,0.2046413502109705,0.9092827004219408,1,948
ARG860776140,América del Sur,Argentina,ARG,Tomás Young,Comisión municipal,Local,2,Santiago del Estero,Tomás Young,857,2022,0,0.07518796992481203,0.16875,0.3955223880597014,0.7787610619469026,0.5700934579439252,0.5887850467289719,0.97196261682243,0.0851063829787234,0.09433962264150944,0.07954545454545454,0.5700934579439252,0.3516483516483517,0,0.00879120879120879,0.11214953271028036,0.8037383177570093,1,107
ARG860776448,América del Sur,Argentina,ARG,Averías,Comisión municipal,Local,2,Santiago del Estero,Averías,554,2022,0,0.06722689075630252,0.05633802816901408,0.16842105263157894,0.825,0.10869565217391304,0.03260869565217391,0.8695652173913043,0,0,0,0,0.19626168224299065,0,0,0.10869565217391304,0.8804347826086957,1,92
ARG860776455,América del Sur,Argentina,ARG,Tacañitas,Comisión municipal,Local,2,Santiago del Estero,Tacañitas,1710,2022,0,0.0959119496855346,0.05128205128205128,0.4280701754385965,0.6631944444444444,0.12946428571428573,0.06696428571428571,0.8035714285714286,0.04153354632587859,0.04918032786885246,0.03664921465968586,0,0.2299465240641711,0,0,0.04017857142857143,0.8258928571428571,1,224
ARG860776459,América del Sur,Argentina,ARG,La Nena - La Simona,Comisión municipal,Local,2,Santiago del Estero,La Nena - La Simona,399,2022,0,NA,NA,NA,NA,NA,NA,NA,NA,NA,NA,NA,NA,NA,NA,NA,NA,0,NA
ARG860840098,América del Sur,Argentina,ARG,San Pedro de Guasayán,Municipio,Local,2,Santiago del Estero,San Pedro de Guasayán,2968,2022,0,0.04299583911234397,0.35260115606936415,0.3704268292682927,0.6666666666666666,0.9058380414312616,0.5574387947269304,0.9453860640301318,0.10719754977029096,0.13580246913580246,0.0902439024390244,0.751412429378531,0.5100222717149221,0,0.00650976464697045,0.1544256120527307,0.8606403013182674,1,532
ARG860846147,América del Sur,Argentina,ARG,Lavalle,Comisión municipal,Local,2,Santiago del Estero,Lavalle,1932,2022,0,0.03454384410983171,0.37202380952380953,0.4359504132231405,0.6997971602434077,0.9827586206896552,0.6163793103448276,0.9461206896551724,0.05035971223021582,0.06161137440758293,0.04347826086956521,0.9094827586206896,0.44179894179894175,0,6.4350064350064e-4,0.22844827586206895,0.8405172413793104,1,464
ARG860846462,América del Sur,Argentina,ARG,Doña Luisa,Comisión municipal,Local,2,Santiago del Estero,Doña Luisa,167,2022,0,0.03896103896103896,0.04022988505747126,0.23157894736842105,0.5419354838709678,0.7833333333333333,0.03333333333333333,0.8333333333333333,0.05660377358490566,0.09090909090909093,0.04761904761904761,0,0.6078431372549019,0,0.01890756302521008,0.00833333333333333,0.8166666666666667,1,120
ARG860846469,América del Sur,Argentina,ARG,Guampacha,Comisión municipal,Local,2,Santiago del Estero,Guampacha,472,2022,0,0.05093378607809847,0.08588957055214724,0.3319672131147541,0.7248062015503876,0.885,0.11,0.845,0.08955223880597014,0.1111111111111111,0.08021390374331551,0,0.34946236559139787,0,0.01084598698481561,0.05,0.87,1,200
ARG860846474,América del Sur,Argentina,ARG,Santa Catalina,Comisión municipal,Local,2,Santiago del Estero,Santa Catalina,320,2022,0,NA,NA,NA,NA,NA,NA,NA,NA,NA,NA,NA,NA,NA,NA,NA,NA,0,NA
ARG860846476,América del Sur,Argentina,ARG,Villa Guasayán,Comisión municipal,Local,2,Santiago del Estero,Villa Guasayán,326,2022,0,0.05475504322766571,0.05909090909090909,0.265625,0.6625766871165644,0.53125,0.0546875,0.7265625,0.1056338028169014,0.17647058823529413,0.08333333333333333,0,0.3968253968253968,0,0.010351966873706,0.015625,0.7265625,1,128
ARG860910105,América del Sur,Argentina,ARG,Pozo Hondo,Municipio,Local,2,Santiago del Estero,Pozo Hondo,4688,2022,0,0.06601123595505617,0.2764227642276423,0.3372340425531915,0.612668743509865,0.934010152284264,0.4403553299492386,0.9416243654822336,0.07607497243660419,0.08517350157728706,0.0711864406779661,0.8362944162436549,0.5879218472468917,0.00184672206832871,0.00738688827331486,0.15609137055837563,0.8489847715736041,1,791
ARG860916154,América del Sur,Argentina,ARG,El Bobadal,Comisión municipal,Local,2,Santiago del Estero,El Bobadal,2887,2022,0,0.08127572016460906,0.21082089552238809,0.3642533936651583,0.7122969837587007,0.952,0.25866666666666666,0.9626666666666668,0.03632478632478633,0.05590062111801242,0.0260586319218241,0.792,0.6637168141592921,0.01432469304229195,0.00409276944065484,0.128,0.8906666666666667,1,375
ARG860916161,América del Sur,Argentina,ARG,El Charco,Comisión municipal,Local,2,Santiago del Estero,El Charco,1155,2022,0,0.14229457086599945,0.119382964453387,0.1825614861329147,0.5430575713594581,0.9552238805970148,0.2985074626865672,1,0.0173992673992674,0,0.01933251933251933,0.3731343283582089,0.6086691086691087,0,0,0.08955223880597014,0.7761194029850746,1,67
ARG860916168,América del Sur,Argentina,ARG,Gramilla,Comisión municipal,Local,2,Santiago del Estero,Gramilla,967,2022,0,0.08536066532673553,0.13516334115805947,0.2822488650913747,0.5399502276818808,0.6264367816091954,0.1264367816091954,0.8045977011494253,0.1549193246834705,0.2251509054325956,0.12259907160285036,0,0.7302463273182855,0,0.00140845070422535,0.07471264367816091,0.8045977011494252,1,174
ARG860916483,América del Sur,Argentina,ARG,El Arenal,Comisión municipal,Local,2,Santiago del Estero,El Arenal,2277,2022,0,0,0.5,0.6666666666666666,0.7857142857142857,1,0.2307692307692308,1,0,0,0,1,0.8571428571428572,0,0,0.38461538461538464,0.9230769230769232,1,13
ARG860916487,América del Sur,Argentina,ARG,Tres Cruces,Comisión municipal,Local,2,Santiago del Estero,Tres Cruces,161,2022,0,NA,NA,NA,NA,NA,NA,NA,NA,NA,NA,NA,NA,NA,NA,NA,NA,0,NA
ARG860980112,América del Sur,Argentina,ARG,Suncho Corral,Municipio,Local,2,Santiago del Estero,Suncho Corral,9287,2022,0,0.04404362416107382,0.3526334147192187,0.4866920152091255,0.714897667777249,0.9969456322541236,0.4483811850946854,0.9651802076970069,0.02969121140142517,0.0341796875,0.02663115845539281,0.6786805131337813,0.35974643423137875,0,0.00553326877853091,0.1740989615149664,0.8521686010995724,1,1643
ARG860986175,América del Sur,Argentina,ARG,Matará,Comisión municipal,Local,2,Santiago del Estero,Matará,1748,2022,0,0.06009244992295839,0.2512820512820513,0.21806853582554517,0.6900369003690037,0.996031746031746,0.3531746031746032,0.9365079365079364,0.01945525291828793,0.02857142857142857,0.0160427807486631,0.7976190476190477,0.34134615384615385,0,0.01194539249146757,0.07142857142857142,0.8611111111111112,1,252
ARG860986182,América del Sur,Argentina,ARG,Vilelas,Comisión municipal,Local,2,Santiago del Estero,Vilelas,2215,2022,0,0.10261374636979673,0.13666666666666666,0.3182844243792325,0.814,0.967005076142132,0.08375634517766498,0.9365482233502538,0.0145985401459854,0.03546099290780142,0.00737100737100737,0,0.1910669975186104,5.7670126874279e-4,0.00403690888119953,0.05583756345177665,0.8299492385786802,1,395
ARG860986183,América del Sur,Argentina,ARG,Yuchán,Comisión municipal,Local,2,Santiago del Estero,Yuchán,801,2022,0,NA,NA,NA,NA,NA,NA,NA,NA,NA,NA,NA,NA,NA,NA,NA,NA,0,NA
ARG860986490,América del Sur,Argentina,ARG,El Colorado,Comisión municipal,Local,2,Santiago del Estero,El Colorado,850,2022,0,0.06636155606407322,0.11857707509881422,0.2391304347826087,0.7477876106194691,0.9877300613496932,0.25153374233128833,0.9079754601226994,0.01408450704225352,0,0.01775147928994083,0.7239263803680982,0.2601156069364162,0,0.04189189189189189,0.08588957055214724,0.4723926380368098,1,163
ARG860986497,América del Sur,Argentina,ARG,El Cuadrado,Comisión municipal,Local,2,Santiago del Estero,El Cuadrado,45,2022,0,0.1827956989247312,0.12962962962962962,0.08333333333333333,0.35714285714285715,0.02631578947368421,0.10526315789473684,0.4473684210526315,0.05555555555555555,0,0.06666666666666667,0,0.125,0,0,0.13157894736842105,0.631578947368421,1,38
ARG860986501,América del Sur,Argentina,ARG,Melero,Comisión municipal,Local,2,Santiago del Estero,Melero,488,2022,0,NA,NA,NA,NA,NA,NA,NA,NA,NA,NA,NA,NA,NA,NA,NA,NA,0,NA
ARG860986504,América del Sur,Argentina,ARG,Pozo del Toba,Comisión municipal,Local,2,Santiago del Estero,Pozo del Toba,165,2022,0,0.07848101265822785,0.08906882591093117,0.10303030303030304,0.6138613861386139,0.11643835616438356,0.09589041095890412,0.8150684931506849,0.00709219858156028,0.0588235294117647,0,0,0.18604651162790695,0,0.09828393135725429,0.03424657534246575,0.4246575342465753,1,146
ARG860986505,América del Sur,Argentina,ARG,San Antonio - Roldán,Comisión municipal,Local,2,Santiago del Estero,San Antonio - Roldán,434,2022,0,NA,NA,NA,NA,NA,NA,NA,NA,NA,NA,NA,NA,NA,NA,NA,NA,0,NA
ARG861050119,América del Sur,Argentina,ARG,Loreto,Municipio,Local,2,Santiago del Estero,Loreto,14549,2022,0,0.02441265257907862,0.4157591287636131,0.46415620641562066,0.6862931307375751,0.9925622908144291,0.6452212718482707,0.9858683525474152,0.043580375782881,0.046875,0.04105166051660516,0.894384529564894,0.4823780704877181,0.0027282648235722,0.00454710803928701,0.25846039419858685,0.8888062476757159,1,2696
ARG861050770,América del Sur,Argentina,ARG,La Noria,Comisión municipal,Local,2,Santiago del Estero,La Noria,337,2022,0,NA,NA,NA,NA,NA,NA,NA,NA,NA,NA,NA,NA,NA,NA,NA,NA,0,NA
ARG861056185,América del Sur,Argentina,ARG,San Vicente,Comisión municipal,Local,2,Santiago del Estero,San Vicente,286,2022,0,NA,NA,NA,NA,NA,NA,NA,NA,NA,NA,NA,NA,NA,NA,NA,NA,0,NA
ARG861056186,América del Sur,Argentina,ARG,Sauce Solo,Comisión municipal,Local,2,Santiago del Estero,Sauce Solo,130,2022,0,NA,NA,NA,NA,NA,NA,NA,NA,NA,NA,NA,NA,NA,NA,NA,NA,0,NA
ARG861056187,América del Sur,Argentina,ARG,Tío Pozo,Comisión municipal,Local,2,Santiago del Estero,Tío Pozo,595,2022,0,NA,NA,NA,NA,NA,NA,NA,NA,NA,NA,NA,NA,NA,NA,NA,NA,0,NA
ARG861126189,América del Sur,Argentina,ARG,Villa Unión,Comisión municipal,Local,2,Santiago del Estero,Villa Unión,719,2022,0,0.02777777777777777,0.13615023474178403,0.4375,0.7887323943661971,0.4573170731707317,0.4268292682926829,0.8902439024390244,0.07428571428571429,0.07936507936507936,0.07142857142857142,1,0.5175438596491228,0.00392156862745098,0.00980392156862745,0.06707317073170732,0.823170731707317,1,164
ARG861190126,América del Sur,Argentina,ARG,Quimilí,Municipio,Local,2,Santiago del Estero,Quimilí,19035,2022,0,0.0606399187404774,0.2637749120750293,0.4949404092646728,0.8308245338126263,0.9434531979138072,0.5476255833104584,0.965962119132583,0.03136124766909645,0.03907314856883235,0.02677122769064359,0.8075761734833928,0.2768022181146026,0.004384799362211,0.00724156258304544,0.22701070546253088,0.8517705188031842,1,3664
ARG861190133,América del Sur,Argentina,ARG,Tintina,Municipio,Local,2,Santiago del Estero,Tintina,6474,2022,0,0.06429489927132448,0.3049490538573508,0.43381642512077295,0.7598086124401914,0.9873417721518988,0.5139240506329114,0.9569620253164558,0.04746580852775543,0.06013363028953229,0.04030226700251889,0.8481012658227848,0.3282442748091603,0.001696352841391,0.00424088210347752,0.18860759493670887,0.8291139240506329,1,798
ARG861196196,América del Sur,Argentina,ARG,Weisburd,Comisión municipal,Local,2,Santiago del Estero,Weisburd,2382,2022,0,0.07180851063829788,0.2195121951219512,0.22085889570552147,0.615678776290631,0.977715877437326,0.2646239554317549,0.9749303621169916,0.01860465116279069,0.04629629629629629,0.0093167701863354,0.7855153203342619,0.4155124653739612,0.00325732899022801,0,0.06963788300835655,0.8802228412256268,1,359
ARG861196507,América del Sur,Argentina,ARG,Amamá,Comisión municipal,Local,2,Santiago del Estero,Amamá,494,2022,0,NA,NA,NA,NA,NA,NA,NA,NA,NA,NA,NA,NA,NA,NA,NA,NA,0,NA
ARG861196509,América del Sur,Argentina,ARG,Granadero Gatica,Comisión municipal,Local,2,Santiago del Estero,Granadero Gatica,679,2022,0,NA,NA,NA,NA,NA,NA,NA,NA,NA,NA,NA,NA,NA,NA,NA,NA,0,NA
ARG861196511,América del Sur,Argentina,ARG,Las Tinajas,Comisión municipal,Local,2,Santiago del Estero,Las Tinajas,910,2022,0,0.07549234135667396,0.05807622504537205,0.20738636363636365,0.7840172786177105,0.10703363914373087,0.0091743119266055,0.617737003058104,0.02293577981651376,0.0273972602739726,0.02203856749311295,0,0.1662269129287599,0,0,0.01223241590214067,0.672782874617737,1,328
ARG861196515,América del Sur,Argentina,ARG,Libertad,Comisión municipal,Local,2,Santiago del Estero,Libertad,542,2022,0,NA,NA,NA,NA,NA,NA,NA,NA,NA,NA,NA,NA,NA,NA,NA,NA,0,NA
ARG861196518,América del Sur,Argentina,ARG,Otumpa,Comisión municipal,Local,2,Santiago del Estero,Otumpa,618,2022,0,0.08203125,0.06716417910447761,0.3790322580645161,0.7844827586206896,0.6597938144329897,0.05154639175257732,0.9278350515463918,0,0,0,0,0.24561403508771928,0,0,0,0.4742268041237113,1,97
ARG861196525,América del Sur,Argentina,ARG,Lilo Viejo - Patay,Comisión municipal,Local,2,Santiago del Estero,Lilo Viejo - Patay,647,2022,0,0.0851063829787234,0.01219512195121951,0.16279069767441862,0.7307692307692307,0.2,0.04444444444444444,0.5777777777777777,0,0,0,0,1,0,0,0,0.3111111111111111,1,45
ARG861196527,América del Sur,Argentina,ARG,Villa Brana,Comisión municipal,Local,2,Santiago del Estero,Villa Brana,336,2022,0,NA,NA,NA,NA,NA,NA,NA,NA,NA,NA,NA,NA,NA,NA,NA,NA,0,NA
ARG861260140,América del Sur,Argentina,ARG,Villa Ojo de Agua,Municipio,Local,2,Santiago del Estero,Villa Ojo de Agua,8201,2022,0,0.0258732212160414,0.34992836676217765,0.5203139427516159,0.739085239085239,0.9508733624454148,0.8324235807860262,0.990174672489083,0.04276186739897999,0.05767524401064774,0.03094233473980309,0.9852700490998364,0.4193918531267929,0.00132684652808491,0.00353825740822644,0.263646288209607,0.8902838427947598,1,1843
ARG861266200,América del Sur,Argentina,ARG,Kilómetro 49,Comisión municipal,Local,2,Santiago del Estero,Kilómetro 49,521,2022,0,NA,NA,NA,NA,NA,NA,NA,NA,NA,NA,NA,NA,NA,NA,NA,NA,0,NA
ARG861266203,América del Sur,Argentina,ARG,Sol de Julio,Comisión municipal,Local,2,Santiago del Estero,Sol de Julio,2468,2022,0,0.04498714652956298,0.25869565217391305,0.4022346368715084,0.7410179640718563,0.9274447949526814,0.48264984227129337,0.9542586750788644,0.03448275862068965,0.03125,0.03636363636363636,0.667192429022082,0.3648424543946932,0.00328272466146901,0.00615510874025441,0.1529968454258675,0.8596214511041009,1,635
ARG861330147,América del Sur,Argentina,ARG,Nueva Esperanza,Municipio,Local,2,Santiago del Estero,Nueva Esperanza,8328,2022,0,0.0498978698570178,0.3459715639810427,0.45375,0.7468269873079493,0.9824817518248176,0.4197080291970803,0.9883211678832116,0.04663774403470715,0.06060606060606061,0.03756708407871199,0.8613138686131386,0.4788169464428457,7.7745383867832e-4,0.00447035957240038,0.172992700729927,0.8839416058394161,1,1370
ARG861336210,América del Sur,Argentina,ARG,El Mojón,Comisión municipal,Local,2,Santiago del Estero,El Mojón,2122,2022,0,0.03500897666068223,0.2529585798816568,0.39183673469387753,0.7145708582834331,0.986111111111111,0.5208333333333334,0.986111111111111,0.1,0.11979166666666669,0.0893854748603352,0.5902777777777778,0.5076923076923077,0.00123456790123456,0.00185185185185185,0.11342592592592592,0.7777777777777778,1,434
ARG861336528,América del Sur,Argentina,ARG,Ahí Veremos,Comisión municipal,Local,2,Santiago del Estero,Ahí Veremos,486,2022,0,NA,NA,NA,NA,NA,NA,NA,NA,NA,NA,NA,NA,NA,NA,NA,NA,0,NA
ARG861336529,América del Sur,Argentina,ARG,Campo Grande,Comisión municipal,Local,2,Santiago del Estero,Campo Grande,189,2022,0,NA,NA,NA,NA,NA,NA,NA,NA,NA,NA,NA,NA,NA,NA,NA,NA,0,NA
ARG861336532,América del Sur,Argentina,ARG,Las Delicias,Comisión municipal,Local,2,Santiago del Estero,Las Delicias,823,2022,0,0.09047619047619047,0.08755760368663594,0.2802547770700637,0.6507936507936508,0.35294117647058826,0.0261437908496732,0.6405228758169934,0.04790419161676647,0.11363636363636365,0.02439024390243902,0,0.3863636363636363,0,0.00312989045383411,0.0065359477124183,0.48366013071895425,1,157
ARG861336539,América del Sur,Argentina,ARG,Pozo Betbeder,Comisión municipal,Local,2,Santiago del Estero,Pozo Betbeder,797,2022,0,0.06920415224913495,0.04545454545454545,0.36936936936936937,0.7123287671232876,0.7807017543859649,0.15789473684210528,1,0.13793103448275862,0.14634146341463414,0.1346153846153846,0,0.2235294117647059,0,0.0108695652173913,0.07894736842105263,0.7982456140350878,1,114
ARG861336546,América del Sur,Argentina,ARG,Quebracho Coto,Comisión municipal,Local,2,Santiago del Estero,Quebracho Coto,243,2022,0,0.06993006993006994,0.12096774193548387,0.17218543046357615,0.4647887323943662,0.8152866242038217,0.12101910828025478,0.8152866242038217,0.04,0.03846153846153846,0.04040404040404041,0,0.35789473684210527,0,0.00158982511923688,0.06369426751592357,0.7834394904458599,1,157
ARG861336553,América del Sur,Argentina,ARG,Rapelli,Comisión municipal,Local,2,Santiago del Estero,Rapelli,1732,2022,0,0.09642857142857145,0.1703056768558952,0.34065934065934067,0.7320441988950276,0.7924528301886793,0.3647798742138365,0.981132075471698,0.10282776349614396,0.07258064516129033,0.1169811320754717,0.08490566037735849,0.33079847908745247,0,0,0.07861635220125786,0.8333333333333334,1,318
ARG861336555,América del Sur,Argentina,ARG,Santo Domingo,Comisión municipal,Local,2,Santiago del Estero,Santo Domingo,374,2022,0,NA,NA,NA,NA,NA,NA,NA,NA,NA,NA,NA,NA,NA,NA,NA,NA,0,NA
ARG861336557,América del Sur,Argentina,ARG,Villa Mercedes,Comisión municipal,Local,2,Santiago del Estero,Villa Mercedes,85,2022,0,NA,NA,NA,NA,NA,NA,NA,NA,NA,NA,NA,NA,NA,NA,NA,NA,0,NA
ARG861400154,América del Sur,Argentina,ARG,Sumanpa,Municipio,Local,2,Santiago del Estero,Sumanpa,7929,2022,0,0.02982689747003994,0.3402014652014652,0.5512223515715948,0.7719745222929937,0.989311957247829,0.7528390113560455,0.9839679358717436,0.03937007874015748,0.04012671594508976,0.03877887788778877,0.937875751503006,0.39438502673796794,0.00161899622234214,0.02410505486598309,0.24048096192384769,0.8917835671342685,1,1503
ARG861406560,América del Sur,Argentina,ARG,Ramírez de Velazco,Comisión municipal,Local,2,Santiago del Estero,Ramírez de Velazco,376,2022,0,0.02857142857142857,0,0.4307692307692308,0.5303030303030303,0.01851851851851851,0.07407407407407407,0.8518518518518519,0.06349206349206349,0,0.11428571428571428,0,0.27083333333333337,0,0,0.03703703703703703,0.8888888888888888,1,54
ARG861470161,América del Sur,Argentina,ARG,Termas de Río Hondo,Municipio,Local,2,Santiago del Estero,Termas de Río Hondo,37734,2022,0,0.043801071962042,0.35451553930530166,0.47104209395448776,0.7224451013513513,0.5608588957055215,0.7758282208588958,0.9862576687116564,0.0762900737184982,0.10035247771096828,0.05933070290808125,0.7476394849785408,0.3527421401381644,0.0030156065410682,0.00976186034943729,0.2538650306748466,0.8360736196319019,1,8223
ARG861476217,América del Sur,Argentina,ARG,Los Núñez,Comisión municipal,Local,2,Santiago del Estero,Los Núñez,966,2022,0,0.08591885441527446,0.09243697478991596,0.2727272727272727,0.5404040404040404,0.8780487804878049,0.12804878048780488,0.9939024390243902,0.16778523489932887,0.1904761904761905,0.1588785046728972,0,0.5212765957446809,0,0.00174520069808027,0.11585365853658536,0.8170731707317073,1,165
ARG861476224,América del Sur,Argentina,ARG,Villa Río Hondo,Comisión municipal,Local,2,Santiago del Estero,Villa Río Hondo,655,2022,0,0.06263048016701461,0.21223021582733817,0.2523364485981308,0.6649746192893401,0.9470588235294116,0.3764705882352941,0.9470588235294116,0.05945945945945946,0.1111111111111111,0.03816793893129771,0,0.4411764705882353,0.00141843971631205,0.01418439716312056,0.1,0.8411764705882353,1,170
ARG861476564,América del Sur,Argentina,ARG,Acos - Pozo de Arbolito,Comisión municipal,Local,2,Santiago del Estero,Acos - Pozo de Arbolito,441,2022,0,NA,NA,NA,NA,NA,NA,NA,NA,NA,NA,NA,NA,NA,NA,NA,NA,0,NA
ARG861476565,América del Sur,Argentina,ARG,Amicha,Comisión municipal,Local,2,Santiago del Estero,Amicha,417,2022,0,NA,NA,NA,NA,NA,NA,NA,NA,NA,NA,NA,NA,NA,NA,NA,NA,0,NA
ARG861476574,América del Sur,Argentina,ARG,Colonia Tinco,Comisión municipal,Local,2,Santiago del Estero,Colonia Tinco,972,2022,0,0.05588822355289421,0.17985611510791366,0.23430962343096232,0.6142857142857143,0.9265536723163842,0.11864406779661016,0.9661016949152542,0.11351351351351352,0.07142857142857142,0.13178294573643412,0,0.4672131147540983,0,0.0107398568019093,0.06214689265536723,0.7909604519774012,1,177
ARG861476576,América del Sur,Argentina,ARG,El Sauzal,Comisión municipal,Local,2,Santiago del Estero,El Sauzal,18,2022,0,NA,NA,NA,NA,NA,NA,NA,NA,NA,NA,NA,NA,NA,NA,NA,NA,0,NA
ARG861476578,América del Sur,Argentina,ARG,Lescano,Comisión municipal,Local,2,Santiago del Estero,Lescano,189,2022,0,NA,NA,NA,NA,NA,NA,NA,NA,NA,NA,NA,NA,NA,NA,NA,NA,0,NA
ARG861476579,América del Sur,Argentina,ARG,Los Ovejeros,Comisión municipal,Local,2,Santiago del Estero,Los Ovejeros,153,2022,0,NA,NA,NA,NA,NA,NA,NA,NA,NA,NA,NA,NA,NA,NA,NA,NA,0,NA
ARG861476581,América del Sur,Argentina,ARG,Pozuelos,Comisión municipal,Local,2,Santiago del Estero,Pozuelos,1893,2022,0,0.11136890951276102,0.0851063829787234,0.11229946524064172,0.4696132596685083,0.8616352201257862,0.05660377358490566,0.8742138364779874,0.14150943396226415,0.23809523809523808,0.1176470588235294,0,0.21052631578947367,0.00290275761973875,0.0058055152394775,0.01886792452830188,0.7358490566037735,1,159
ARG861476585,América del Sur,Argentina,ARG,Sotelo,Comisión municipal,Local,2,Santiago del Estero,Sotelo,1027,2022,0,NA,NA,NA,NA,NA,NA,NA,NA,NA,NA,NA,NA,NA,NA,NA,NA,0,NA
ARG861476588,América del Sur,Argentina,ARG,Vinará,Comisión municipal,Local,2,Santiago del Estero,Vinará,1247,2022,0,0.0801781737193764,0.13147410358565736,0.17045454545454544,0.5459459459459459,0.7340425531914894,0.12234042553191488,0.8404255319148936,0.11450381679389313,0.23333333333333336,0.07920792079207921,0,0.3636363636363637,0,0.00309119010819165,0.0425531914893617,0.7021276595744681,1,188
ARG861540168,América del Sur,Argentina,ARG,Selva,Municipio,Local,2,Santiago del Estero,Selva,3546,2022,0,0.02430724355858045,0.4216388225934765,0.6172043010752688,0.8455377574370709,0.6882821387940843,0.7804323094425484,0.99544937428896485,0.03808073115003808,0.05226480836236934,0.02706359945872801,0.9647326507394768,0.3726775956284153,0.00382209867963863,0.01459346768589298,0.3765642775881683,0.8896473265073948,1,880
ARG861546231,América del Sur,Argentina,ARG,Colonia Alpina,Comisión municipal,Local,2,Santiago del Estero,Colonia Alpina,185,2022,0,0.04562737642585551,0.2058823529411765,0.6754385964912281,0.9296875,0.03883495145631067,0.6213592233009708,1,0.01530612244897959,0.03896103896103896,0,0.6213592233009708,0.17985611510791366,0,0.00248138957816377,0.3106796116504854,0.9223300970873788,1,104
ARG861546238,América del Sur,Argentina,ARG,Palo Negro,Comisión municipal,Local,2,Santiago del Estero,Palo Negro,323,2022,0,0.04320987654320987,0.2352941176470588,0.373134328358209,0.9078947368421052,0.375,0.4166666666666667,0.9722222222222222,0.01063829787234042,0,0.0144927536231884,0,0.5616438356164384,0,0.02489626556016597,0.2222222222222222,0.8611111111111112,1,72
ARG861610175,América del Sur,Argentina,ARG,Beltrán,Municipio,Local,2,Santiago del Estero,Beltrán,8182,2022,0,0.05563446969696969,0.2582807570977918,0.4334190231362468,0.7799227799227799,0.96913985554826,0.5705843729481287,0.9428759028233747,0.05228178998670801,0.09015421115065245,0.0297029702970297,0.9205515430072226,0.2405871091257179,0.00157430730478589,0.0028337531486146,0.18910045961917268,0.8443860801050558,1,1527
ARG861610182,América del Sur,Argentina,ARG,Fernández,Municipio,Local,2,Santiago del Estero,Fernández,14758,2022,0,0.03827644096250699,0.37594123048668504,0.48640705363703157,0.7999483070560869,0.994392523364486,0.7146417445482867,0.9694704049844236,0.07124581775241094,0.1042296072507553,0.05008077544426494,0.8599003735990037,0.2887161773172136,0.00108645041129908,0.01233897252832531,0.23052959501557632,0.8616822429906542,1,3214
ARG861610189,América del Sur,Argentina,ARG,Forres,Municipio,Local,2,Santiago del Estero,Forres,7184,2022,0,0.0483695652173913,0.2847157502329916,0.3997501561524047,0.7826923076923077,0.9946969696969696,0.5318181818181819,0.9598484848484848,0.05910800644814616,0.1078125,0.03357903357903358,0.8992424242424243,0.3594674556213018,0.00183049606443346,0.00585758740618707,0.175,0.8424242424242424,1,1329
ARG861616245,América del Sur,Argentina,ARG,Colonia El Simbolar,Comisión municipal,Local,2,Santiago del Estero,Colonia El Simbolar,4958,2022,0,0.07651515151515151,0.1610608020698577,0.35197934595524955,0.8611764705882353,0.9337676438653636,0.5233441910966341,0.979370249728556,0.0238885202388852,0.06356968215158924,0.00910746812386156,0.8264642082429501,0.24496937882764652,9.5306171074577e-4,0.00452704312604241,0.08251900108577633,0.7882736156351792,1,922
ARG861616252,América del Sur,Argentina,ARG,Vilmer,Comisión municipal,Local,2,Santiago del Estero,Vilmer,1494,2022,0.997208778315278,0.01743264659270998,0.2159383033419023,0.5017421602787456,0.823943661971831,0.97008547008547,0.5256410256410257,0.9658119658119658,0.04761904761904761,0.08333333333333333,0.02564102564102564,0.9273504273504274,0.2825278810408922,0,0,0.07264957264957266,0.8589743589743589,1,234
ARG861616590,América del Sur,Argentina,ARG,Los Romanos - Santo Domingo,Comisión municipal,Local,2,Santiago del Estero,Los Romanos - Santo Domingo,1138,2022,0.4312166880009029,NA,NA,NA,NA,NA,NA,NA,NA,NA,NA,NA,NA,NA,NA,NA,NA,0,NA
ARG861616594,América del Sur,Argentina,ARG,Villa Hipólita,Comisión municipal,Local,2,Santiago del Estero,Villa Hipólita,509,2022,0,NA,NA,NA,NA,NA,NA,NA,NA,NA,NA,NA,NA,NA,NA,NA,NA,0,NA
ARG861616595,América del Sur,Argentina,ARG,Villa Robles,Comisión municipal,Local,2,Santiago del Estero,Villa Robles,246,2022,0,0.03818181818181818,0.1864951768488746,0.30180180180180183,0.7219917012448133,0.8137254901960784,0.22058823529411764,0.8921568627450981,0.04564315352697095,0.05970149253731343,0.04022988505747126,0,0.29411764705882354,0,0.00366748166259168,0.1176470588235294,0.8186274509803921,1,206
ARG861680196,América del Sur,Argentina,ARG,Los Telares,Municipio,Local,2,Santiago del Estero,Los Telares,3207,2022,0,0.02517564402810304,0.3204062788550323,0.4343302990897269,0.7055702917771883,0.9014492753623188,0.5028985507246377,0.9681159420289854,0.05773672055427251,0.05389221556886228,0.06015037593984962,0.9637681159420288,0.49114331723027377,0.00193723363037582,0.00271212708252615,0.17971014492753623,0.8971014492753623,1,692
ARG861686259,América del Sur,Argentina,ARG,Chilca Juliana,Comisión municipal,Local,2,Santiago del Estero,Chilca Juliana,789,2022,0,0.05329153605015674,0.17525773195876287,0.4236111111111111,0.6259541984732825,0.9931506849315068,0.3150684931506849,0.9794520547945206,0.07692307692307693,0.08196721311475409,0.07317073170731707,1,0.6623376623376623,0,0,0.06164383561643835,0.8356164383561644,1,146
ARG861686266,América del Sur,Argentina,ARG,Villa Salavina,Comisión municipal,Local,2,Santiago del Estero,Villa Salavina,1434,2022,0,0.03508771929824561,0.21362229102167185,0.3,0.48739495798319327,0.8205128205128205,0.3282051282051282,0.9128205128205128,0.09497206703910614,0.09523809523809525,0.09482758620689656,0,0.6060606060606061,0,0.01085645355850422,0.09743589743589744,0.9282051282051282,1,197
ARG861686599,América del Sur,Argentina,ARG,La Paliza,Comisión municipal,Local,2,Santiago del Estero,La Paliza,185,2022,0,NA,NA,NA,NA,NA,NA,NA,NA,NA,NA,NA,NA,NA,NA,NA,NA,0,NA
ARG861686602,América del Sur,Argentina,ARG,Sabagasta,Comisión municipal,Local,2,Santiago del Estero,Sabagasta,124,2022,0,0.06792452830188679,0.08391608391608392,0.21428571428571427,0.4690265486725664,0.13392857142857142,0.03571428571428571,0.5357142857142857,0.0945945945945946,0.04761904761904761,0.11320754716981132,0,0.3191489361702127,0,0.00696055684454756,0.02678571428571428,0.7053571428571429,1,112
ARG861686604,América del Sur,Argentina,ARG,Vaca Human,Comisión municipal,Local,2,Santiago del Estero,Vaca Human,231,2022,0,NA,NA,NA,NA,NA,NA,NA,NA,NA,NA,NA,NA,NA,NA,NA,NA,0,NA
ARG861756273,América del Sur,Argentina,ARG,Brea Pozo,Comisión municipal,Local,2,Santiago del Estero,Brea Pozo,3086,2022,0,0.02911813643926788,0.26843657817109146,0.351985559566787,0.6597938144329897,0.918181818181818,0.4613636363636364,0.9431818181818182,0.08349514563106795,0.08717948717948718,0.08125,0.725,0.5936599423631124,0,0.00958466453674121,0.1431818181818182,0.8909090909090909,1,442
ARG861756280,América del Sur,Argentina,ARG,Taboada,Comisión municipal,Local,2,Santiago del Estero,Taboada,1615,2022,0,0.06021505376344086,0.17063492063492064,0.330188679245283,0.772609819121447,0.8952095808383234,0.3502994011976048,0.8952095808383235,0.0296127562642369,0.04285714285714286,0.02341137123745819,0.7724550898203593,0.2360248447204969,0,0.0033068783068783,0.0748502994011976,0.8832335329341318,1,334
ARG861756606,América del Sur,Argentina,ARG,Atoj Pozo,Comisión municipal,Local,2,Santiago del Estero,Atoj Pozo,129,2022,0,NA,NA,NA,NA,NA,NA,NA,NA,NA,NA,NA,NA,NA,NA,NA,NA,0,NA
ARG861756609,América del Sur,Argentina,ARG,Estación Robles,Comisión municipal,Local,2,Santiago del Estero,Estación Robles,529,2022,0,0.07112970711297072,0.1417910447761194,0.4895833333333333,0.9357798165137616,0.81,0.23,0.7799999999999999,0.02684563758389261,0.06382978723404255,0.00980392156862745,0,0.35398230088495575,0,0.00257731958762886,0.01,0.89,1,100
ARG861756613,América del Sur,Argentina,ARG,Villa Nueva,Comisión municipal,Local,2,Santiago del Estero,Villa Nueva,222,2022,0,NA,NA,NA,NA,NA,NA,NA,NA,NA,NA,NA,NA,NA,NA,NA,NA,0,NA
ARG861826287,América del Sur,Argentina,ARG,Garza,Comisión municipal,Local,2,Santiago del Estero,Garza,3030,2022,0,0.04461440407903123,0.17157894736842105,0.28907330567081607,0.6436950146627566,0.9604612850082372,0.3739703459637562,0.9357495881383856,0.0478395061728395,0.07177033492822966,0.03644646924829157,0.7841845140032949,0.38863636363636367,0,0.00849420849420849,0.11367380560131796,0.828665568369028,1,609
ARG861896294,América del Sur,Argentina,ARG,Árraga,Comisión municipal,Local,2,Santiago del Estero,Árraga,1796,2022,0,0.02948717948717948,0.24944812362030905,0.3693181818181818,0.6785714285714286,0.9221789883268482,0.5369649805447471,0.9688715953307392,0.0446927374301676,0.07692307692307693,0.02631578947368421,0.5252918287937743,0.3938223938223938,0,8.8028169014084e-4,0.1245136186770428,0.867704280155642,1,258
ARG861896301,América del Sur,Argentina,ARG,Nueva Francia,Comisión municipal,Local,2,Santiago del Estero,Nueva Francia,1970,2022,0,0.03382949932341001,0.14942528735632185,0.42857142857142855,0.6878787878787879,0.849624060150376,0.22932330827067668,0.8721804511278195,0.2154696132596685,0.2740740740740741,0.18061674008810572,0,0.3317972350230415,0.00274977085242896,0.00641613198900091,0.12781954887218044,0.7631578947368421,1,266
ARG861896616,América del Sur,Argentina,ARG,Manogasta,Comisión municipal,Local,2,Santiago del Estero,Manogasta,785,2022,0,0.05016357688113413,0.14481409001956946,0.2611111111111111,0.6291866028708134,0.7119741100323624,0.18770226537216828,0.9352750809061487,0.05602240896358543,0.07446808510638298,0.0494296577946768,0,0.3031496062992126,0,7.7821011673151e-4,0.07766990291262135,0.8025889967637541,1,309
ARG861896620,América del Sur,Argentina,ARG,Sumamao,Comisión municipal,Local,2,Santiago del Estero,Sumamao,225,2022,0,NA,NA,NA,NA,NA,NA,NA,NA,NA,NA,NA,NA,NA,NA,NA,NA,0,NA
ARG861896623,América del Sur,Argentina,ARG,Villa Silípica,Comisión municipal,Local,2,Santiago del Estero,Villa Silípica,675,2022,0,0.02857142857142857,0.18181818181818185,0.42105263157894735,0.7857142857142857,0.9642857142857144,0.3571428571428572,0.8571428571428571,0.23684210526315788,0.125,0.3181818181818182,0,0.4705882352941176,0,0,0.03571428571428571,0.8928571428571429,1,28
ARG90,América del Sur,Argentina,ARG,Tucumán,Provincia,Regional,1,Tucumán,NA,1731820,2022,NA,0.02675698430333809,0.4340964116231905,0.49706317526212146,0.7737339304413697,0.9007113942459004,0.6892466058192157,0.9900399379225768,0.07706307963041405,0.10569934427774184,0.05781009286588438,0.8081807502502734,0.3414890709048842,0.0022529398032718,0.0133415199815455,0.338598699846977,0.8275832130492821,1,368986
ARG900070007,América del Sur,Argentina,ARG,Burruyacú,Municipio,Local,2,Tucumán,Burruyacú,4438,2022,0,0.0438489646772229,0.2773359840954274,0.4148648648648649,0.7417218543046358,0.9790575916230366,0.49563699825479934,0.9965095986038396,0.09803921568627452,0.1498371335504886,0.06964285714285715,0.9685863874345548,0.978984238178634,0.00163065633917651,0.00774561761108846,0.19895287958115185,0.8568935427574171,1,577
ARG900078007,América del Sur,Argentina,ARG,7 de Abril,Comuna,Local,2,Tucumán,7 de Abril,1174,2022,0,0.06546644844517185,0.1181556195965418,0.26640926640926643,0.6813186813186813,0.4700854700854701,0.19658119658119655,0.9102564102564104,0.05098039215686274,0.08695652173913043,0.03763440860215054,0,1,0.01403887688984881,0.00863930885529157,0.0811965811965812,0.782051282051282,1,234
ARG900078014,América del Sur,Argentina,ARG,El Chañar,Comuna,Local,2,Tucumán,El Chañar,9239,2022,0.8846571951324874,0.05061012202440488,0.13959472499195882,0.3717553893532776,0.8133159268929504,0.6306037059175135,0.392109982068141,0.9814704124327556,0.07369196757553427,0.1289940828402367,0.04868913857677903,0.5756126718469815,0.33536585365853666,0.00160235011349979,0.01014821738549873,0.11835026897788405,0.8619246861924686,1,1673
ARG900078021,América del Sur,Argentina,ARG,El Naranjo y El Sunchal,Comuna,Local,2,Tucumán,El Naranjo y El Sunchal,2872,2022,0.0031369552010724,0.04939106901217862,0.08256880733944955,0.32802547770700635,0.7579972183588317,0.8201160541586073,0.29593810444874274,0.95357833655706,0.0692410119840213,0.09223300970873786,0.06055045871559633,0,0.31818181818181823,0.00405040504050405,0.0045004500450045,0.0851063829787234,0.851063829787234,1,518
ARG900078028,América del Sur,Argentina,ARG,El Puestito,Comuna,Local,2,Tucumán,El Puestito,2029,2022,0,0.10963748894783376,0.07132018209408195,0.19690265486725664,0.6003717472118959,0.4172335600907029,0.24489795918367344,0.9455782312925172,0.0703883495145631,0.06741573033707865,0.07120743034055728,0,0.986348122866894,0,0.00120772946859903,0.02721088435374149,0.7210884353741497,1,441
ARG900078035,América del Sur,Argentina,ARG,El Timbó,Comuna,Local,2,Tucumán,El Timbó,4606,2022,0.17061017509042223,0.03813984610237538,0.14631522323830015,0.3430099312452254,0.8253623188405798,0.6949952785646837,0.29745042492917845,0.9886685552407932,0.08501259445843828,0.16258351893095768,0.05443371378402107,0.09915014164305948,0.34460338101430427,0.00384789497510185,0.00384789497510185,0.1274787535410765,0.8593012275731823,1,1061
ARG900078042,América del Sur,Argentina,ARG,Garmendia,Comuna,Local,2,Tucumán,Garmendia,4920,2022,0,0.10428816466552315,0.09816676522767594,0.2771565495207668,0.692088382038489,0.7283834586466166,0.27819548872180455,0.962406015037594,0.09863429438543247,0.15561959654178675,0.07826982492276004,0.6400375939849624,0.9902319902319904,0,0.0179749715585893,0.09304511278195488,0.8214285714285714,1,1066
ARG900078049,América del Sur,Argentina,ARG,Gobernador Piedrabuena,Comuna,Local,2,Tucumán,Gobernador Piedrabuena,3577,2022,0,0.08920863309352518,0.11824324324324324,0.28807556080283353,0.6769865841073271,0.42837837837837833,0.19594594594594592,0.9608108108108108,0.10666666666666667,0.13524590163934427,0.09603658536585366,0.17567567567567569,0.7046263345195729,0,0.00200534759358288,0.07297297297297298,0.8189189189189189,1,740
ARG900078056,América del Sur,Argentina,ARG,La Ramada y La Cruz,Comuna,Local,2,Tucumán,La Ramada y La Cruz,6723,2022,0.02461457487740056,0.05558414822439526,0.13067694944301628,0.3260484347312463,0.792156862745098,0.6869436201780416,0.34718100890207715,0.9799703264094956,0.10783316378433368,0.19202898550724637,0.07496463932107496,0.3716617210682493,0.3938411669367909,5.3097345132743e-4,0.00389380530973451,0.12685459940652818,0.8738872403560831,1,1350
ARG900078063,América del Sur,Argentina,ARG,Benjamín Aráoz y El Tajamar,Comuna,Local,2,Tucumán,Benjamín Aráoz y El Tajamar,4595,2022,0,0.10419114766940854,0.1187980433263452,0.32771535580524347,0.773231031543052,0.7175572519083969,0.3827699018538714,0.9585605234460196,0.07716785998408911,0.12571428571428572,0.05843439911797133,0.25190839694656486,0.3739837398373983,0.00156862745098039,0.00287581699346405,0.06215921483097055,0.8058887677208287,1,917
ARG900078070,América del Sur,Argentina,ARG,Villa Padre Monti,Comuna,Local,2,Tucumán,Villa Padre Monti,1286,2022,0,0.09328968903436988,0.10857142857142855,0.450199203187251,0.8581560283687943,0.6348547717842323,0.4647302904564315,0.983402489626556,0.02535211267605634,0.06194690265486725,0.00826446280991735,0.29045643153526973,0.995798319327731,0.00108108108108108,0.00324324324324324,0.05394190871369295,0.4481327800829876,1,241
ARG900140021,América del Sur,Argentina,ARG,Alderetes,Municipio,Local,2,Tucumán,Alderetes,68368,2022,1,0.03944105406163069,0.285009895012243,0.4680483592400691,0.8044793900405052,0.9185675895256546,0.49396912692956696,0.991000562464846,0.08083149374540104,0.11895513691979023,0.05757611657386565,0.7783263546028373,0.3268080013677552,0.00210967394625423,0.00638721974072834,0.237297668895694,0.8068245734641585,1,16007
ARG900140028,América del Sur,Argentina,ARG,Banda del Río Salí,Municipio,Local,2,Tucumán,Banda del Río Salí,77669,2022,0.9999999999356376,0.0280178465570497,0.394093736226064,0.4669798474945534,0.7777617224189004,0.9078267405806634,0.6271727896269848,0.9968993704782486,0.0787562414888788,0.1173640472372066,0.05415699024616814,0.9261486423001034,0.2726190476190476,9.3703576734087e-4,0.00443377899668609,0.2592314197124871,0.787559898524852,1,10643
ARG900148077,América del Sur,Argentina,ARG,Colombres,Comuna,Local,2,Tucumán,Colombres,9781,2022,0.9999999999839712,0.03741846893237213,0.22562296858071507,0.35971757710888147,0.7352941176470589,0.7569262937794041,0.6314688970203869,0.9911134343962362,0.11752506049083997,0.14566115702479338,0.10337662337662336,0.6900156821745949,0.28357570573139435,0.00118849536486807,0.00427858331352507,0.18139048614741243,0.8264506011500261,1,1914
ARG900148084,América del Sur,Argentina,ARG,Delfín Gallo,Comuna,Local,2,Tucumán,Delfín Gallo,11189,2022,0.9999999999607472,0.03424223208623969,0.2165683382497542,0.40123034859876966,0.7666898470097357,0.6409537166900421,0.3856942496493689,0.9925198690977092,0.08523231725362533,0.12180579216354344,0.06575963718820861,0.7559607293127629,0.3198395331874544,0.00445846020008699,0.00228360156589821,0.17999064983637214,0.7784011220196353,1,2139
ARG900148091,América del Sur,Argentina,ARG,El Bracho y El Cevilar,Comuna,Local,2,Tucumán,El Bracho y El Cevilar,4843,2022,0.9996622442044856,0.03847711624139328,0.1873780091086532,0.36,0.7276951672862454,0.8429561200923787,0.3036951501154735,0.979214780600462,0.09669211195928754,0.13383838383838384,0.07790549169859515,0.06235565819861432,0.26299045599151644,0.00196408529741863,0.00505050505050505,0.11085450346420324,0.8348729792147807,1,867
ARG900148098,América del Sur,Argentina,ARG,El Naranjito,Comuna,Local,2,Tucumán,El Naranjito,2446,2022,0.3248260601025697,0.04106910039113429,0.17745302713987474,0.3812405446293495,0.7134831460674157,0.7509505703422054,0.3650190114068442,0.9847908745247148,0.06052631578947368,0.07142857142857142,0.05511811023622047,0,0.3364632237871674,0.0032512772875058,0.0018578727357176,0.11026615969581748,0.8326996197718631,1,526
ARG900148105,América del Sur,Argentina,ARG,La Florida y Luisiana,Comuna,Local,2,Tucumán,La Florida y Luisiana,6854,2022,0.9999984911646488,0.046875,0.2172264355362947,0.3934115865202575,0.7783943766185719,0.7398533007334963,0.3647921760391198,0.9882640586797066,0.0944957047406936,0.12512030798845045,0.07937262357414449,0.8063569682151589,0.20102389078498295,0.0022049437159104,0.00742717883254032,0.1765281173594132,0.8200488997555012,1,2045
ARG900148112,América del Sur,Argentina,ARG,Las Cejas,Comuna,Local,2,Tucumán,Las Cejas,3228,2022,0,0.06149732620320856,0.1961451247165533,0.3079268292682927,0.6666666666666666,0.7996389891696751,0.5054151624548736,0.9783393501805052,0.0625,0.0891089108910891,0.05066079295154185,0.7689530685920578,0.23565891472868217,0.00183066361556064,0.00411899313501144,0.10469314079422384,0.8971119133574007,1,554
ARG900148119,América del Sur,Argentina,ARG,Los Bulacio y Los Villagra,Comuna,Local,2,Tucumán,Los Bulacio y Los Villagra,2157,2022,0.9999999999872996,0.046875,0.18083670715249664,0.411214953271028,0.7457943925233644,0.8183856502242153,0.5538116591928252,0.9910313901345292,0.1147011308562197,0.18181818181818185,0.07769423558897243,0,0.4225352112676056,0.0041592394533571,0.0041592394533571,0.14573991031390135,0.8430493273542601,1,446
ARG900148126,América del Sur,Argentina,ARG,Los Pereyra,Comuna,Local,2,Tucumán,Los Pereyra,2292,2022,0,0.07601476014760147,0.04347826086956521,0.24349442379182157,0.6138763197586727,0.249500998003992,0.11377245508982035,0.9580838323353296,0.1412639405204461,0.1450381679389313,0.14004914004914004,0,0.22839506172839508,0.00199401794616151,0.00598205383848454,0.0279441117764471,0.7864271457085829,1,501
ARG900148133,América del Sur,Argentina,ARG,Los Pérez,Comuna,Local,2,Tucumán,Los Pérez,2024,2022,0.33762858568110277,0.05827067669172932,0.09256449165402124,0.30043859649122806,0.7553816046966731,0.6339522546419099,0.4562334217506632,0.9522546419098143,0.07648183556405354,0.0948905109489051,0.06994818652849741,0.03713527851458886,0.2967244701348748,0.00186451211932877,0.00248601615910503,0.10079575596816975,0.8673740053050398,1,377
ARG900148140,América del Sur,Argentina,ARG,Los Ralos,Comuna,Local,2,Tucumán,Los Ralos,11940,2022,0.9107551359080052,0.05364775239498894,0.25011731581417174,0.3513857916533928,0.7228562112813824,0.8123393316195373,0.4730077120822622,0.99057412167952,0.11475903614457832,0.1559383499546691,0.09427153811456924,0.7065124250214224,0.3018018018018018,0.00248706725029844,0.00686430561082371,0.16152527849185946,0.7746358183376179,1,2337
ARG900148147,América del Sur,Argentina,ARG,Ranchillos y San Miguel,Comuna,Local,2,Tucumán,Ranchillos y San Miguel,14242,2022,0.81911329866206,0.04600879949717159,0.2184494602551521,0.3199217658563845,0.7227285280309307,0.8113827070412258,0.46807734403502366,0.9854067858445824,0.0935672514619883,0.11790393013100436,0.08291937332823844,0.6282378693907333,0.30338196286472147,0.00190146931719965,0.0020743301642178,0.14958044509303173,0.8402043049981759,1,2744
ARG900148154,América del Sur,Argentina,ARG,San Andrés,Comuna,Local,2,Tucumán,San Andrés,10655,2022,1,0.03439024390243903,0.3032694475760992,0.4428868120456905,0.787945205479452,0.735593220338983,0.5694915254237288,0.991186440677966,0.08598865124399825,0.123094958968347,0.06397774687065369,0.736271186440678,0.2353266888150609,0.00444957152274225,0.01153592617007251,0.2264406779661017,0.8413559322033898,1,1475
ARG900210035,América del Sur,Argentina,ARG,Concepción,Municipio,Local,2,Tucumán,Concepción,57791,2022,0.989654645258765,0.02186202277294038,0.4664323072965789,0.4908748381019663,0.7637810559006211,0.9826558679706602,0.8493276283618582,0.9951864303178484,0.06453854937199027,0.09990405372991124,0.03955950868276154,0.9652353300733496,0.32501114578689255,1.5388758511907e-4,0.00636709883430154,0.36797066014669927,0.8414578239608802,1,13107
ARG900218161,América del Sur,Argentina,ARG,Alpachiri y El Molino,Comuna,Local,2,Tucumán,Alpachiri y El Molino,5875,2022,0,0.05175388154111558,0.0980106744298884,0.3464052287581699,0.8575870646766169,0.7277353689567431,0.3469041560644614,0.9770992366412214,0.02985856469355683,0.05660377358490566,0.01957940536620739,0.04495335029686175,0.14688940092165895,0.00387972841901066,0.02075654704170708,0.07803223070398643,0.8329092451229856,1,1179
ARG900218168,América del Sur,Argentina,ARG,Alto Verde y Los Guchea,Comuna,Local,2,Tucumán,Alto Verde y Los Guchea,6852,2022,0.7558661336253182,0.04266124936515998,0.19288079470198677,0.3680911680911681,0.8088317495807714,0.705232129697863,0.37067059690493737,0.976418570375829,0.05972288580984233,0.10061919504643962,0.0414651002073255,0.5991156963890936,0.20364920541494996,6.9553121196313e-4,0.00243435924187097,0.12896094325718496,0.8349299926308033,1,1358
ARG900218175,América del Sur,Argentina,ARG,Arcadia,Comuna,Local,2,Tucumán,Arcadia,8249,2022,0.658549015044862,0.05702647657841141,0.17721518987341772,0.41286307053941906,0.7842551071250623,0.8209050350541746,0.37157425111536013,0.9796048438495858,0.07172995780590717,0.11055276381909548,0.05209656925031766,0.5270873167622689,0.19295478443743427,0.00120772946859903,0.00588768115942029,0.12300828553218612,0.8183556405353728,1,1569
ARG900218182,América del Sur,Argentina,ARG,Gastona y Belicha,Comuna,Local,2,Tucumán,Gastona y Belicha,2796,2022,0,0.05573350416399744,0.10923423423423424,0.2360248447204969,0.6774647887323944,0.8607350096711799,0.33655705996131524,0.9748549323017408,0.25118483412322273,0.32894736842105265,0.22661122661122665,0.04642166344294004,0.16312056737588654,0,0.00136674259681093,0.05802707930367504,0.7562862669245648,1,517
ARG900218189,América del Sur,Argentina,ARG,La Trinidad,Comuna,Local,2,Tucumán,La Trinidad,7129,2022,0,0.02259306803594351,0.3291976840363937,0.3887601390498262,0.7240356083086054,0.9585253456221198,0.5906298003072196,0.9930875576036866,0.08090957165520889,0.11922503725782414,0.05983606557377049,0.7619047619047619,0.2410485933503836,0.0046373585605639,0.00519384158783157,0.24961597542242703,0.8118279569892473,1,1302
ARG900218196,América del Sur,Argentina,ARG,Medina,Comuna,Local,2,Tucumán,Medina,3616,2022,0.02989975321295235,0.02834008097165992,0.22796143250688705,0.345821325648415,0.7706255666364461,0.8772782503037667,0.448359659781288,0.9842041312272174,0.06694214876033058,0.12222222222222222,0.04352941176470588,0.7375455650060754,0.2480916030534351,0.00342172797262617,0.00228115198175078,0.17861482381530985,0.8250303766707169,1,828
ARG900280042,América del Sur,Argentina,ARG,Famaillá,Municipio,Local,2,Tucumán,Famaillá,42669,2022,0,0.03633424098025868,0.3018918918918919,0.42984430688426184,0.795679820460071,0.9122085048010974,0.6832522758448685,0.9884025439580996,0.05713412771157959,0.08618808640628409,0.04148548595604653,0.7680508791619902,0.23873915881749508,0.00277922529095014,0.00978518904522031,0.23207382466641727,0.8529741863075196,1,8025
ARG900350049,América del Sur,Argentina,ARG,Graneros,Municipio,Local,2,Tucumán,Graneros,6872,2022,0,0.0369811320754717,0.23228995057660623,0.3696682464454976,0.6700808625336927,0.7373239436619718,0.4401408450704225,0.9471830985915493,0.08623460096411355,0.1282051282051282,0.06516492357200322,0.497887323943662,0.4381095273818455,1.71998624011e-4,0.00206398348813209,0.11408450704225352,0.8246478873239437,1,1421
ARG900358203,América del Sur,Argentina,ARG,Lamadrid,Comuna,Local,2,Tucumán,Lamadrid,5319,2022,0,0.03429101019462465,0.26396206533192834,0.37752808988764047,0.5478571428571428,0.8270491803278688,0.4114754098360656,0.9319672131147542,0.07946498819826908,0.1011904761904762,0.0651890482398957,0.5655737704918032,0.4651404786680541,6.5459306131355e-4,0.00218197687104516,0.14590163934426228,0.7688524590163934,1,1223
ARG900358210,América del Sur,Argentina,ARG,Taco Ralo,Comuna,Local,2,Tucumán,Taco Ralo,3348,2022,0,0.04956402019274897,0.18181818181818185,0.30562060889929743,0.6111111111111112,0.7419738406658739,0.21759809750297265,0.8834720570749108,0.03225806451612903,0.0421455938697318,0.02821316614420063,0.361474435196195,0.34569732937685466,0,0.00190234622701331,0.07847800237812129,0.835909631391201,1,843
ARG900420056,América del Sur,Argentina,ARG,Juan Bautista Alberdi,Municipio,Local,2,Tucumán,Juan Bautista Alberdi,28743,2022,0,0.02613495550298524,0.47208075663877774,0.4418691125433813,0.7181747472128598,0.9276199646926656,0.7221954742416947,0.989407799711122,0.05425590334980779,0.06928471248246844,0.04458483754512635,0.7639602053915276,0.3291837600792191,0.00263157894736842,0.00461538461538461,0.3099021023912695,0.8335740651580805,1,6238
ARG900428217,América del Sur,Argentina,ARG,Escaba,Comuna,Local,2,Tucumán,Escaba,433,2022,0,0.06692913385826772,0.0979020979020979,0.46511627906976744,0.788135593220339,0.5041322314049587,0.2644628099173554,0.9256198347107438,0.06015037593984962,0.05,0.06451612903225806,0,0.380952380952381,0,0.00244498777506112,0.04958677685950413,0.3140495867768595,1,121
ARG900428224,América del Sur,Argentina,ARG,Villa Belgrano,Comuna,Local,2,Tucumán,Villa Belgrano,3326,2022,0,0.04614629356897398,0.209992193598751,0.29175946547884185,0.7352625937834941,0.7955223880597014,0.41940298507462687,0.9791044776119404,0.06329113924050633,0.05725190839694656,0.06559766763848396,0.2880597014925373,0.21621621621621623,0.00201816347124117,0.00201816347124117,0.12835820895522387,0.8074626865671641,1,670
ARG900490063,América del Sur,Argentina,ARG,La Cocha,Municipio,Local,2,Tucumán,La Cocha,9816,2022,0,0.01789228842368939,0.37860199714693293,0.4866141732283464,0.7767857142857143,0.9298245614035088,0.625062656641604,0.9869674185463658,0.06031746031746032,0.0889967637540453,0.04179728317659352,0.8075187969924812,0.3537117903930131,0.00530667653955325,0.00419597679871652,0.24360902255639097,0.8581453634085213,1,1997
ARG900498231,América del Sur,Argentina,ARG,El Sacrificio,Comuna,Local,2,Tucumán,El Sacrificio,5089,2022,0,0.05220417633410672,0.0974067046173308,0.2999104744852283,0.7731878409976617,0.7841163310961969,0.2337807606263982,0.9742729306487696,0.0346646571213263,0.06567164179104477,0.02419354838709677,0,0.08354866494401378,0.00301129234629862,0.00401505646173149,0.06935123042505593,0.8187919463087249,1,894
ARG900498238,América del Sur,Argentina,ARG,Huasa Pampa,Comuna,Local,2,Tucumán,Huasa Pampa,687,2022,0,0.03773584905660377,0.219435736677116,0.3155339805825243,0.7330508474576272,0.8640776699029126,0.4466019417475728,0.941747572815534,0.02521008403361344,0.04615384615384615,0.01734104046242774,0.02427184466019417,0.2598039215686274,0,0.00133689839572192,0.10679611650485436,0.7718446601941747,1,206
ARG900498245,América del Sur,Argentina,ARG,Rumi Punco,Comuna,Local,2,Tucumán,Rumi Punco,1250,2022,0,0.02937576499388005,0.2880658436213992,0.3774647887323944,0.7613941018766756,0.9146757679180888,0.6313993174061433,0.9761092150170648,0.08851674641148326,0.15671641791044777,0.05633802816901408,0.4812286689419795,0.2560240963855422,0,0.00744416873449131,0.13310580204778158,0.8805460750853242,1,293
ARG900498252,América del Sur,Argentina,ARG,San Ignacio,Comuna,Local,2,Tucumán,San Ignacio,1387,2022,0,0.03665521191294387,0.19881889763779528,0.3203592814371258,0.7395577395577395,0.8484848484848485,0.367003367003367,0.9797979797979798,0.0931372549019608,0.14018691588785046,0.07641196013289037,0.13131313131313133,0.2754491017964072,0.00571428571428571,0.00326530612244897,0.08754208754208755,0.8282828282828283,1,298
ARG900498259,América del Sur,Argentina,ARG,San José de la Cocha,Comuna,Local,2,Tucumán,San José de la Cocha,2205,2022,0,0.03097696584590945,0.19919786096256684,0.3544973544973545,0.7871559633027523,0.906318082788671,0.3311546840958606,0.9738562091503268,0.06825396825396825,0.14427860696517414,0.03263403263403263,0.1568627450980392,0.2919020715630885,0.00163398692810457,0,0.10893246187363836,0.8213507625272332,1,459
ARG900498266,América del Sur,Argentina,ARG,Yánima y El Corralito,Comuna,Local,2,Tucumán,Yánima y El Corralito,664,2022,0,0.02650356778797145,0.1775244299674267,0.36533957845433257,0.7427293064876958,0.8894878706199462,0.24528301886792453,0.9757412398921832,0.10655737704918032,0.16025641025641027,0.08132530120481928,0,0.6484375,0,0.022911051212938,0.0646900269541779,0.7601078167115903,1,371
ARG900560070,América del Sur,Argentina,ARG,Bella Vista,Municipio,Local,2,Tucumán,Bella Vista,21557,2022,0.1815451269378443,0.02781166138082459,0.44932562620423894,0.43799283154121865,0.7126372603759539,0.9466357308584686,0.6081206496519722,0.990951276102088,0.08002550613741431,0.10638297872340426,0.0632018803865239,0.808584686774942,0.4472713148184113,0.00187134502923976,0.00520467836257309,0.2672853828306265,0.8157772621809745,1,4312
ARG900568273,América del Sur,Argentina,ARG,Agua Dulce y La Soledad,Comuna,Local,2,Tucumán,Agua Dulce y La Soledad,2756,2022,5.326584408443e-5,0.05181918412348401,0.1189827429609446,0.2690288713910761,0.6838942307692307,0.5377207062600321,0.33226324237560195,0.9871589085072232,0.05943152454780361,0.08780487804878048,0.0492091388400703,0,0.3862928348909657,0.00116686114352392,0.00544535200311162,0.03852327447833065,0.8603531300160514,1,623
ARG900568280,América del Sur,Argentina,ARG,El Mojón,Comuna,Local,2,Tucumán,El Mojón,2331,2022,0,0.0840821566110398,0.0732519422863485,0.26676829268292684,0.6731571627260083,0.2415730337078652,0.1853932584269663,0.9775280898876404,0.0834597875569044,0.09142857142857144,0.08057851239669421,0.02621722846441947,0.4564007421150278,0.00134348410210479,0,0.05430711610486891,0.8333333333333334,1,534
ARG900568287,América del Sur,Argentina,ARG,Esquina y Mancopa,Comuna,Local,2,Tucumán,Esquina y Mancopa,3638,2022,0.7554437289286084,0.03255587949465501,0.20715474209650583,0.3438202247191011,0.7152858809801633,0.38983050847457623,0.4166666666666667,0.9844632768361582,0.10990206746463548,0.16013071895424835,0.08482871125611746,0,0.40740740740740744,3.6036036036036e-4,0.00216216216216216,0.11864406779661016,0.8502824858757062,1,708
ARG900568294,América del Sur,Argentina,ARG,Estación Aráoz y Tacanas,Comuna,Local,2,Tucumán,Estación Aráoz y Tacanas,4346,2022,0,0.05010706638115631,0.1671270718232044,0.2695035460992908,0.6269477543538039,0.6431273644388399,0.4350567465321564,0.9861286254728878,0.09473684210526316,0.15789473684210523,0.07017543859649122,0.5863808322824716,0.3778677462887989,0.00271903323262839,0.01117824773413897,0.12484237074401008,0.9003783102143758,1,796
ARG900568301,América del Sur,Argentina,ARG,Las Talas,Comuna,Local,2,Tucumán,Las Talas,753,2022,1,0.02134146341463414,0.2545931758530184,0.4072727272727273,0.721830985915493,0.7956521739130434,0.41739130434782606,0.991304347826087,0.04100946372239748,0.07142857142857142,0.02439024390243902,0.5646551724137931,0.6650943396226415,0,0.00329670329670329,0.16521739130434782,0.8347826086956521,1,232
ARG900568308,América del Sur,Argentina,ARG,Los Gómez,Comuna,Local,2,Tucumán,Los Gómez,2036,2022,0,0.05828779599271402,0.06468716861081654,0.21996879875195008,0.5178571428571429,0.3321616871704745,0.23550087873462217,0.9876977152899824,0.11583011583011583,0.1276595744680851,0.11140583554376658,0,0.4553990610328638,0,0,0.02987697715289982,0.8541300527240774,1,569
ARG900568315,América del Sur,Argentina,ARG,Los Puestos,Comuna,Local,2,Tucumán,Los Puestos,3877,2022,0,0.06095325389550871,0.12015810276679842,0.2597254004576659,0.6267748478701826,0.4094387755102041,0.25637755102040816,0.965561224489796,0.11005917159763312,0.1277533039647577,0.10355987055016182,0,0.45802650957290136,0.00611916264090177,0.00998389694041868,0.07015306122448979,0.8635204081632653,1,784
ARG900568322,América del Sur,Argentina,ARG,Manuel García Fernández,Comuna,Local,2,Tucumán,Manuel García Fernández,1948,2022,0.99999999998335,0.02047413793103448,0.2582236842105263,0.47961630695443647,0.7631578947368421,0.8100890207715133,0.6676557863501484,0.9881305637982196,0.05394990366088632,0.085,0.03448275862068965,0.7418397626112759,1,0.00305810397553516,0.01146788990825688,0.17507418397626112,0.7863501483679525,1,337
ARG900568329,América del Sur,Argentina,ARG,Quilmes y Los Sueldos,Comuna,Local,2,Tucumán,Quilmes y Los Sueldos,7626,2022,0,0.03074924209614551,0.2336481287163344,0.3818093385214007,0.722820763956905,0.8413615928066794,0.548490687219011,0.9922928709055876,0.0800530738611234,0.11847133757961784,0.05962059620596206,0.4849068721901092,0.42762063227953406,0.00124185035703197,0.00279416330332194,0.1573538856775851,0.861271676300578,1,1557
ARG900568336,América del Sur,Argentina,ARG,Río Colorado,Comuna,Local,2,Tucumán,Río Colorado,3781,2022,0,0.03880070546737213,0.1771682727946627,0.33607399794450155,0.7099009900990099,0.6566416040100251,0.44611528822055135,0.974937343358396,0.06130268199233716,0.09174311926605504,0.04741980474198047,0.4523809523809524,0.32555425904317387,0,0.0059116365899191,0.11278195488721804,0.8659147869674185,1,799
ARG900568343,América del Sur,Argentina,ARG,Santa Rosa de Leales y Laguna Blanca,Comuna,Local,2,Tucumán,Santa Rosa de Leales y Laguna Blanca,7397,2022,0,0.04276101584545257,0.2235594456601021,0.3206772703950744,0.669157947184853,0.4751728472658705,0.35889377749842866,0.9798868636077938,0.11077235772357724,0.1424,0.0960536113179449,0.3752357008170962,0.38413361169102295,9.468202619536e-4,0.00189364052390721,0.12947831552482716,0.847894406033941,1,1593
ARG900568350,América del Sur,Argentina,ARG,Villa de Leales,Comuna,Local,2,Tucumán,Villa de Leales,4021,2022,0,0.05504587155963303,0.2106413994169096,0.35010266940451745,0.7217973231357553,0.6616915422885572,0.3383084577114428,0.9701492537313434,0.0948905109489051,0.1348973607038123,0.07682119205298013,0.49129353233830847,0.37804878048780494,0.00124031007751938,0.00341085271317829,0.09577114427860696,0.8470149253731343,1,805
ARG900630077,América del Sur,Argentina,ARG,San Isidro de Lules,Municipio,Local,2,Tucumán,San Isidro de Lules,37524,2022,0.9434395000498954,0.0273834600238117,0.3524824724567177,0.48825453464168894,0.7934449663059016,0.9767693138843868,0.7363587250135063,0.9900054024851432,0.06497597857761676,0.09845716605765328,0.04375241281688328,0.888453747467927,0.2965618860510805,0.00131254601914396,0.01232512725293722,0.2941653160453809,0.834819016747704,1,7415
ARG900638357,América del Sur,Argentina,ARG,El Manantial,Comuna,Local,2,Tucumán,El Manantial,21187,2022,0.9888563122563988,0.01915330867242088,0.3941124222814364,0.5202363896848138,0.8077207240487625,0.8772906518209233,0.7369519832985386,0.9928090930178614,0.074745809288266,0.09948364888123924,0.05831237136976904,0.8109487357921595,0.24933180603283697,0.00420359009316064,0.01550783912747103,0.33402922755741127,0.8336812804453723,1,4312
ARG900638364,América del Sur,Argentina,ARG,San Felipe y Santa Bárbara,Comuna,Local,2,Tucumán,San Felipe y Santa Bárbara,4546,2022,0.999999999806862,0.033050263943080103,0.2272268907563025,0.41926209870627695,0.8088737201365188,0.8796610169491526,0.376271186440678,0.9898305084745762,0.09234411996842937,0.13942857142857143,0.06751054852320675,0.6587570621468927,0.2617489589530042,0.0010990520675917,0.00769336447314191,0.13728813559322034,0.8005649717514124,1,1772
ARG900638371,América del Sur,Argentina,ARG,San Pablo y Villa Nougués,Comuna,Local,2,Tucumán,San Pablo y Villa Nougués,16109,2022,0.9033841056622758,0.02518921475875118,0.304904831625183,0.4657819411917773,0.7645970937912814,0.7847612359550562,0.4785814606741573,0.9849016853932584,0.08134073441502988,0.1122905027932961,0.06219765031098825,0.7827307827307828,0.23268853378188956,0.00277505713352922,0.03150506039830231,0.2349016853932584,0.8096910112359551,1,2852
ARG900700084,América del Sur,Argentina,ARG,Monteros,Municipio,Local,2,Tucumán,Monteros,32011,2022,0,0.01924317351107288,0.5470940170940171,0.5311316287878788,0.7486637821328582,0.98194674289152994,0.7799007070859034,0.9957875733413568,0.0665380906460945,0.08669489636728327,0.0511643719190889,0.9383273164861612,0.4551790106586499,7.4944777532344e-4,0.0059561375828337,0.356401384083045,0.8275913946141116,1,6653
ARG900708378,América del Sur,Argentina,ARG,Acheral,Comuna,Local,2,Tucumán,Acheral,5041,2022,0,0.03508771929824561,0.26401869158878505,0.3539325842696629,0.6933438985736925,0.8279022403258656,0.4195519348268839,0.9826883910386964,0.05851063829787234,0.07936507936507936,0.048,0.6771894093686355,0.28055555555555556,0.00148148148148148,0.00716049382716049,0.1690427698574338,0.8319755600814664,1,983
ARG900708385,América del Sur,Argentina,ARG,Amberes,Comuna,Local,2,Tucumán,Amberes,1358,2022,0,0.0516826923076923,0.16411378555798686,0.27134146341463417,0.6155988857938719,0.5592105263157895,0.3947368421052631,0.9769736842105264,0.08064516129032258,0.10112359550561796,0.07239819004524888,0.03289473684210526,0.3133047210300429,0,0.00442477876106194,0.08223684210526316,0.7697368421052632,1,304
ARG900708392,América del Sur,Argentina,ARG,Capitán Cáceres,Comuna,Local,2,Tucumán,Capitán Cáceres,1065,2022,0,0.04158415841584158,0.21981424148606812,0.3690987124463519,0.7792792792792793,0.9298245614035088,0.6198830409356724,0.9883040935672514,0.06563706563706563,0.09302325581395347,0.05202312138728324,0.8421052631578947,0.31063829787234043,0,0,0.11695906432748536,0.8713450292397661,1,171
ARG900708399,América del Sur,Argentina,ARG,El Cercado,Comuna,Local,2,Tucumán,El Cercado,1788,2022,0,0.02707006369426751,0.19922380336351875,0.42115027829313545,0.8,0.3394919168591224,0.28175519630484985,0.979214780600462,0.02604920405209841,0.03964757709251101,0.01939655172413793,0.1362586605080831,0.21166666666666667,0,0.00774764803541782,0.08314087759815242,0.8314087759815243,1,433
ARG900708406,América del Sur,Argentina,ARG,León Rouges y Santa Rosa,Comuna,Local,2,Tucumán,León Rouges y Santa Rosa,9935,2022,0,0.02923794712286158,0.2470737913486005,0.3731123388581952,0.7529162248144221,0.740506329113924,0.3575949367088608,0.9805605786618444,0.07381482659879096,0.1283316880552813,0.04788732394366197,0.4130140081337551,0.2178257394084732,0.00111906893464637,0.00313339301700984,0.14195298372513562,0.8137432188065099,1,2214
ARG900708413,América del Sur,Argentina,ARG,Los Sosa,Comuna,Local,2,Tucumán,Los Sosa,792,2022,0,0.07747933884297521,0.17128027681660898,0.5160493827160494,0.8080357142857143,0.7907608695652174,0.328804347826087,0.9239130434782608,0.07705779334500876,0.10047846889952151,0.06353591160220995,0,0.271047227926078,7.097232079489e-4,0.0106458481192335,0.09782608695652174,0.75,1,368
ARG900708420,América del Sur,Argentina,ARG,Río Seco,Comuna,Local,2,Tucumán,Río Seco,7630,2022,0.7372656868358437,0.02632202987906094,0.3841509433962264,0.3990561090718406,0.7575757575757576,0.9931459904043866,0.7025359835503769,0.9904043865661412,0.0981027302174919,0.17345597897503284,0.05714285714285714,0.8382453735435229,0.28907664453832227,0.00332944897619444,0.00432828366905277,0.25222755311857437,0.8163125428375599,1,1459
ARG900708427,América del Sur,Argentina,ARG,Santa Lucía,Comuna,Local,2,Tucumán,Santa Lucía,7534,2022,0,0.03819604233778187,0.21688115064345193,0.39969293756397134,0.7916666666666666,0.9329829172141918,0.5177398160315374,0.9862023653088042,0.04232578024796921,0.07042253521126761,0.02824133504492939,0.7779237844940867,0.22063037249283668,3.1491103763186e-4,0.01621791843804125,0.1557161629434954,0.7549277266754271,1,1526
ARG900708434,América del Sur,Argentina,ARG,Sargento Moya,Comuna,Local,2,Tucumán,Sargento Moya,736,2022,0,0.05063291139240506,0.11278195488721804,0.4581005586592179,0.8677248677248677,0.900709219858156,0.3617021276595745,0.9787234042553192,0.07317073170731707,0.14634146341463414,0.03658536585365853,0.9219858156028368,0.2798165137614679,0,0.00840336134453781,0.07092198581560284,0.8368794326241135,1,142
ARG900708441,América del Sur,Argentina,ARG,Soldado Maldonado,Comuna,Local,2,Tucumán,Soldado Maldonado,1169,2022,0,0.01808318264014466,0.14049586776859505,0.4141791044776119,0.8185483870967742,0.9782608695652174,0.5978260869565216,0.9836956521739132,0.02547770700636942,0.05405405405405406,0.00985221674876847,1,0.16382252559726962,0,0,0.15217391304347827,0.875,1,185
ARG900708448,América del Sur,Argentina,ARG,Teniente Berdina,Comuna,Local,2,Tucumán,Teniente Berdina,1265,2022,0,0.03703703703703703,0.16876574307304787,0.34686346863468637,0.7639344262295082,0.7808219178082192,0.452054794520548,0.9908675799086756,0.04892966360856269,0.09574468085106384,0.03004291845493562,0.908675799086758,0.23,0.0106951871657754,0.0106951871657754,0.0867579908675799,0.863013698630137,1,220
ARG900708455,América del Sur,Argentina,ARG,Villa Quinteros,Comuna,Local,2,Tucumán,Villa Quinteros,7145,2022,5.6741217339812e-4,0.03097345132743362,0.34539335296592344,0.4187391555812609,0.7780373831775701,0.978494623655914,0.6298003072196621,0.9861751152073732,0.05009727626459144,0.06767955801104972,0.04054054054054054,0.4477726574500768,0.3194945848375451,0.00671262699564586,0.00362844702467344,0.21044546850998463,0.8248847926267281,1,1303
ARG900770091,América del Sur,Argentina,ARG,Aguilares,Municipio,Local,2,Tucumán,Aguilares,40634,2022,0.01653130728172073,0.02473979183346677,0.45726029156765785,0.4716613531703861,0.7452358926919519,0.965184849172148,0.796552506237242,0.9931957359945566,0.07203706471379465,0.09969958693203154,0.05374875868917577,0.9275345883420276,0.37198795180722893,0.00173902962147121,0.00423163874557996,0.3263778634611023,0.8476978906781583,1,8826
ARG900778462,América del Sur,Argentina,ARG,El Polear y Los Córdoba,Comuna,Local,2,Tucumán,El Polear y Los Córdoba,1260,2022,0,0.04638472032742155,0.17535545023696683,0.29553264604810997,0.7341040462427746,0.5220883534136547,0.5903614457831325,0.9839357429718876,0.04411764705882353,0.09302325581395347,0.02755905511811023,0,0.2693726937269373,0,9.794319294809e-4,0.08835341365461848,0.8634538152610441,1,249
ARG900778469,América del Sur,Argentina,ARG,Los Sarmiento y La Tipa,Comuna,Local,2,Tucumán,Los Sarmiento y La Tipa,6763,2022,0,0.04158464566929134,0.2427580579355365,0.3474623535973229,0.7836322869955157,0.8574423480083857,0.4807826694619147,0.9839273235499651,0.04849084611578427,0.07704654895666131,0.0357653791130186,0.589098532494759,0.26601307189542484,3.3495226930162e-4,0.00301457042371462,0.1453529000698812,0.7840670859538784,1,1433
ARG900778476,América del Sur,Argentina,ARG,Monte Bello,Comuna,Local,2,Tucumán,Monte Bello,911,2022,0,0.05031446540880503,0.12142857142857144,0.3626943005181347,0.7945205479452054,0.4352941176470588,0.6470588235294118,0.9823529411764704,0.05327868852459016,0.14285714285714285,0.01724137931034482,0.40588235294117647,0.2638888888888889,0,0.00425531914893617,0.08823529411764706,0.8647058823529412,1,170
ARG900778483,América del Sur,Argentina,ARG,Santa Ana,Comuna,Local,2,Tucumán,Santa Ana,15009,2022,0,0.03141032352633232,0.2317334652812139,0.4065353195579048,0.7360248447204969,0.8981998758535071,0.48448168839230293,0.9835505896958412,0.08283433133732535,0.12825059101654843,0.05967450271247739,0.5763500931098696,0.256804435483871,0.00144938038988332,0.00195666352634248,0.1340782122905028,0.7942271880819367,1,3225
ARG900840014,América del Sur,Argentina,ARG,San Miguel de Tucumán,Municipio,Local,2,Tucumán,San Miguel de Tucumán,598835,2022,0.9999999999830984,0.01810098598077543,0.5604650440105967,0.5621901214054082,0.7882291304885299,0.9837401101887704,0.8449103122462538,0.9970607380366,0.080247249640893345,0.10255041235639031,0.06277725500739346,0.9320553166077312,0.3538906380517895,0.00261097080807272,0.0104111323789492,0.4510357878631297,0.8296905722165927,1,149206
ARG900910098,América del Sur,Argentina,ARG,Simoca,Municipio,Local,2,Tucumán,Simoca,13221,2022,0,0.02303030303030303,0.4831730769230769,0.5307947019867549,0.7320659971305595,0.9528301886792452,0.7135506003430532,0.997427101200686,0.05790340285400659,0.06986899563318777,0.04850563449289564,0.8962264150943396,0.6305267204921184,3.2970656116056e-4,0.00461589185624793,0.2847341337907376,0.8563464837049742,1,2334
ARG900918490,América del Sur,Argentina,ARG,Atahona,Comuna,Local,2,Tucumán,Atahona,1883,2022,0,0.0423728813559322,0.09861325115562404,0.23897911832946636,0.5414258188824663,0.3638392857142857,0.2834821428571429,0.9620535714285716,0.03125,0.05825242718446602,0.02135231316725978,0.265625,0.3682170542635659,0.00124146492861576,0.00931098696461825,0.06919642857142858,0.8348214285714286,1,448
ARG900918497,América del Sur,Argentina,ARG,Buena Vista,Comuna,Local,2,Tucumán,Buena Vista,2894,2022,0,0.0685785536159601,0.12012987012987011,0.24471299093655588,0.6216216216216216,0.33752244165170553,0.11669658886894076,0.9658886894075404,0.04340567612687813,0.06790123456790123,0.03432494279176201,0.01077199281867145,0.3780487804878049,0.00129982668977469,0,0.03411131059245961,0.7755834829443446,1,557
ARG900918504,América del Sur,Argentina,ARG,Ciudacita,Comuna,Local,2,Tucumán,Ciudacita,1192,2022,0,0.06470588235294118,0.12244897959183672,0.302158273381295,0.7064846416382252,0.225,0.3958333333333333,0.9791666666666669,0.13058419243986255,0.21428571428571427,0.0966183574879227,0,0.4705882352941176,0.01038421599169262,0,0.075,0.825,1,240
ARG900918511,América del Sur,Argentina,ARG,Manuela Pedraza,Comuna,Local,2,Tucumán,Manuela Pedraza,1480,2022,0,0.05217391304347826,0.2042360060514372,0.3970276008492569,0.6871401151631478,0.6895674300254453,0.4147582697201018,0.9669211195928752,0.09724770642201835,0.1497326203208556,0.06983240223463687,0.26463104325699743,0.4530120481927711,0,0.00183038438071995,0.06615776081424936,0.811704834605598,1,393
ARG900918518,América del Sur,Argentina,ARG,Monteagudo,Comuna,Local,2,Tucumán,Monteagudo,2869,2022,0,0.07338444687842278,0.14258188824662812,0.3356741573033708,0.607940446650124,0.48158640226628896,0.3470254957507082,0.8937677053824362,0.13031550068587106,0.16736401673640167,0.11224489795918367,0.26345609065155806,0.4210526315789474,0,0.00114547537227949,0.0764872521246459,0.7917847025495751,1,707
ARG900918525,América del Sur,Argentina,ARG,Pampa Mayo,Comuna,Local,2,Tucumán,Pampa Mayo,1698,2022,0,0.05576208178438661,0.12073490813648294,0.25868725868725867,0.5798319327731093,0.1206896551724138,0.2025862068965517,0.9762931034482758,0.08768267223382047,0.09701492537313432,0.08405797101449275,0,0.4011299435028249,0,0.00328587075575027,0.0668103448275862,0.8232758620689655,1,464
ARG900918532,América del Sur,Argentina,ARG,Río Chico y Nueva Trinidad,Comuna,Local,2,Tucumán,Río Chico y Nueva Trinidad,2243,2022,0,0.03476245654692932,0.06286836935166994,0.2073732718894009,0.5693606755126659,0.35340729001584786,0.13629160063391443,0.9381933438985736,0.1169686985172982,0.1259259259259259,0.11440677966101696,0,0.2523584905660377,0,0.00367947669664758,0.03011093502377179,0.8256735340729001,1,631
ARG900918539,América del Sur,Argentina,ARG,San Pedro y San Antonio,Comuna,Local,2,Tucumán,San Pedro y San Antonio,2115,2022,0,0.04272801972062449,0.08180535966149506,0.23504273504273504,0.6432532347504621,0.11032863849765258,0.29577464788732394,0.9812206572769951,0.05895196506550218,0.09090909090909093,0.04885057471264368,0,0.4022140221402214,0,0.00776119402985074,0.05633802816901408,0.8380281690140845,1,426
ARG900918546,América del Sur,Argentina,ARG,Santa Cruz y La Tuna,Comuna,Local,2,Tucumán,Santa Cruz y La Tuna,2188,2022,0,0.06483957219251336,0.08222490931076179,0.2026578073089701,0.6030075187969924,0.66796875,0.30078125,0.953125,0.07648183556405354,0.1885245901639344,0.04239401496259352,0.0234375,0.31976744186046513,0,0.0110576923076923,0.044921875,0.75390625,1,512
ARG900918553,América del Sur,Argentina,ARG,Villa Chicligasta,Comuna,Local,2,Tucumán,Villa Chicligasta,2620,2022,0,0.12427325581395347,0.04775280898876404,0.23844731977818853,0.4669887278582931,0.3988439306358382,0.14643545279383427,0.9730250481695568,0.15274463007159905,0.18604651162790695,0.13793103448275862,0.04238921001926782,0.4453125,0.00141776937618147,9.4517958412098e-4,0.00963391136801541,0.651252408477842,1,519
ARG900918560,América del Sur,Argentina,ARG,Yerba Buena,Comuna,Local,2,Tucumán,Yerba Buena,2543,2022,0,0.06887201735357917,0.18048780487804875,0.28064992614475626,0.5717791411042945,0.03703703703703703,0.24691358024691357,0.9645061728395062,0.04573170731707317,0.02631578947368421,0.0536480686695279,0.04320987654320987,0.397196261682243,0.00320769847634322,0.00521251002405773,0.05092592592592592,0.7947530864197531,1,648
ARG900980105,América del Sur,Argentina,ARG,Tafí del Valle,Municipio,Local,2,Tucumán,Tafí del Valle,8785,2022,0,0.03782051282051282,0.24644549763033177,0.5061728395061729,0.8482142857142857,0.9504862953138816,0.35101679929266133,0.9796640141467728,0.0378619153674833,0.06097560975609756,0.02456140350877193,0.8938992042440318,0.3333333333333333,0.00201838977349181,0.22964790311729089,0.23430592396109637,0.8603006189213086,1,1160
ARG900988567,América del Sur,Argentina,ARG,Amaicha del Valle,Comuna,Local,2,Tucumán,Amaicha del Valle,4310,2022,0,0.03362445414847161,0.3662974683544304,0.5064377682403434,0.8057324840764332,0.8475540386803185,0.5972696245733788,0.9146757679180888,0.06742485783915515,0.08898305084745763,0.05401844532279315,0.7102272727272727,0.5478723404255319,6.1406202026404e-4,0.5937979735953332,0.23321956769055743,0.7952218430034129,1,899
ARG900988574,América del Sur,Argentina,ARG,Colalao del Valle,Comuna,Local,2,Tucumán,Colalao del Valle,2253,2022,0,0.04637247569184742,0.2303448275862069,0.4607645875251509,0.6564625850340136,0.5357798165137615,0.326605504587156,0.8,0.05040650406504065,0.06550218340611354,0.04145077720207254,0.4220183486238532,0.5526932084309134,0.00214247455811462,0.4579539367970005,0.12477064220183488,0.7302752293577982,1,549
ARG900988581,América del Sur,Argentina,ARG,El Mollar,Comuna,Local,2,Tucumán,El Mollar,7034,2022,0,0.06382275132275132,0.1389811738648948,0.3751987281399046,0.8098384728340675,0.7104580812445982,0.35522904062229904,0.9559204840103718,0.04,0.07203389830508475,0.02629193109700816,0.5738980121002593,0.3674339300937767,0.00322729368372521,0.3812816966343937,0.14520311149524634,0.8115816767502161,1,1159
ARG901050112,América del Sur,Argentina,ARG,Las Talitas,Municipio,Local,2,Tucumán,Las Talitas,69586,2022,0.9999999999915796,0.01681541844522054,0.37302657675525586,0.5460313926305244,0.7966864040081986,0.8797912005965697,0.5842654735272186,0.9972408650261,0.09061882955929924,0.1307849133537207,0.06245980132923604,0.9292319164802386,0.33017713365539453,0.00211644007604835,0.00581124224270904,0.3043251304996271,0.8202833706189411,1,13410
ARG901050119,América del Sur,Argentina,ARG,Tafí Viejo,Municipio,Local,2,Tucumán,Tafí Viejo,85548,2022,0.9919590946384016,0.0177025256288379,0.4935691970625229,0.5355918871846733,0.7976362759286059,0.94657265392164,0.7660100312568147,0.9965835574616558,0.087342383902289,0.12336095667680688,0.06138494103416994,0.9055753434615104,0.3959500764136526,0.00172771250863856,0.01118466518750227,0.3997964672530348,0.8358653776259359,1,13764
ARG901058588,América del Sur,Argentina,ARG,Raco,Comuna,Local,2,Tucumán,Raco,4505,2022,0,0.04626506024096386,0.18306451612903227,0.3961840628507295,0.7958740499457112,0.6097560975609756,0.21544715447154472,0.9254742547425474,0.04788213627992634,0.0821529745042493,0.03137789904502047,0.551490514905149,0.29178470254957506,0,0.05631129389433723,0.1043360433604336,0.7628726287262872,1,738
ARG901058595,América del Sur,Argentina,ARG,Anca Juli,Comuna,Local,2,Tucumán,Anca Juli,370,2022,0,0.07251908396946564,0.01265822784810126,0.3564356435643564,0.584,0.25882352941176473,0.02352941176470588,0.8941176470588236,0.07339449541284404,0.1111111111111111,0.0547945205479452,0.04705882352941176,0.7945205479452054,0,0.31851851851851853,0,0.4823529411764706,1,85
ARG901058602,América del Sur,Argentina,ARG,El Cadillal,Comuna,Local,2,Tucumán,El Cadillal,2976,2022,0.4310943296881921,0.02478314745972738,0.23863636363636365,0.5,0.8552631578947368,0.8673139158576051,0.5533980582524272,0.9870550161812298,0.05304518664047151,0.11413043478260868,0.01846153846153846,0.7152103559870551,0.49258160237388726,0.00671704450041981,0.03022670025188916,0.17475728155339806,0.9093851132686084,1,309
ARG901058609,América del Sur,Argentina,ARG,La Esperanza,Comuna,Local,2,Tucumán,La Esperanza,1905,2022,0.8901401143452758,0.05128205128205128,0.1148936170212766,0.4024390243902439,0.868020304568528,0.7153284671532847,0.16058394160583944,0.9854014598540146,0.1350210970464135,0.09090909090909093,0.152046783625731,0.5255474452554745,0.33742331288343563,0,0.00169204737732656,0.12408759124087591,0.8321167883211679,1,137
ARG901058616,América del Sur,Argentina,ARG,Los Nogales,Comuna,Local,2,Tucumán,Los Nogales,7987,2022,0.9764463238555612,0.03919978372533117,0.2707535121328225,0.450368689733409,0.8146603098927294,0.6787603930461074,0.47619047619047616,0.984126984126984,0.0939379916705229,0.1486146095717884,0.06217995610826628,0.41723356009070295,0.22695035460992907,0.00239631336405529,0.01880184331797235,0.21239606953892667,0.8337112622826909,1,1324
ARG901120126,América del Sur,Argentina,ARG,Trancas,Municipio,Local,2,Tucumán,Trancas,10908,2022,0,0.0377117872107852,0.29142684035140864,0.4475839475839476,0.7815473727761688,0.87789872219593,0.5655466161855182,0.9498343587316612,0.06572769953051644,0.09606587374199452,0.04817363684489147,0.7969711310932324,0.4424122590212556,0.00157042763952645,0.02222759120560522,0.1926171320397539,0.8419309039280644,1,2117
ARG901128623,América del Sur,Argentina,ARG,Choromoro,Comuna,Local,2,Tucumán,Choromoro,3458,2022,0,0.03725205611998065,0.1475,0.37696969696969695,0.7258566978193146,0.5629820051413882,0.3123393316195373,0.8560411311053985,0.0594059405940594,0.08038585209003216,0.05007153075822604,0.2390745501285347,0.3141524105754277,0.00254695956701687,0.16809933142311365,0.07969151670951156,0.6838046272493573,1,778
ARG901128630,América del Sur,Argentina,ARG,San Pedro de Colalao,Comuna,Local,2,Tucumán,San Pedro de Colalao,6860,2022,0,0.04017555705604321,0.2553827751196172,0.4978687127024723,0.7888100866824271,0.7929883138564273,0.3806343906510851,0.8864774624373957,0.05362776025236593,0.08732876712328767,0.03396603396603397,0.6828046744574291,0.3057517658930373,0.00319124686573968,0.08069295646227491,0.15275459098497496,0.7579298831385642,1,1210
ARG901128637,América del Sur,Argentina,ARG,Tapia,Comuna,Local,2,Tucumán,Tapia,2212,2022,0,0.05014749262536873,0.12396694214876032,0.4116279069767442,0.8447937131630648,0.5653409090909092,0.26136363636363635,0.9431818181818182,0.03953871499176276,0.06779661016949153,0.02790697674418604,0.21875,0.24503311258278143,6.3897763578274e-4,0.03514376996805112,0.10227272727272728,0.8494318181818182,1,352
ARG901190133,América del Sur,Argentina,ARG,Yerba Buena,Municipio,Local,2,Tucumán,Yerba Buena,82129,2022,0.9861647460969256,0.02076703674893336,0.6333551769331586,0.5922158113169349,0.8093488793057552,0.827681660899654,0.7485813148788928,0.9996539792387544,0.06055086793294428,0.08862490385437143,0.03894224444152085,0.9444982698961938,0.36889524046228406,0.00455432661027976,0.01260144505701469,0.5802076124567475,0.8665051903114187,1,14461
ARG901198644,América del Sur,Argentina,ARG,Cevil Redondo,Comuna,Local,2,Tucumán,Cevil Redondo,21524,2022,0.988154737089281,0.01459135260943514,0.5178361426891415,0.552491266776981,0.8167137666532095,0.8061804697156983,0.6363411619283066,0.996538936959209,0.0799886540916182,0.12079866888519136,0.04967869500741473,0.6756489493201483,0.34651600753295664,0.0034777303233679,0.01397193410616229,0.44326328800988873,0.8734239802224969,1,4045
ARG901198651,América del Sur,Argentina,ARG,San Javier,Comuna,Local,2,Tucumán,San Javier,1249,2022,0,0.02590673575129533,0.17592592592592593,0.4166666666666667,0.8481012658227848,0.8923076923076924,0.5538461538461539,0.8615384615384616,0.03092783505154639,0.1,0,0.7384615384615385,0.7,0,0.00354609929078014,0.12307692307692308,0.8,1,66
"ARG94,América del Sur,Argentina,ARG,""Tierra del Fuego, Antártida e Islas del Atlántico Sur"",Provincia,Regional,1,""Tierra del Fuego, Antártida e Islas del Atlántico Sur"",NA,185732,2022,NA,0.00600777734084851,0.5465066843025178,0.6966077166474527,0.876186507385285,0.8937644943586002,0.8286994814602495,0.991609557808062,0.06762672463243063,0.09852112676056338,0.04444327009459388,0.8821690074784376,0.3614261345530208,0.00523556062478218,0.02822133510756265,0.6749094509732392,0.9593767100085988,1,38596"
"ARG940080007,América del Sur,Argentina,ARG,Río Grande,Municipio,Local,2,""Tierra del Fuego, Antártida e Islas del Atlántico Sur"",Río Grande,98443,2022,0.8100132328269647,0.00540281959647691,0.5553425204713401,0.7014746433281381,0.8798206278026905,0.9851344013032854,0.9211240836274776,0.9940944881889764,0.06965211795434757,0.10297385062382498,0.04315324498810737,0.948683138745588,0.27269359021859946,0.00394993971144651,0.02168309010020373,0.7466739071409177,0.97189790931306,1,14750"
"ARG940110021,América del Sur,Argentina,ARG,Tolhuin,Municipio,Local,2,""Tierra del Fuego, Antártida e Islas del Atlántico Sur"",Tolhuin,5836,2022,0,0.00801321767864518,0.4436741767764298,0.5995607613469985,0.8739897740392545,0.9715387440323172,0.7282409107601909,0.9911861917003304,0.06192419825072886,0.11477411477411475,0.0292508020381204,0.9450973191333089,0.5046581972171809,0.00520974656753676,0.04319748195582569,0.6024605214836577,0.9682335659199413,1,5460"
"ARG940150014,América del Sur,Argentina,ARG,Ushuaia,Municipio,Local,2,""Tierra del Fuego, Antártida e Islas del Atlántico Sur"",Ushuaia,79538,2022,0.9498338147214964,0.00546031433701453,0.5792547474023647,0.7213014119091468,0.8671736918215415,0.8561729497945327,0.7994163539991662,0.995950211422786,0.07109493062233824,0.0920696324951644,0.05435118275585202,0.828360431183372,0.410702622002426,0.00666174537728885,0.02796132586737725,0.6683937823834197,0.9718897028169852,1,16916"
